period_start,period_end,ticker,stock_entry,strike,premium,premium_pct,active_slot,n_signals_period,weight_pct,capital_alloc_per_$100,stock_expiry,stock_move_pct,option_payoff_at_expiry,pnl_dollar_per_share,pnl_pct_of_stock,contribution_to_portfolio_pct
2020-10-05,2020-10-30,ABT,108.56,109.0,3.92,3.6109,1,12,3.3333333333333335,3.3333333333333335,107.48,-0.99,0.0,-3.92,-3.6109,-0.120363
2020-10-05,2020-10-30,AVGO,366.1,365.0,11.25,3.0729,1,12,3.3333333333333335,3.3333333333333335,351.25,-4.06,0.0,-11.25,-3.0729,-0.10243
2020-10-05,2020-10-30,BX,54.29,54.0,1.9,3.4997,1,12,3.3333333333333335,3.3333333333333335,51.33,-5.45,0.0,-1.9,-3.5089,-0.116963
2020-10-05,2020-10-30,CMCSA,45.81,46.0,2.07,4.5187,1,12,3.3333333333333335,3.3333333333333335,41.4,-9.63,0.0,-2.07,-4.5078,-0.15026
2020-10-05,2020-10-30,COST,358.58,357.5,8.28,2.3091,1,12,3.3333333333333335,3.3333333333333335,364.39,1.62,6.89,-1.39,-0.3876,-0.01292
2020-10-05,2020-10-30,KO,49.38,49.5,1.39,2.8149,1,12,3.3333333333333335,3.3333333333333335,48.62,-1.54,0.0,-1.39,-2.8149,-0.09383
2020-10-05,2020-10-30,NKE,127.91,128.0,4.12,3.221,1,12,3.3333333333333335,3.3333333333333335,122.39,-4.32,0.0,-4.12,-3.2249,-0.107497
2020-10-05,2020-10-30,NOW,501.79,500.0,31.0,6.1779,1,12,3.3333333333333335,3.3333333333333335,476.0,-5.14,0.0,-31.0,-6.1789,-0.205963
2020-10-05,2020-10-30,ORCL,59.56,59.5,1.79,3.0054,1,12,3.3333333333333335,3.3333333333333335,56.45,-5.22,0.0,-1.79,-3.0054,-0.10018
2020-10-05,2020-10-30,PG,139.39,139.0,3.61,2.5899,1,12,3.3333333333333335,3.3333333333333335,138.5,-0.64,0.0,-3.61,-2.5863,-0.08621
2020-10-05,2020-10-30,UNH,318.15,317.5,9.68,3.0426,1,12,3.3333333333333335,3.3333333333333335,312.1,-1.9,0.0,-9.68,-3.041,-0.101367
2020-10-05,2020-10-30,WFC,24.45,24.5,1.18,4.8262,1,12,3.3333333333333335,3.3333333333333335,21.9,-10.43,0.0,-1.18,-4.8466,-0.161553
2020-11-02,2020-11-27,ABBV,88.25,88.0,3.02,3.4221,1,7,3.3333333333333335,3.3333333333333335,104.89,18.86,16.89,13.88,15.7224,0.52408
2020-11-02,2020-11-27,COST,364.39,365.0,13.4,3.6774,1,7,3.3333333333333335,3.3333333333333335,388.39,6.59,23.39,9.99,2.7402,0.09134
2020-11-02,2020-11-27,GOOG,1626.03,1625.0,63.29,3.8923,1,7,3.3333333333333335,3.3333333333333335,1793.2,10.28,168.2,104.91,6.4519,0.215063
2020-11-02,2020-11-27,GOOGL,1624.32,1625.0,78.24,4.8168,1,7,3.3333333333333335,3.3333333333333335,1787.0,10.02,162.0,83.76,5.1566,0.171887
2020-11-02,2020-11-27,JPM,100.25,100.0,3.97,3.9601,1,7,3.3333333333333335,3.3333333333333335,121.22,20.92,21.22,17.24,17.202,0.5734
2020-11-02,2020-11-27,QCOM,123.97,124.0,8.01,6.4612,1,7,3.3333333333333335,3.3333333333333335,143.83,16.02,19.83,11.82,9.5305,0.317683
2020-11-02,2020-11-27,XOM,33.99,34.0,2.14,6.296,1,7,3.3333333333333335,3.3333333333333335,40.19,18.24,6.19,4.05,11.9006,0.396687
2020-12-28,2021-01-22,AAPL,136.69,137.0,5.35,3.914,1,34,3.3333333333333335,3.3333333333333335,142.92,4.56,5.92,0.56,0.4133,0.013777
2020-12-28,2021-01-22,ABBV,103.45,103.0,2.86,2.7646,1,34,3.3333333333333335,3.3333333333333335,110.5,6.81,7.5,4.64,4.4901,0.14967
2020-12-28,2021-01-22,ABT,107.79,108.0,3.4,3.1543,1,34,3.3333333333333335,3.3333333333333335,114.72,6.43,6.72,3.32,3.0754,0.102513
2020-12-28,2021-01-22,AMZN,3283.96,3285.0,101.52,3.0914,1,34,3.3333333333333335,3.3333333333333335,3294.0,0.31,9.0,-92.52,-2.8173,-0.09391
2020-12-28,2021-01-22,AVGO,431.88,432.5,11.01,2.5493,1,34,3.3333333333333335,3.3333333333333335,464.79,7.62,32.29,21.28,4.9273,0.164243
2020-12-28,2021-01-22,BAC,30.13,30.0,0.89,2.9539,1,34,3.3333333333333335,3.3333333333333335,31.16,3.42,1.16,0.27,0.9127,0.030423
2020-12-28,2021-01-22,BX,64.67,65.0,2.51,3.8812,1,34,3.3333333333333335,3.3333333333333335,64.98,0.48,0.0,-2.51,-3.8735,-0.129117
2020-12-28,2021-01-22,CMCSA,51.11,51.0,1.86,3.6392,1,34,3.3333333333333335,3.3333333333333335,48.97,-4.19,0.0,-1.86,-3.649,-0.121633
2020-12-28,2021-01-22,COST,371.06,370.0,6.65,1.7922,0,34,0.0,0.0,361.88,-2.47,0.0,-6.65,-1.7922,0.0
2020-12-28,2021-01-22,CVX,84.9,85.0,3.15,3.7102,1,34,3.3333333333333335,3.3333333333333335,90.9,7.07,5.9,2.75,3.2391,0.10797
2020-12-28,2021-01-22,DIS,178.86,180.0,6.76,3.7795,1,34,3.3333333333333335,3.3333333333333335,171.89,-3.9,0.0,-6.76,-3.7795,-0.125983
2020-12-28,2021-01-22,GOOG,1776.09,1775.0,81.36,4.5808,1,34,3.3333333333333335,3.3333333333333335,1899.4,6.94,124.4,43.04,2.4236,0.080787
2020-12-28,2021-01-22,GOOGL,1773.96,1775.0,75.42,4.2515,1,34,3.3333333333333335,3.3333333333333335,1892.6,6.69,117.6,42.18,2.3777,0.079257
2020-12-28,2021-01-22,IBM,124.82,125.0,4.19,3.3568,1,34,3.3333333333333335,3.3333333333333335,118.58,-5.0,0.0,-4.19,-3.3568,-0.111893
2020-12-28,2021-01-22,INTU,381.12,377.5,10.84,2.8442,1,34,3.3333333333333335,3.3333333333333335,374.43,-1.76,0.0,-10.84,-2.8442,-0.094807
2020-12-28,2021-01-22,JNJ,153.19,152.5,3.15,2.0563,0,34,0.0,0.0,165.98,8.35,13.48,10.32,6.74,0.0
2020-12-28,2021-01-22,JPM,125.34,125.0,3.93,3.1355,1,34,3.3333333333333335,3.3333333333333335,132.12,5.41,7.12,3.19,2.5451,0.084837
2020-12-28,2021-01-22,KO,54.16,54.0,1.05,1.9387,0,34,0.0,0.0,48.78,-9.93,0.0,-1.05,-1.9387,0.0
2020-12-28,2021-01-22,LLY,166.5,167.5,5.96,3.5796,1,34,3.3333333333333335,3.3333333333333335,212.35,27.54,44.85,38.89,23.3574,0.77858
2020-12-28,2021-01-22,MA,344.47,345.0,10.46,3.0365,1,34,3.3333333333333335,3.3333333333333335,329.19,-4.44,0.0,-10.46,-3.038,-0.101267
2020-12-28,2021-01-22,MRK,80.45,80.5,2.18,2.7098,1,34,3.3333333333333335,3.3333333333333335,81.15,0.87,0.65,-1.53,-1.8956,-0.063187
2020-12-28,2021-01-22,MSFT,224.96,225.0,5.72,2.5427,1,34,3.3333333333333335,3.3333333333333335,229.53,2.03,4.53,-1.19,-0.529,-0.017633
2020-12-28,2021-01-22,NFLX,519.12,520.0,24.94,4.8043,1,34,3.3333333333333335,3.3333333333333335,556.78,7.25,36.78,11.84,2.2808,0.076027
2020-12-28,2021-01-22,NOW,543.74,545.0,20.9,3.8437,1,34,3.3333333333333335,3.3333333333333335,537.88,-1.08,0.0,-20.9,-3.8437,-0.128123
2020-12-28,2021-01-22,NVDA,516.0,515.0,18.87,3.657,1,34,3.3333333333333335,3.3333333333333335,546.13,5.84,31.13,12.26,2.376,0.0792
2020-12-28,2021-01-22,PEP,146.91,147.0,2.76,1.8787,0,34,0.0,0.0,140.18,-4.58,0.0,-2.76,-1.8821,0.0
2020-12-28,2021-01-22,PG,138.68,139.0,5.16,3.7208,1,34,3.3333333333333335,3.3333333333333335,132.24,-4.64,0.0,-5.16,-3.7208,-0.124027
2020-12-28,2021-01-22,QCOM,147.74,148.0,4.38,2.9647,1,34,3.3333333333333335,3.3333333333333335,164.4,11.28,16.4,12.02,8.1359,0.271197
2020-12-28,2021-01-22,TSLA,663.69,662.5,38.71,5.8325,1,34,3.3333333333333335,3.3333333333333335,880.8,32.71,218.3,179.6,27.0601,0.902003
2020-12-28,2021-01-22,UNH,345.95,345.0,14.57,4.2116,1,34,3.3333333333333335,3.3333333333333335,347.81,0.54,2.81,-11.76,-3.4008,-0.11336
2020-12-28,2021-01-22,V,212.63,212.5,4.98,2.3421,1,34,3.3333333333333335,3.3333333333333335,200.98,-5.48,0.0,-4.98,-2.3444,-0.078147
2020-12-28,2021-01-22,WFC,29.93,30.0,1.32,4.4103,1,34,3.3333333333333335,3.3333333333333335,32.24,7.72,2.24,0.92,3.0571,0.101903
2020-12-28,2021-01-22,WMT,145.22,145.0,3.14,2.1622,1,34,3.3333333333333335,3.3333333333333335,146.2,0.67,1.2,-1.94,-1.3359,-0.04453
2020-12-28,2021-01-22,XOM,41.74,41.5,1.4,3.3541,1,34,3.3333333333333335,3.3333333333333335,46.9,12.36,5.4,4.0,9.5831,0.319437
2021-01-25,2021-02-19,AAPL,142.92,143.0,7.44,5.2057,1,26,3.3333333333333335,3.3333333333333335,126.0,-11.84,0.0,-7.44,-5.2057,-0.173523
2021-01-25,2021-02-19,ABBV,110.5,110.0,3.0,2.7149,1,26,3.3333333333333335,3.3333333333333335,107.06,-3.11,0.0,-3.0,-2.7149,-0.090497
2021-01-25,2021-02-19,ABT,114.72,115.0,3.98,3.4693,1,26,3.3333333333333335,3.3333333333333335,122.55,6.83,7.55,3.57,3.1119,0.10373
2021-01-25,2021-02-19,ADBE,473.44,472.5,14.48,3.0585,1,26,3.3333333333333335,3.3333333333333335,467.33,-1.29,0.0,-14.48,-3.0585,-0.10195
2021-01-25,2021-02-19,AMZN,3294.0,3295.0,139.2,4.2259,1,26,3.3333333333333335,3.3333333333333335,3180.74,-3.44,0.0,-139.2,-4.2259,-0.140863
2021-01-25,2021-02-19,AVGO,464.79,465.0,13.76,2.9605,1,26,3.3333333333333335,3.3333333333333335,476.36,2.49,11.36,-2.4,-0.5174,-0.017247
2021-01-25,2021-02-19,BAC,31.16,31.0,0.9,2.8883,1,26,3.3333333333333335,3.3333333333333335,35.15,12.8,4.15,3.25,10.43,0.347667
2021-01-25,2021-02-19,BX,64.98,65.0,2.37,3.6473,1,26,3.3333333333333335,3.3333333333333335,69.52,6.99,4.52,2.15,3.3087,0.11029
2021-01-25,2021-02-19,CRM,225.92,225.0,7.03,3.1117,1,26,3.3333333333333335,3.3333333333333335,240.95,6.65,15.95,8.92,3.9483,0.13161
2021-01-25,2021-02-19,CVX,90.9,91.0,4.78,5.2585,1,26,3.3333333333333335,3.3333333333333335,98.39,8.24,7.39,2.61,2.8713,0.09571
2021-01-25,2021-02-19,GOOG,1899.4,1900.0,82.6,4.3487,1,26,3.3333333333333335,3.3333333333333335,2101.2,10.62,201.2,118.6,6.2441,0.208137
2021-01-25,2021-02-19,HD,285.08,285.0,7.17,2.5151,1,26,3.3333333333333335,3.3333333333333335,275.85,-3.24,0.0,-7.17,-2.5151,-0.083837
2021-01-25,2021-02-19,JNJ,165.98,165.0,4.37,2.6328,1,26,3.3333333333333335,3.3333333333333335,161.87,-2.48,0.0,-4.37,-2.6328,-0.08776
2021-01-25,2021-02-19,JPM,132.12,132.0,3.76,2.8459,1,26,3.3333333333333335,3.3333333333333335,149.41,13.09,17.41,13.65,10.3315,0.344383
2021-01-25,2021-02-19,LLY,212.35,210.0,5.77,2.7172,1,26,3.3333333333333335,3.3333333333333335,200.68,-5.5,0.0,-5.77,-2.7196,-0.090653
2021-01-25,2021-02-19,MRK,81.15,81.0,1.97,2.4276,1,26,3.3333333333333335,3.3333333333333335,74.93,-7.66,0.0,-1.97,-2.4214,-0.080713
2021-01-25,2021-02-19,MSFT,229.53,230.0,8.64,3.7642,1,26,3.3333333333333335,3.3333333333333335,234.51,2.17,4.51,-4.13,-1.7972,-0.059907
2021-01-25,2021-02-19,NFLX,556.78,555.0,19.66,3.531,1,26,3.3333333333333335,3.3333333333333335,533.78,-4.13,0.0,-19.66,-3.531,-0.1177
2021-01-25,2021-02-19,NVDA,546.13,545.0,23.64,4.3286,1,26,3.3333333333333335,3.3333333333333335,574.23,5.15,29.23,5.59,1.0245,0.03415
2021-01-25,2021-02-19,ORCL,60.9,61.0,1.84,3.0213,1,26,3.3333333333333335,3.3333333333333335,64.45,5.83,3.45,1.61,2.6437,0.088123
2021-01-25,2021-02-19,QCOM,164.4,165.0,8.95,5.444,1,26,3.3333333333333335,3.3333333333333335,139.46,-15.17,0.0,-8.95,-5.444,-0.181467
2021-01-25,2021-02-19,TSLA,880.8,880.0,75.85,8.6115,1,26,3.3333333333333335,3.3333333333333335,781.29,-11.3,0.0,-75.85,-8.6115,-0.28705
2021-01-25,2021-02-19,UNH,347.81,347.5,10.55,3.0333,1,26,3.3333333333333335,3.3333333333333335,327.64,-5.8,0.0,-10.55,-3.0318,-0.10106
2021-01-25,2021-02-19,WFC,32.24,32.0,1.05,3.2568,1,26,3.3333333333333335,3.3333333333333335,37.26,15.57,5.26,4.21,13.0583,0.435277
2021-01-25,2021-02-19,WMT,146.2,146.0,4.38,2.9959,1,26,3.3333333333333335,3.3333333333333335,137.69,-5.82,0.0,-4.38,-2.9959,-0.099863
2021-01-25,2021-02-19,XOM,46.9,47.0,2.54,5.4158,1,26,3.3333333333333335,3.3333333333333335,54.3,15.78,7.3,4.76,10.1493,0.33831
2021-02-22,2021-03-19,ABT,122.55,123.0,3.72,3.0355,1,20,3.3333333333333335,3.3333333333333335,121.47,-0.88,0.0,-3.72,-3.0396,-0.10132
2021-02-22,2021-03-19,AVGO,476.36,480.0,24.02,5.0424,1,20,3.3333333333333335,3.3333333333333335,475.28,-0.23,0.0,-24.02,-5.0424,-0.16808
2021-02-22,2021-03-19,BAC,35.15,35.0,1.07,3.0441,1,20,3.3333333333333335,3.3333333333333335,37.66,7.14,2.66,1.59,4.5092,0.150307
2021-02-22,2021-03-19,BX,69.52,70.0,2.44,3.5098,1,20,3.3333333333333335,3.3333333333333335,73.55,5.8,3.55,1.11,1.5967,0.053223
2021-02-22,2021-03-19,CMCSA,52.5,52.5,1.33,2.5333,1,20,3.3333333333333335,3.3333333333333335,56.37,7.37,3.87,2.54,4.8381,0.16127
2021-02-22,2021-03-19,CRM,240.95,240.0,9.33,3.8722,1,20,3.3333333333333335,3.3333333333333335,215.17,-10.7,0.0,-9.33,-3.8701,-0.129003
2021-02-22,2021-03-19,CVX,98.39,98.5,3.31,3.3642,1,20,3.3333333333333335,3.3333333333333335,102.54,4.22,4.04,0.74,0.747,0.0249
2021-02-22,2021-03-19,IBM,120.86,121.0,3.77,3.1193,1,20,3.3333333333333335,3.3333333333333335,130.55,8.02,9.55,5.78,4.7824,0.159413
2021-02-22,2021-03-19,INTU,401.55,400.0,10.73,2.6721,1,20,3.3333333333333335,3.3333333333333335,383.02,-4.61,0.0,-10.73,-2.6709,-0.08903
2021-02-22,2021-03-19,JPM,149.41,149.0,3.79,2.5366,1,20,3.3333333333333335,3.3333333333333335,150.97,1.04,1.97,-1.82,-1.2215,-0.040717
2021-02-22,2021-03-19,KO,50.63,50.5,1.24,2.4491,1,20,3.3333333333333335,3.3333333333333335,51.0,0.73,0.5,-0.74,-1.4715,-0.04905
2021-02-22,2021-03-19,MA,340.66,340.0,8.17,2.3983,1,20,3.3333333333333335,3.3333333333333335,358.4,5.21,18.4,10.23,3.003,0.1001
2021-02-22,2021-03-19,MSFT,234.51,235.0,6.46,2.7547,1,20,3.3333333333333335,3.3333333333333335,235.99,0.63,0.99,-5.46,-2.3304,-0.07768
2021-02-22,2021-03-19,NKE,136.67,137.0,5.62,4.1121,1,20,3.3333333333333335,3.3333333333333335,138.27,1.17,1.27,-4.34,-3.1792,-0.105973
2021-02-22,2021-03-19,NOW,550.26,550.0,19.97,3.6292,1,20,3.3333333333333335,3.3333333333333335,476.65,-13.38,0.0,-19.97,-3.6292,-0.120973
2021-02-22,2021-03-19,NVDA,574.23,575.0,32.52,5.6632,1,20,3.3333333333333335,3.3333333333333335,527.45,-8.15,0.0,-32.52,-5.6641,-0.188803
2021-02-22,2021-03-19,ORCL,64.45,65.0,2.74,4.2514,1,20,3.3333333333333335,3.3333333333333335,66.32,2.9,1.32,-1.42,-2.1955,-0.073183
2021-02-22,2021-03-19,V,208.32,207.5,4.48,2.1505,1,20,3.3333333333333335,3.3333333333333335,208.0,-0.15,0.5,-3.98,-1.9105,-0.063683
2021-02-22,2021-03-19,WFC,37.26,37.5,1.7,4.5625,1,20,3.3333333333333335,3.3333333333333335,38.97,4.59,1.47,-0.23,-0.6173,-0.020577
2021-02-22,2021-03-19,XOM,54.3,54.5,2.22,4.0884,1,20,3.3333333333333335,3.3333333333333335,55.91,2.97,1.41,-0.81,-1.4917,-0.049723
2021-03-22,2021-04-16,BAC,37.66,37.5,1.04,2.7616,1,21,3.3333333333333335,3.3333333333333335,39.17,4.01,1.67,0.63,1.6729,0.055763
2021-03-22,2021-04-16,BX,73.55,73.0,1.86,2.5289,1,21,3.3333333333333335,3.3333333333333335,79.3,7.82,6.3,4.44,6.0299,0.200997
2021-03-22,2021-04-16,CMCSA,56.37,56.5,1.76,3.1222,1,21,3.3333333333333335,3.3333333333333335,54.14,-3.96,0.0,-1.76,-3.1134,-0.10378
2021-03-22,2021-04-16,CVX,102.54,103.0,3.33,3.2475,1,21,3.3333333333333335,3.3333333333333335,103.26,0.7,0.26,-3.07,-2.994,-0.0998
2021-03-22,2021-04-16,DIS,192.86,192.5,5.62,2.914,1,21,3.3333333333333335,3.3333333333333335,187.43,-2.82,0.0,-5.62,-2.914,-0.097133
2021-03-22,2021-04-16,GOOG,2038.59,2040.0,49.71,2.4385,1,21,3.3333333333333335,3.3333333333333335,2302.4,12.94,262.4,212.7,10.4334,0.34778
2021-03-22,2021-04-16,GOOGL,2030.69,2030.0,51.78,2.5499,1,21,3.3333333333333335,3.3333333333333335,2282.8,12.41,252.8,201.02,9.8991,0.32997
2021-03-22,2021-04-16,HD,288.94,290.0,7.01,2.4261,1,21,3.3333333333333335,3.3333333333333335,326.85,13.12,36.85,29.84,10.3274,0.344247
2021-03-22,2021-04-16,IBM,130.55,131.0,2.99,2.2903,1,21,3.3333333333333335,3.3333333333333335,133.12,1.97,2.12,-0.86,-0.6626,-0.022087
2021-03-22,2021-04-16,JPM,150.97,150.0,3.66,2.4243,1,21,3.3333333333333335,3.3333333333333335,152.65,1.11,2.65,-1.02,-0.6723,-0.02241
2021-03-22,2021-04-16,KO,51.0,51.0,1.0,1.9608,1,21,3.3333333333333335,3.3333333333333335,54.0,5.88,3.0,2.0,3.9216,0.13072
2021-03-22,2021-04-16,MA,358.4,357.5,9.25,2.5809,1,21,3.3333333333333335,3.3333333333333335,382.16,6.63,24.66,15.41,4.2997,0.143323
2021-03-22,2021-04-16,MRK,77.51,77.5,1.45,1.8707,1,21,3.3333333333333335,3.3333333333333335,77.66,0.19,0.16,-1.29,-1.6579,-0.055263
2021-03-22,2021-04-16,MSFT,235.99,235.0,4.4,1.8645,1,21,3.3333333333333335,3.3333333333333335,258.74,9.64,23.74,19.33,8.1931,0.273103
2021-03-22,2021-04-16,NKE,138.27,138.0,3.02,2.1841,1,21,3.3333333333333335,3.3333333333333335,132.57,-4.12,0.0,-3.02,-2.1877,-0.072923
2021-03-22,2021-04-16,ORCL,66.32,66.5,1.74,2.6236,1,21,3.3333333333333335,3.3333333333333335,78.75,18.74,12.25,10.51,15.8474,0.528247
2021-03-22,2021-04-16,PEP,137.8,138.0,2.95,2.1408,1,21,3.3333333333333335,3.3333333333333335,144.75,5.04,6.75,3.8,2.7576,0.09192
2021-03-22,2021-04-16,PG,130.18,130.0,2.05,1.5747,1,21,3.3333333333333335,3.3333333333333335,136.61,4.94,6.61,4.56,3.5028,0.11676
2021-03-22,2021-04-16,UNH,366.86,367.5,9.78,2.6659,1,21,3.3333333333333335,3.3333333333333335,389.84,6.26,22.34,12.56,3.4236,0.11412
2021-03-22,2021-04-16,WFC,38.97,39.0,1.43,3.6695,1,21,3.3333333333333335,3.3333333333333335,43.88,12.6,4.88,3.45,8.8401,0.29467
2021-03-22,2021-04-16,XOM,55.91,56.0,1.88,3.3625,1,21,3.3333333333333335,3.3333333333333335,56.48,1.02,0.48,-1.4,-2.4951,-0.08317
2021-04-19,2021-05-14,AAPL,134.84,135.0,5.08,3.7674,1,34,3.3333333333333335,3.3333333333333335,126.27,-6.36,0.0,-5.08,-3.7674,-0.12558
2021-04-19,2021-05-14,ABBV,108.61,109.0,3.75,3.4527,1,34,3.3333333333333335,3.3333333333333335,116.89,7.62,7.89,4.13,3.8072,0.126907
2021-04-19,2021-05-14,ABT,124.53,123.0,5.47,4.3925,1,34,3.3333333333333335,3.3333333333333335,116.74,-6.26,0.0,-5.47,-4.3885,-0.146283
2021-04-19,2021-05-14,ADBE,516.17,515.0,11.6,2.2473,1,34,3.3333333333333335,3.3333333333333335,482.74,-6.48,0.0,-11.6,-2.2464,-0.07488
2021-04-19,2021-05-14,AMZN,3372.01,3370.0,117.0,3.4697,1,34,3.3333333333333335,3.3333333333333335,3270.39,-3.01,0.0,-117.0,-3.4696,-0.115653
2021-04-19,2021-05-14,BAC,39.17,39.0,0.9,2.2977,1,34,3.3333333333333335,3.3333333333333335,42.74,9.11,3.74,2.85,7.2632,0.242107
2021-04-19,2021-05-14,BX,79.3,79.0,1.92,2.4212,1,34,3.3333333333333335,3.3333333333333335,87.78,10.69,8.78,6.86,8.6507,0.288357
2021-04-19,2021-05-14,COST,369.55,370.0,6.53,1.767,1,34,3.3333333333333335,3.3333333333333335,383.96,3.9,13.96,7.43,2.0119,0.067063
2021-04-19,2021-05-14,CRM,230.5,230.0,5.25,2.2777,1,34,3.3333333333333335,3.3333333333333335,215.06,-6.7,0.0,-5.25,-2.2777,-0.075923
2021-04-19,2021-05-14,CVX,103.26,103.0,2.87,2.7794,1,34,3.3333333333333335,3.3333333333333335,110.81,7.31,7.81,4.94,4.784,0.159467
2021-04-19,2021-05-14,GOOG,2302.4,2300.0,73.8,3.2054,1,34,3.3333333333333335,3.3333333333333335,2321.41,0.83,21.41,-52.39,-2.2754,-0.075847
2021-04-19,2021-05-14,HD,326.85,327.5,6.47,1.9795,1,34,3.3333333333333335,3.3333333333333335,320.01,-2.09,0.0,-6.47,-1.981,-0.066033
2021-04-19,2021-05-14,IBM,133.12,133.0,4.54,3.4105,1,34,3.3333333333333335,3.3333333333333335,145.11,9.01,12.11,7.57,5.6866,0.189553
2021-04-19,2021-05-14,INTU,402.29,400.0,4.75,1.1807,0,34,0.0,0.0,419.42,4.26,19.42,14.67,3.6454,0.0
2021-04-19,2021-05-14,JNJ,162.69,162.5,2.63,1.6166,0,34,0.0,0.0,170.39,4.73,7.89,5.26,3.2301,0.0
2021-04-19,2021-05-14,JPM,152.65,152.5,3.21,2.1028,1,34,3.3333333333333335,3.3333333333333335,164.67,7.87,12.17,8.96,5.8729,0.195763
2021-04-19,2021-05-14,KO,54.0,54.0,0.9,1.6667,0,34,0.0,0.0,54.64,1.19,0.64,-0.26,-0.4815,0.0
2021-04-19,2021-05-14,LLY,189.64,190.0,6.42,3.3854,1,34,3.3333333333333335,3.3333333333333335,195.53,3.11,5.53,-0.89,-0.4693,-0.015643
2021-04-19,2021-05-14,MA,382.16,382.5,11.02,2.8836,1,34,3.3333333333333335,3.3333333333333335,363.3,-4.94,0.0,-11.02,-2.8836,-0.09612
2021-04-19,2021-05-14,MRK,77.66,77.5,2.1,2.7041,1,34,3.3333333333333335,3.3333333333333335,79.87,2.85,2.37,0.27,0.3477,0.01159
2021-04-19,2021-05-14,MSFT,258.74,257.5,5.73,2.2146,1,34,3.3333333333333335,3.3333333333333335,245.18,-5.24,0.0,-5.73,-2.2146,-0.07382
2021-04-19,2021-05-14,NFLX,554.44,555.0,27.55,4.969,1,34,3.3333333333333335,3.3333333333333335,488.94,-11.81,0.0,-27.55,-4.969,-0.165633
2021-04-19,2021-05-14,NOW,549.37,550.0,27.16,4.9438,1,34,3.3333333333333335,3.3333333333333335,454.4,-17.29,0.0,-27.16,-4.9448,-0.164827
2021-04-19,2021-05-14,NVDA,614.47,615.0,24.27,3.9497,1,34,3.3333333333333335,3.3333333333333335,566.62,-7.79,0.0,-24.27,-3.9489,-0.13163
2021-04-19,2021-05-14,ORCL,78.75,79.0,1.82,2.3111,1,34,3.3333333333333335,3.3333333333333335,79.08,0.42,0.08,-1.74,-2.2159,-0.073863
2021-04-19,2021-05-14,PEP,144.75,145.0,2.46,1.6995,0,34,0.0,0.0,146.17,0.98,1.17,-1.29,-0.8877,0.0
2021-04-19,2021-05-14,PG,136.61,137.0,3.49,2.5547,1,34,3.3333333333333335,3.3333333333333335,137.73,0.82,0.73,-2.77,-2.024,-0.067467
2021-04-19,2021-05-14,QCOM,135.25,135.0,5.42,4.0074,1,34,3.3333333333333335,3.3333333333333335,129.8,-4.03,0.0,-5.42,-4.0111,-0.133703
2021-04-19,2021-05-14,TSLA,714.63,715.0,52.48,7.3437,1,34,3.3333333333333335,3.3333333333333335,576.83,-19.28,0.0,-52.48,-7.3444,-0.244813
2021-04-19,2021-05-14,UNH,389.84,390.0,7.58,1.9444,1,34,3.3333333333333335,3.3333333333333335,408.63,4.82,18.63,11.05,2.8345,0.094483
2021-04-19,2021-05-14,V,225.79,225.0,4.84,2.1436,1,34,3.3333333333333335,3.3333333333333335,226.44,0.29,1.44,-3.4,-1.5036,-0.05012
2021-04-19,2021-05-14,WFC,43.88,44.0,1.56,3.5552,1,34,3.3333333333333335,3.3333333333333335,47.9,9.16,3.9,2.34,5.3327,0.177757
2021-04-19,2021-05-14,WMT,139.71,140.0,2.9,2.0757,1,34,3.3333333333333335,3.3333333333333335,138.89,-0.59,0.0,-2.9,-2.0721,-0.06907
2021-04-19,2021-05-14,XOM,56.48,56.5,2.13,3.7712,1,34,3.3333333333333335,3.3333333333333335,62.19,10.11,5.69,3.56,6.3031,0.210103
2021-05-17,2021-06-11,ABBV,116.89,117.0,2.25,1.9249,1,23,3.3333333333333335,3.3333333333333335,115.4,-1.27,0.0,-2.25,-1.9206,-0.06402
2021-05-17,2021-06-11,BAC,42.74,42.5,1.02,2.3865,1,23,3.3333333333333335,3.3333333333333335,41.36,-3.23,0.0,-1.02,-2.3865,-0.07955
2021-05-17,2021-06-11,BX,87.78,88.0,2.61,2.9733,1,23,3.3333333333333335,3.3333333333333335,95.61,8.92,7.61,5.0,5.6961,0.18987
2021-05-17,2021-06-11,CMCSA,55.46,55.5,0.45,0.8114,1,23,3.3333333333333335,3.3333333333333335,57.28,3.28,1.78,1.33,2.3981,0.079937
2021-05-17,2021-06-11,COST,383.96,385.0,9.47,2.4664,1,23,3.3333333333333335,3.3333333333333335,383.76,-0.05,0.0,-9.47,-2.4664,-0.082213
2021-05-17,2021-06-11,CVX,110.81,111.0,6.9,6.2269,1,23,3.3333333333333335,3.3333333333333335,107.97,-2.56,0.0,-6.9,-6.2224,-0.207413
2021-05-17,2021-06-11,GOOG,2321.41,2320.0,120.32,5.1831,1,23,3.3333333333333335,3.3333333333333335,2527.04,8.86,207.04,86.71,3.7354,0.124513
2021-05-17,2021-06-11,GOOGL,2288.92,2290.0,57.14,2.4964,1,23,3.3333333333333335,3.3333333333333335,2448.91,6.99,158.91,101.77,4.4462,0.148207
2021-05-17,2021-06-11,IBM,145.11,145.0,2.57,1.7711,1,23,3.3333333333333335,3.3333333333333335,150.03,3.39,5.03,2.47,1.6987,0.056623
2021-05-17,2021-06-11,INTU,419.42,420.0,19.99,4.7661,1,23,3.3333333333333335,3.3333333333333335,476.97,13.72,56.97,36.98,8.8169,0.293897
2021-05-17,2021-06-11,JNJ,170.39,170.0,2.91,1.7078,1,23,3.3333333333333335,3.3333333333333335,165.37,-2.95,0.0,-2.91,-1.7049,-0.05683
2021-05-17,2021-06-11,JPM,164.67,165.0,4.32,2.6234,1,23,3.3333333333333335,3.3333333333333335,157.57,-4.31,0.0,-4.32,-2.6204,-0.087347
2021-05-17,2021-06-11,KO,54.64,54.5,0.73,1.336,1,23,3.3333333333333335,3.3333333333333335,55.55,1.67,1.05,0.32,0.5856,0.01952
2021-05-17,2021-06-11,LLY,195.53,195.0,5.39,2.7566,1,23,3.3333333333333335,3.3333333333333335,226.1,15.63,31.1,25.72,13.1514,0.43838
2021-05-17,2021-06-11,MRK,79.87,79.5,1.45,1.8155,1,23,3.3333333333333335,3.3333333333333335,75.45,-5.53,0.0,-1.45,-1.8092,-0.060307
2021-05-17,2021-06-11,NKE,136.41,136.0,3.22,2.3605,1,23,3.3333333333333335,3.3333333333333335,131.36,-3.7,0.0,-3.22,-2.3642,-0.078807
2021-05-17,2021-06-11,ORCL,79.08,79.0,1.84,2.3268,1,23,3.3333333333333335,3.3333333333333335,82.62,4.48,3.62,1.78,2.2509,0.07503
2021-05-17,2021-06-11,PEP,146.17,146.0,2.7,1.8472,1,23,3.3333333333333335,3.3333333333333335,148.57,1.64,2.57,-0.12,-0.0855,-0.00285
2021-05-17,2021-06-11,PG,137.73,138.0,2.48,1.8006,1,23,3.3333333333333335,3.3333333333333335,134.91,-2.05,0.0,-2.48,-1.797,-0.0599
2021-05-17,2021-06-11,UNH,408.63,407.5,7.73,1.8917,1,23,3.3333333333333335,3.3333333333333335,399.16,-2.32,0.0,-7.73,-1.8929,-0.063097
2021-05-17,2021-06-11,V,226.44,227.5,5.98,2.6409,1,23,3.3333333333333335,3.3333333333333335,234.08,3.37,6.58,0.6,0.265,0.008833
2021-05-17,2021-06-11,WFC,47.9,48.0,1.7,3.5491,1,23,3.3333333333333335,3.3333333333333335,45.15,-5.74,0.0,-1.7,-3.5491,-0.118303
2021-05-17,2021-06-11,XOM,62.19,62.0,1.89,3.0391,1,23,3.3333333333333335,3.3333333333333335,62.07,-0.19,0.07,-1.82,-2.9185,-0.097283
2021-06-14,2021-07-09,AAPL,130.48,130.0,2.28,1.7474,1,24,3.3333333333333335,3.3333333333333335,144.5,10.74,14.5,12.22,9.3654,0.31218
2021-06-14,2021-07-09,ADBE,556.95,555.0,16.12,2.8943,1,24,3.3333333333333335,3.3333333333333335,600.2,7.77,45.2,29.08,5.2204,0.174013
2021-06-14,2021-07-09,AVGO,475.83,475.0,15.58,3.2743,1,24,3.3333333333333335,3.3333333333333335,485.75,2.08,10.75,-4.83,-1.0161,-0.03387
2021-06-14,2021-07-09,BX,95.61,96.0,2.41,2.5207,1,24,3.3333333333333335,3.3333333333333335,101.93,6.61,5.93,3.52,3.6764,0.122547
2021-06-14,2021-07-09,CMCSA,57.28,57.0,1.25,2.1823,1,24,3.3333333333333335,3.3333333333333335,58.26,1.71,1.26,0.01,0.0175,0.000583
2021-06-14,2021-07-09,CRM,246.26,247.5,7.42,3.0131,1,24,3.3333333333333335,3.3333333333333335,242.91,-1.36,0.0,-7.42,-3.0131,-0.100437
2021-06-14,2021-07-09,DIS,178.18,177.5,3.21,1.8015,1,24,3.3333333333333335,3.3333333333333335,184.38,3.48,6.88,3.67,2.0597,0.068657
2021-06-14,2021-07-09,GOOG,2527.04,2525.0,49.24,1.9485,1,24,3.3333333333333335,3.3333333333333335,2611.28,3.33,86.28,37.04,1.4657,0.048857
2021-06-14,2021-07-09,GOOGL,2448.91,2450.0,81.3,3.3198,1,24,3.3333333333333335,3.3333333333333335,2510.4,2.51,60.4,-20.9,-0.8534,-0.028447
2021-06-14,2021-07-09,IBM,150.03,150.0,2.59,1.7263,1,24,3.3333333333333335,3.3333333333333335,140.92,-6.07,0.0,-2.59,-1.7297,-0.057657
2021-06-14,2021-07-09,INTU,476.97,477.5,15.52,3.2539,1,24,3.3333333333333335,3.3333333333333335,505.1,5.9,27.6,12.08,2.5316,0.084387
2021-06-14,2021-07-09,KO,55.55,55.5,0.89,1.6022,1,24,3.3333333333333335,3.3333333333333335,54.48,-1.93,0.0,-0.89,-1.5932,-0.053107
2021-06-14,2021-07-09,LLY,226.1,225.0,4.53,2.0035,1,24,3.3333333333333335,3.3333333333333335,236.01,4.38,11.01,6.48,2.866,0.095533
2021-06-14,2021-07-09,MA,366.52,367.5,9.49,2.5892,1,24,3.3333333333333335,3.3333333333333335,375.56,2.47,8.06,-1.43,-0.3902,-0.013007
2021-06-14,2021-07-09,MSFT,259.89,260.0,4.71,1.8123,1,24,3.3333333333333335,3.3333333333333335,277.32,6.71,17.32,12.61,4.8501,0.16167
2021-06-14,2021-07-09,NFLX,499.89,500.0,10.91,2.1825,1,24,3.3333333333333335,3.3333333333333335,537.31,7.49,37.31,26.4,5.2822,0.176073
2021-06-14,2021-07-09,NOW,509.34,510.0,15.05,2.9548,1,24,3.3333333333333335,3.3333333333333335,561.93,10.33,51.93,36.88,7.2407,0.241357
2021-06-14,2021-07-09,NVDA,720.75,720.0,22.98,3.1883,1,24,3.3333333333333335,3.3333333333333335,820.5,13.84,100.5,77.53,10.7562,0.35854
2021-06-14,2021-07-09,ORCL,82.62,82.5,2.34,2.8322,1,24,3.3333333333333335,3.3333333333333335,87.08,5.4,4.58,2.24,2.7112,0.090373
2021-06-14,2021-07-09,PEP,148.57,149.0,2.92,1.9654,1,24,3.3333333333333335,3.3333333333333335,149.51,0.63,0.51,-2.42,-1.6255,-0.054183
2021-06-14,2021-07-09,QCOM,137.31,137.0,3.35,2.4397,1,24,3.3333333333333335,3.3333333333333335,142.47,3.76,5.47,2.12,1.5476,0.051587
2021-06-14,2021-07-09,TSLA,617.69,617.5,32.51,5.2632,1,24,3.3333333333333335,3.3333333333333335,685.7,11.01,68.2,35.68,5.7772,0.192573
2021-06-14,2021-07-09,V,234.08,235.0,5.51,2.3539,1,24,3.3333333333333335,3.3333333333333335,237.87,1.62,2.87,-2.64,-1.1278,-0.037593
2021-06-14,2021-07-09,WMT,140.56,141.0,3.01,2.1414,1,24,3.3333333333333335,3.3333333333333335,140.05,-0.36,0.0,-3.01,-2.1414,-0.07138
2021-07-12,2021-08-06,AAPL,144.5,144.0,3.83,2.6505,1,30,3.3333333333333335,3.3333333333333335,146.09,1.1,2.09,-1.74,-1.2042,-0.04014
2021-07-12,2021-08-06,ABBV,117.63,118.0,5.16,4.3866,1,30,3.3333333333333335,3.3333333333333335,114.06,-3.03,0.0,-5.16,-4.3824,-0.14608
2021-07-12,2021-08-06,ABT,118.81,119.0,2.85,2.3988,1,30,3.3333333333333335,3.3333333333333335,123.16,3.66,4.16,1.32,1.1068,0.036893
2021-07-12,2021-08-06,ADBE,600.2,600.0,13.8,2.2992,1,30,3.3333333333333335,3.3333333333333335,629.22,4.84,29.22,15.42,2.5691,0.085637
2021-07-12,2021-08-06,AMZN,3718.55,3720.0,131.72,3.5422,1,30,3.3333333333333335,3.3333333333333335,3341.87,-10.13,0.0,-131.72,-3.5424,-0.11808
2021-07-12,2021-08-06,AVGO,485.75,485.0,12.32,2.5363,1,30,3.3333333333333335,3.3333333333333335,484.68,-0.22,0.0,-12.32,-2.5373,-0.084577
2021-07-12,2021-08-06,BX,101.93,102.0,3.32,3.2571,1,30,3.3333333333333335,3.3333333333333335,114.24,12.08,12.24,8.91,8.7462,0.29154
2021-07-12,2021-08-06,CMCSA,58.26,58.5,1.9,3.2612,1,30,3.3333333333333335,3.3333333333333335,58.28,0.03,0.0,-1.9,-3.2612,-0.108707
2021-07-12,2021-08-06,COST,407.88,407.5,6.05,1.4833,1,30,3.3333333333333335,3.3333333333333335,440.47,7.99,32.97,26.92,6.6,0.22
2021-07-12,2021-08-06,DIS,184.38,185.0,5.28,2.8637,1,30,3.3333333333333335,3.3333333333333335,176.72,-4.15,0.0,-5.28,-2.8636,-0.095453
2021-07-12,2021-08-06,GOOG,2611.28,2610.0,73.42,2.8116,1,30,3.3333333333333335,3.3333333333333335,2760.04,5.7,150.04,76.62,2.9342,0.097807
2021-07-12,2021-08-06,HD,321.74,322.5,7.48,2.3249,1,30,3.3333333333333335,3.3333333333333335,328.76,2.18,6.26,-1.22,-0.3792,-0.01264
2021-07-12,2021-08-06,INTU,505.1,505.0,12.2,2.4154,1,30,3.3333333333333335,3.3333333333333335,535.23,5.97,30.23,18.03,3.5696,0.118987
2021-07-12,2021-08-06,JNJ,169.48,170.0,3.41,2.012,1,30,3.3333333333333335,3.3333333333333335,173.71,2.5,3.71,0.3,0.177,0.0059
2021-07-12,2021-08-06,JPM,158.0,157.5,3.11,1.9684,1,30,3.3333333333333335,3.3333333333333335,157.33,-0.42,0.0,-3.11,-1.9684,-0.065613
2021-07-12,2021-08-06,LLY,236.01,235.0,7.45,3.1566,1,30,3.3333333333333335,3.3333333333333335,267.16,13.2,32.16,24.72,10.472,0.349067
2021-07-12,2021-08-06,MA,375.56,375.0,8.52,2.2686,1,30,3.3333333333333335,3.3333333333333335,370.68,-1.3,0.0,-8.52,-2.2686,-0.07562
2021-07-12,2021-08-06,MRK,77.55,77.5,1.47,1.8956,1,30,3.3333333333333335,3.3333333333333335,75.32,-2.88,0.0,-1.47,-1.902,-0.0634
2021-07-12,2021-08-06,MSFT,277.32,277.5,6.34,2.2862,1,30,3.3333333333333335,3.3333333333333335,288.33,3.97,10.83,4.49,1.6191,0.05397
2021-07-12,2021-08-06,NFLX,537.31,537.5,22.55,4.1968,1,30,3.3333333333333335,3.3333333333333335,519.97,-3.23,0.0,-22.55,-4.1959,-0.139863
2021-07-12,2021-08-06,NKE,161.82,162.5,3.95,2.441,1,30,3.3333333333333335,3.3333333333333335,171.77,6.15,9.27,5.32,3.2876,0.109587
2021-07-12,2021-08-06,NOW,561.93,562.5,27.58,4.9081,1,30,3.3333333333333335,3.3333333333333335,587.96,4.63,25.46,-2.12,-0.3782,-0.012607
2021-07-12,2021-08-06,NVDA,820.5,820.0,34.25,4.1743,1,30,3.3333333333333335,3.3333333333333335,811.8,-1.06,0.0,-34.25,-4.1743,-0.139143
2021-07-12,2021-08-06,ORCL,87.08,87.0,1.99,2.2853,1,30,3.3333333333333335,3.3333333333333335,89.9,3.24,2.9,0.91,1.045,0.034833
2021-07-12,2021-08-06,PEP,149.51,150.0,3.3,2.2072,1,30,3.3333333333333335,3.3333333333333335,154.35,3.24,4.35,1.06,0.7056,0.02352
2021-07-12,2021-08-06,PG,137.14,137.0,2.82,2.0563,1,30,3.3333333333333335,3.3333333333333335,142.18,3.68,5.18,2.36,1.7209,0.057363
2021-07-12,2021-08-06,QCOM,142.47,142.0,4.31,3.0252,1,30,3.3333333333333335,3.3333333333333335,146.92,3.12,4.92,0.6,0.4246,0.014153
2021-07-12,2021-08-06,TSLA,685.7,685.0,40.0,5.8335,1,30,3.3333333333333335,3.3333333333333335,713.76,4.09,28.76,-11.24,-1.6392,-0.05464
2021-07-12,2021-08-06,UNH,416.04,412.5,9.78,2.3507,1,30,3.3333333333333335,3.3333333333333335,410.87,-1.24,0.0,-9.78,-2.3507,-0.078357
2021-07-12,2021-08-06,V,237.87,237.5,4.71,1.9801,1,30,3.3333333333333335,3.3333333333333335,240.0,0.9,2.5,-2.21,-0.927,-0.0309
2021-08-09,2021-09-03,AAPL,146.09,146.0,2.85,1.9509,1,27,3.3333333333333335,3.3333333333333335,154.3,5.62,8.3,5.46,3.734,0.124467
2021-08-09,2021-09-03,ABT,123.16,121.0,1.29,1.0474,1,27,3.3333333333333335,3.3333333333333335,128.94,4.69,7.94,6.65,5.3995,0.179983
2021-08-09,2021-09-03,ADBE,629.22,630.0,13.54,2.1519,1,27,3.3333333333333335,3.3333333333333335,666.59,5.94,36.59,23.05,3.6633,0.12211
2021-08-09,2021-09-03,BAC,40.67,41.0,1.45,3.5653,1,27,3.3333333333333335,3.3333333333333335,41.05,0.93,0.05,-1.4,-3.4301,-0.114337
2021-08-09,2021-09-03,BX,114.24,114.0,2.78,2.4335,1,27,3.3333333333333335,3.3333333333333335,129.0,12.92,15.0,12.22,10.6968,0.35656
2021-08-09,2021-09-03,CMCSA,58.28,58.0,0.88,1.51,1,27,3.3333333333333335,3.3333333333333335,61.72,5.9,3.72,2.84,4.873,0.162433
2021-08-09,2021-09-03,COST,440.47,440.0,7.06,1.6028,1,27,3.3333333333333335,3.3333333333333335,462.55,5.01,22.55,15.48,3.5156,0.117187
2021-08-09,2021-09-03,CRM,249.32,250.0,9.09,3.6459,1,27,3.3333333333333335,3.3333333333333335,267.08,7.12,17.08,7.99,3.2047,0.106823
2021-08-09,2021-09-03,GOOG,2760.04,2760.0,99.68,3.6115,1,27,3.3333333333333335,3.3333333333333335,2895.5,4.91,135.5,35.82,1.2978,0.04326
2021-08-09,2021-09-03,GOOGL,2738.26,2740.0,65.05,2.3756,1,27,3.3333333333333335,3.3333333333333335,2874.79,4.99,134.79,69.74,2.5469,0.084897
2021-08-09,2021-09-03,HD,328.76,330.0,9.62,2.9261,1,27,3.3333333333333335,3.3333333333333335,330.34,0.48,0.34,-9.28,-2.8227,-0.09409
2021-08-09,2021-09-03,IBM,141.25,141.0,2.28,1.6142,1,27,3.3333333333333335,3.3333333333333335,139.58,-1.18,0.0,-2.28,-1.6106,-0.053687
2021-08-09,2021-09-03,INTU,535.23,535.0,14.49,2.7072,1,27,3.3333333333333335,3.3333333333333335,563.25,5.24,28.25,13.76,2.5718,0.085727
2021-08-09,2021-09-03,JNJ,173.71,175.0,4.64,2.6711,1,27,3.3333333333333335,3.3333333333333335,175.04,0.77,0.04,-4.61,-2.651,-0.088367
2021-08-09,2021-09-03,KO,56.65,57.0,1.21,2.1359,1,27,3.3333333333333335,3.3333333333333335,56.73,0.14,0.0,-1.21,-2.1447,-0.07149
2021-08-09,2021-09-03,LLY,267.16,270.0,11.63,4.3532,1,27,3.3333333333333335,3.3333333333333335,259.53,-2.86,0.0,-11.63,-4.3532,-0.145107
2021-08-09,2021-09-03,MSFT,288.33,290.0,6.95,2.4104,1,27,3.3333333333333335,3.3333333333333335,301.14,4.44,11.14,4.2,1.4549,0.048497
2021-08-09,2021-09-03,NKE,171.77,170.0,1.86,1.0828,1,27,3.3333333333333335,3.3333333333333335,163.29,-4.94,0.0,-1.86,-1.0858,-0.036193
2021-08-09,2021-09-03,NOW,587.96,590.0,16.99,2.8897,1,27,3.3333333333333335,3.3333333333333335,678.63,15.42,88.63,71.64,12.1845,0.40615
2021-08-09,2021-09-03,ORCL,89.9,90.0,2.42,2.6919,1,27,3.3333333333333335,3.3333333333333335,90.0,0.11,0.0,-2.42,-2.6919,-0.08973
2021-08-09,2021-09-03,PEP,154.35,155.0,3.77,2.4425,1,27,3.3333333333333335,3.3333333333333335,157.09,1.78,2.09,-1.69,-1.0917,-0.03639
2021-08-09,2021-09-03,PG,142.18,142.0,2.25,1.5825,1,27,3.3333333333333335,3.3333333333333335,144.05,1.32,2.05,-0.2,-0.1407,-0.00469
2021-08-09,2021-09-03,QCOM,146.92,147.0,3.93,2.6749,1,27,3.3333333333333335,3.3333333333333335,144.63,-1.56,0.0,-3.93,-2.6749,-0.089163
2021-08-09,2021-09-03,TSLA,713.76,715.0,31.22,4.374,1,27,3.3333333333333335,3.3333333333333335,733.57,2.78,18.57,-12.65,-1.7723,-0.059077
2021-08-09,2021-09-03,V,240.0,240.0,5.01,2.0875,1,27,3.3333333333333335,3.3333333333333335,225.11,-6.2,0.0,-5.01,-2.0875,-0.069583
2021-08-09,2021-09-03,WFC,48.65,49.0,1.71,3.5149,1,27,3.3333333333333335,3.3333333333333335,44.17,-9.21,0.0,-1.71,-3.5252,-0.117507
2021-08-09,2021-09-03,WMT,145.58,146.0,3.91,2.6858,1,27,3.3333333333333335,3.3333333333333335,149.25,2.52,3.25,-0.66,-0.4534,-0.015113
2021-09-03,2021-10-01,AAPL,154.3,155.0,4.39,2.8451,1,29,3.3333333333333335,3.3333333333333335,139.14,-9.83,0.0,-4.39,-2.8451,-0.094837
2021-09-03,2021-10-01,ABT,128.94,128.0,1.78,1.3805,1,29,3.3333333333333335,3.3333333333333335,115.53,-10.4,0.0,-1.78,-1.3805,-0.046017
2021-09-03,2021-10-01,ADBE,666.59,665.0,16.8,2.5203,1,29,3.3333333333333335,3.3333333333333335,558.49,-16.22,0.0,-16.8,-2.521,-0.084033
2021-09-03,2021-10-01,AMZN,3478.05,3480.0,80.53,2.3154,1,29,3.3333333333333335,3.3333333333333335,3283.2,-5.6,0.0,-80.53,-2.3154,-0.07718
2021-09-03,2021-10-01,AVGO,497.68,500.0,21.9,4.4004,1,29,3.3333333333333335,3.3333333333333335,475.95,-4.37,0.0,-21.9,-4.4004,-0.14668
2021-09-03,2021-10-01,BAC,41.05,41.0,1.0,2.4361,1,29,3.3333333333333335,3.3333333333333335,43.34,5.58,2.34,1.34,3.2765,0.109217
2021-09-03,2021-10-01,BX,129.0,129.0,3.25,2.5194,1,29,3.3333333333333335,3.3333333333333335,110.95,-13.99,0.0,-3.25,-2.5194,-0.08398
2021-09-03,2021-10-01,CMCSA,61.72,62.0,1.51,2.4465,1,29,3.3333333333333335,3.3333333333333335,56.78,-8.0,0.0,-1.51,-2.4465,-0.08155
2021-09-03,2021-10-01,COST,462.55,465.0,12.88,2.7846,1,29,3.3333333333333335,3.3333333333333335,440.14,-4.84,0.0,-12.88,-2.7835,-0.092783
2021-09-03,2021-10-01,CRM,267.08,265.0,5.16,1.932,1,29,3.3333333333333335,3.3333333333333335,270.86,1.42,5.86,0.7,0.2621,0.008737
2021-09-03,2021-10-01,DIS,181.0,180.0,3.1,1.7127,1,29,3.3333333333333335,3.3333333333333335,173.46,-4.17,0.0,-3.1,-1.7127,-0.05709
2021-09-03,2021-10-01,GOOG,2895.5,2895.0,45.79,1.5814,1,29,3.3333333333333335,3.3333333333333335,2729.2,-5.74,0.0,-45.79,-1.5814,-0.052713
2021-09-03,2021-10-01,GOOGL,2874.79,2875.0,55.62,1.9348,1,29,3.3333333333333335,3.3333333333333335,2673.19,-7.01,0.0,-55.62,-1.9349,-0.064497
2021-09-03,2021-10-01,HD,330.34,330.0,5.78,1.7497,1,29,3.3333333333333335,3.3333333333333335,326.47,-1.17,0.0,-5.78,-1.7497,-0.058323
2021-09-03,2021-10-01,INTU,563.25,565.0,13.28,2.3577,1,29,3.3333333333333335,3.3333333333333335,525.35,-6.73,0.0,-13.28,-2.3569,-0.078563
2021-09-03,2021-10-01,JNJ,175.04,175.0,2.39,1.3654,1,29,3.3333333333333335,3.3333333333333335,159.22,-9.04,0.0,-2.39,-1.3654,-0.045513
2021-09-03,2021-10-01,JPM,159.49,160.0,3.83,2.4014,1,29,3.3333333333333335,3.3333333333333335,166.95,4.68,6.95,3.11,1.9531,0.065103
2021-09-03,2021-10-01,KO,56.73,57.0,1.26,2.221,1,29,3.3333333333333335,3.3333333333333335,52.99,-6.59,0.0,-1.26,-2.2122,-0.07374
2021-09-03,2021-10-01,MRK,77.26,77.0,1.33,1.7215,1,29,3.3333333333333335,3.3333333333333335,83.1,7.56,6.1,4.77,6.174,0.2058
2021-09-03,2021-10-01,MSFT,301.14,300.0,4.21,1.398,1,29,3.3333333333333335,3.3333333333333335,283.11,-5.99,0.0,-4.21,-1.398,-0.0466
2021-09-03,2021-10-01,NFLX,590.53,590.0,14.68,2.4859,1,29,3.3333333333333335,3.3333333333333335,603.35,2.17,13.35,-1.34,-0.2261,-0.007537
2021-09-03,2021-10-01,NOW,678.63,680.0,19.56,2.8823,1,29,3.3333333333333335,3.3333333333333335,617.97,-8.94,0.0,-19.56,-2.8815,-0.09605
2021-09-03,2021-10-01,NVDA,228.43,230.0,9.58,4.1938,1,29,3.3333333333333335,3.3333333333333335,197.32,-13.62,0.0,-9.58,-4.196,-0.139867
2021-09-03,2021-10-01,ORCL,90.0,90.0,2.95,3.2778,1,29,3.3333333333333335,3.3333333333333335,89.26,-0.82,0.0,-2.95,-3.2778,-0.10926
2021-09-03,2021-10-01,PEP,157.09,155.0,0.32,0.2037,1,29,3.3333333333333335,3.3333333333333335,150.2,-4.39,0.0,-0.32,-0.2005,-0.006683
2021-09-03,2021-10-01,PG,144.05,144.0,2.03,1.4092,1,29,3.3333333333333335,3.3333333333333335,138.79,-3.65,0.0,-2.03,-1.4127,-0.04709
2021-09-03,2021-10-01,TSLA,733.57,735.0,30.27,4.1264,1,29,3.3333333333333335,3.3333333333333335,781.53,6.54,46.53,16.27,2.2172,0.073907
2021-09-03,2021-10-01,UNH,422.86,425.0,11.85,2.8023,1,29,3.3333333333333335,3.3333333333333335,387.01,-8.48,0.0,-11.85,-2.8023,-0.09341
2021-09-03,2021-10-01,WMT,149.25,149.0,1.94,1.2998,1,29,3.3333333333333335,3.3333333333333335,135.73,-9.06,0.0,-1.94,-1.2965,-0.043217
2021-10-04,2021-10-29,BAC,43.34,43.0,1.13,2.6073,1,11,3.3333333333333335,3.3333333333333335,47.85,10.41,4.85,3.72,8.5833,0.28611
2021-10-04,2021-10-29,CRM,270.86,270.0,5.57,2.0564,1,11,3.3333333333333335,3.3333333333333335,302.76,11.78,32.76,27.19,10.0384,0.334613
2021-10-04,2021-10-29,CVX,104.72,105.0,3.54,3.3804,1,11,3.3333333333333335,3.3333333333333335,114.53,9.37,9.53,5.99,5.72,0.190667
2021-10-04,2021-10-29,IBM,144.11,144.0,4.8,3.3308,1,11,3.3333333333333335,3.3333333333333335,126.28,-12.37,0.0,-4.8,-3.3273,-0.11091
2021-10-04,2021-10-29,JPM,166.95,165.0,3.25,1.9467,1,11,3.3333333333333335,3.3333333333333335,169.8,1.71,4.8,1.56,0.9314,0.031047
2021-10-04,2021-10-29,MA,344.2,345.0,12.66,3.6781,1,11,3.3333333333333335,3.3333333333333335,334.05,-2.95,0.0,-12.66,-3.6781,-0.122603
2021-10-04,2021-10-29,MRK,83.1,83.0,2.53,3.0445,1,11,3.3333333333333335,3.3333333333333335,87.84,5.7,4.84,2.31,2.7798,0.09266
2021-10-04,2021-10-29,NFLX,603.35,605.0,26.38,4.3723,1,11,3.3333333333333335,3.3333333333333335,681.17,12.9,76.17,49.79,8.2531,0.275103
2021-10-04,2021-10-29,TSLA,781.53,780.0,45.4,5.8091,1,11,3.3333333333333335,3.3333333333333335,742.66,-4.97,0.0,-45.4,-5.8091,-0.193637
2021-10-04,2021-10-29,WFC,47.02,47.0,1.72,3.658,1,11,3.3333333333333335,3.3333333333333335,51.71,9.97,4.71,2.99,6.359,0.211967
2021-10-04,2021-10-29,XOM,61.72,62.0,3.41,5.525,1,11,3.3333333333333335,3.3333333333333335,65.63,6.34,3.63,0.22,0.3564,0.01188
2021-11-01,2021-11-26,AAPL,148.96,149.0,3.37,2.2624,1,31,3.3333333333333335,3.3333333333333335,156.81,5.27,7.81,4.44,2.9807,0.099357
2021-11-01,2021-11-26,ABBV,114.81,115.0,2.46,2.1427,1,31,3.3333333333333335,3.3333333333333335,116.51,1.48,1.51,-0.95,-0.8231,-0.027437
2021-11-01,2021-11-26,ABT,128.94,129.0,2.27,1.7605,1,31,3.3333333333333335,3.3333333333333335,125.88,-2.37,0.0,-2.27,-1.7605,-0.058683
2021-11-01,2021-11-26,ADBE,640.2,640.0,16.95,2.6476,1,31,3.3333333333333335,3.3333333333333335,662.1,3.42,22.1,5.15,0.8044,0.026813
2021-11-01,2021-11-26,AVGO,528.05,530.0,13.84,2.621,1,31,3.3333333333333335,3.3333333333333335,546.6,3.51,16.6,2.76,0.5227,0.017423
2021-11-01,2021-11-26,BAC,47.85,48.0,1.28,2.675,1,31,3.3333333333333335,3.3333333333333335,45.76,-4.37,0.0,-1.28,-2.6646,-0.08882
2021-11-01,2021-11-26,BX,137.57,138.0,4.46,3.242,1,31,3.3333333333333335,3.3333333333333335,143.81,4.54,5.81,1.35,0.9777,0.03259
2021-11-01,2021-11-26,COST,491.87,490.0,9.02,1.8338,1,31,3.3333333333333335,3.3333333333333335,546.13,11.03,56.13,47.11,9.5788,0.319293
2021-11-01,2021-11-26,CRM,302.76,305.0,10.37,3.4252,1,31,3.3333333333333335,3.3333333333333335,284.21,-6.13,0.0,-10.37,-3.4252,-0.114173
2021-11-01,2021-11-26,CVX,114.53,115.0,3.59,3.1345,1,31,3.3333333333333335,3.3333333333333335,114.51,-0.02,0.0,-3.59,-3.1302,-0.10434
2021-11-01,2021-11-26,GOOGL,2869.94,2870.0,63.63,2.2171,1,31,3.3333333333333335,3.3333333333333335,2843.6,-0.92,0.0,-63.63,-2.2171,-0.073903
2021-11-01,2021-11-26,HD,366.48,365.0,6.66,1.8173,1,31,3.3333333333333335,3.3333333333333335,402.7,9.88,37.7,31.04,8.4698,0.282327
2021-11-01,2021-11-26,INTU,608.81,610.0,21.21,3.4838,1,31,3.3333333333333335,3.3333333333333335,666.91,9.54,56.91,35.7,5.8647,0.19549
2021-11-01,2021-11-26,JNJ,163.02,165.0,5.34,3.2757,1,31,3.3333333333333335,3.3333333333333335,159.2,-2.34,0.0,-5.34,-3.2757,-0.10919
2021-11-01,2021-11-26,JPM,169.8,170.0,3.85,2.2674,1,31,3.3333333333333335,3.3333333333333335,161.93,-4.63,0.0,-3.85,-2.2674,-0.07558
2021-11-01,2021-11-26,KO,56.17,56.0,0.58,1.0326,1,31,3.3333333333333335,3.3333333333333335,53.73,-4.34,0.0,-0.58,-1.0237,-0.034123
2021-11-01,2021-11-26,LLY,249.31,250.0,5.3,2.1259,1,31,3.3333333333333335,3.3333333333333335,260.37,4.44,10.37,5.07,2.0356,0.067853
2021-11-01,2021-11-26,MRK,87.84,88.0,2.19,2.4932,1,31,3.3333333333333335,3.3333333333333335,79.16,-9.88,0.0,-2.19,-2.4932,-0.083107
2021-11-01,2021-11-26,MSFT,329.37,330.0,7.76,2.356,1,31,3.3333333333333335,3.3333333333333335,329.68,0.09,0.0,-7.76,-2.3545,-0.078483
2021-11-01,2021-11-26,NFLX,681.17,680.0,17.32,2.5427,1,31,3.3333333333333335,3.3333333333333335,665.6,-2.29,0.0,-17.32,-2.5427,-0.084757
2021-11-01,2021-11-26,NKE,166.33,165.0,2.08,1.2505,1,31,3.3333333333333335,3.3333333333333335,168.02,1.02,3.02,0.94,0.5621,0.018737
2021-11-01,2021-11-26,NOW,681.98,680.0,18.09,2.6526,1,31,3.3333333333333335,3.3333333333333335,649.55,-4.76,0.0,-18.09,-2.6526,-0.08842
2021-11-01,2021-11-26,NVDA,258.27,260.0,13.62,5.2736,1,31,3.3333333333333335,3.3333333333333335,31.5,-87.8,0.0,-13.62,-5.2716,-0.17572
2021-11-01,2021-11-26,ORCL,94.38,94.0,1.86,1.9708,1,31,3.3333333333333335,3.3333333333333335,92.33,-2.17,0.0,-1.86,-1.9708,-0.065693
2021-11-01,2021-11-26,PEP,161.26,160.0,1.12,0.6945,0,31,0.0,0.0,161.14,-0.07,1.14,0.02,0.0124,0.0
2021-11-01,2021-11-26,PG,142.64,143.0,2.06,1.4442,1,31,3.3333333333333335,3.3333333333333335,147.47,3.39,4.47,2.41,1.6896,0.05632
2021-11-01,2021-11-26,QCOM,134.81,135.0,5.63,4.1762,1,31,3.3333333333333335,3.3333333333333335,175.74,30.36,40.74,35.11,26.0478,0.86826
2021-11-01,2021-11-26,UNH,454.11,455.0,8.1,1.7837,1,31,3.3333333333333335,3.3333333333333335,439.91,-3.13,0.0,-8.1,-1.7826,-0.05942
2021-11-01,2021-11-26,WFC,51.71,52.0,2.15,4.1578,1,31,3.3333333333333335,3.3333333333333335,48.43,-6.34,0.0,-2.15,-4.1481,-0.13827
2021-11-01,2021-11-26,WMT,149.79,150.0,3.45,2.3032,1,31,3.3333333333333335,3.3333333333333335,144.9,-3.26,0.0,-3.45,-2.3032,-0.076773
2021-11-01,2021-11-26,XOM,65.63,66.0,2.39,3.6416,1,31,3.3333333333333335,3.3333333333333335,61.25,-6.67,0.0,-2.39,-3.634,-0.121133
2021-12-27,2022-01-21,AAPL,180.33,180.0,4.53,2.5121,1,26,3.3333333333333335,3.3333333333333335,161.62,-10.38,0.0,-4.53,-2.5148,-0.083827
2021-12-27,2022-01-21,ABBV,134.41,134.0,3.24,2.4105,1,26,3.3333333333333335,3.3333333333333335,132.16,-1.67,0.0,-3.24,-2.4143,-0.080477
2021-12-27,2022-01-21,ABT,141.46,141.0,2.96,2.0925,1,26,3.3333333333333335,3.3333333333333335,123.82,-12.47,0.0,-2.96,-2.0925,-0.06975
2021-12-27,2022-01-21,AMZN,3393.39,3395.0,94.53,2.7857,1,26,3.3333333333333335,3.3333333333333335,2890.88,-14.81,0.0,-94.53,-2.7856,-0.092853
2021-12-27,2022-01-21,AVGO,674.28,675.0,18.06,2.6784,1,26,3.3333333333333335,3.3333333333333335,541.58,-19.68,0.0,-18.06,-2.6784,-0.08928
2021-12-27,2022-01-21,COST,563.47,565.0,13.73,2.4367,1,26,3.3333333333333335,3.3333333333333335,488.9,-13.23,0.0,-13.73,-2.4358,-0.081193
2021-12-27,2022-01-21,CVX,118.79,119.0,3.45,2.9043,1,26,3.3333333333333335,3.3333333333333335,127.18,7.06,8.18,4.73,3.9776,0.132587
2021-12-27,2022-01-21,GOOG,2961.28,2960.0,68.84,2.3247,1,26,3.3333333333333335,3.3333333333333335,2607.44,-11.95,0.0,-68.84,-2.3247,-0.07749
2021-12-27,2022-01-21,GOOGL,2958.13,2960.0,66.42,2.2453,1,26,3.3333333333333335,3.3333333333333335,2607.0,-11.87,0.0,-66.42,-2.2453,-0.074843
2021-12-27,2022-01-21,HD,404.09,405.0,9.23,2.2841,1,26,3.3333333333333335,3.3333333333333335,363.81,-9.97,0.0,-9.23,-2.2829,-0.076097
2021-12-27,2022-01-21,IBM,131.62,132.0,3.09,2.3477,1,26,3.3333333333333335,3.3333333333333335,128.82,-2.13,0.0,-3.09,-2.3477,-0.078257
2021-12-27,2022-01-21,INTU,652.77,655.0,32.42,4.9665,1,26,3.3333333333333335,3.3333333333333335,528.55,-19.03,0.0,-32.42,-4.9673,-0.165577
2021-12-27,2022-01-21,JNJ,169.67,170.0,2.88,1.6974,1,26,3.3333333333333335,3.3333333333333335,162.97,-3.95,0.0,-2.88,-1.6945,-0.056483
2021-12-27,2022-01-21,KO,58.65,58.5,0.68,1.1594,1,26,3.3333333333333335,3.3333333333333335,59.96,2.23,1.46,0.77,1.3214,0.044047
2021-12-27,2022-01-21,LLY,278.41,277.5,7.49,2.6903,1,26,3.3333333333333335,3.3333333333333335,240.42,-13.65,0.0,-7.49,-2.6921,-0.089737
2021-12-27,2022-01-21,MA,360.31,360.0,9.35,2.595,1,26,3.3333333333333335,3.3333333333333335,349.42,-3.02,0.0,-9.35,-2.5936,-0.086453
2021-12-27,2022-01-21,MSFT,342.45,342.5,7.5,2.1901,1,26,3.3333333333333335,3.3333333333333335,296.37,-13.46,0.0,-7.5,-2.1916,-0.073053
2021-12-27,2022-01-21,NKE,167.58,167.5,3.68,2.196,1,26,3.3333333333333335,3.3333333333333335,146.0,-12.88,0.0,-3.68,-2.196,-0.0732
2021-12-27,2022-01-21,NVDA,309.45,310.0,15.68,5.0671,1,26,3.3333333333333335,3.3333333333333335,233.72,-24.47,0.0,-15.68,-5.0654,-0.168847
2021-12-27,2022-01-21,PEP,171.47,172.5,3.83,2.2336,1,26,3.3333333333333335,3.3333333333333335,173.33,1.08,0.83,-3.0,-1.7525,-0.058417
2021-12-27,2022-01-21,PG,161.97,162.5,3.76,2.3214,1,26,3.3333333333333335,3.3333333333333335,161.3,-0.41,0.0,-3.76,-2.3245,-0.077483
2021-12-27,2022-01-21,QCOM,186.33,187.5,7.08,3.7997,1,26,3.3333333333333335,3.3333333333333335,170.07,-8.73,0.0,-7.08,-3.8024,-0.126747
2021-12-27,2022-01-21,TMO,662.21,660.0,13.69,2.0673,1,26,3.3333333333333335,3.3333333333333335,580.33,-12.36,0.0,-13.69,-2.0681,-0.068937
2021-12-27,2022-01-21,TSLA,1093.94,1095.0,69.97,6.3961,1,26,3.3333333333333335,3.3333333333333335,930.0,-14.99,0.0,-69.97,-6.3961,-0.213203
2021-12-27,2022-01-21,UNH,499.5,500.0,12.28,2.4585,1,26,3.3333333333333335,3.3333333333333335,462.27,-7.45,0.0,-12.28,-2.4585,-0.08195
2021-12-27,2022-01-21,V,217.63,217.5,5.12,2.3526,1,26,3.3333333333333335,3.3333333333333335,201.85,-7.25,0.0,-5.12,-2.3549,-0.078497
2022-01-24,2022-02-18,CVX,127.18,127.0,5.31,4.1752,1,6,3.3333333333333335,3.3333333333333335,133.42,4.91,6.42,1.11,0.8728,0.029093
2022-01-24,2022-02-18,KO,59.96,60.0,1.42,2.3682,1,6,3.3333333333333335,3.3333333333333335,62.54,4.3,2.54,1.12,1.8679,0.062263
2022-01-24,2022-02-18,MRK,78.83,79.0,3.33,4.2243,1,6,3.3333333333333335,3.3333333333333335,76.37,-3.12,0.0,-3.33,-4.2306,-0.14102
2022-01-24,2022-02-18,PEP,173.33,172.5,5.28,3.0462,1,6,3.3333333333333335,3.3333333333333335,167.71,-3.24,0.0,-5.28,-3.0491,-0.101637
2022-01-24,2022-02-18,WFC,53.32,53.0,1.92,3.6009,1,6,3.3333333333333335,3.3333333333333335,55.63,4.33,2.63,0.71,1.3316,0.044387
2022-01-24,2022-02-18,XOM,72.79,73.0,3.19,4.3825,1,6,3.3333333333333335,3.3333333333333335,77.36,6.28,4.36,1.17,1.6005,0.05335
2022-02-18,2022-03-18,AAPL,167.3,165.0,3.44,2.0562,1,20,3.3333333333333335,3.3333333333333335,163.98,-1.98,0.0,-3.44,-2.0562,-0.06854
2022-02-18,2022-03-18,ABBV,144.03,145.0,4.79,3.3257,1,20,3.3333333333333335,3.3333333333333335,159.2,10.53,14.2,9.41,6.5368,0.217893
2022-02-18,2022-03-18,AMZN,3052.03,3050.0,114.13,3.7395,1,20,3.3333333333333335,3.3333333333333335,3225.0,5.67,175.0,60.87,1.9944,0.06648
2022-02-18,2022-03-18,AVGO,579.99,580.0,27.77,4.788,1,20,3.3333333333333335,3.3333333333333335,610.4,5.24,30.4,2.63,0.4535,0.015117
2022-02-18,2022-03-18,BAC,45.96,46.0,1.71,3.7206,1,20,3.3333333333333335,3.3333333333333335,42.9,-6.66,0.0,-1.71,-3.7206,-0.12402
2022-02-18,2022-03-18,BX,123.86,125.0,6.82,5.5062,1,20,3.3333333333333335,3.3333333333333335,122.85,-0.82,0.0,-6.82,-5.5062,-0.18354
2022-02-18,2022-03-18,COST,512.67,515.0,19.23,3.751,1,20,3.3333333333333335,3.3333333333333335,561.35,9.5,46.35,27.12,5.2909,0.176363
2022-02-18,2022-03-18,CVX,133.42,135.0,5.89,4.4146,1,20,3.3333333333333335,3.3333333333333335,161.73,21.22,26.73,20.84,15.6198,0.52066
2022-02-18,2022-03-18,DIS,151.36,150.0,3.87,2.5568,1,20,3.3333333333333335,3.3333333333333335,140.3,-7.31,0.0,-3.87,-2.5568,-0.085227
2022-02-18,2022-03-18,GOOG,2609.35,2610.0,93.14,3.5695,1,20,3.3333333333333335,3.3333333333333335,2736.0,4.85,126.0,32.86,1.2593,0.041977
2022-02-18,2022-03-18,JNJ,163.36,165.0,5.02,3.073,1,20,3.3333333333333335,3.3333333333333335,174.84,7.03,9.84,4.82,2.9505,0.09835
2022-02-18,2022-03-18,JPM,152.14,150.0,2.63,1.7287,1,20,3.3333333333333335,3.3333333333333335,140.1,-7.91,0.0,-2.63,-1.7287,-0.057623
2022-02-18,2022-03-18,KO,62.54,62.5,1.48,2.3665,1,20,3.3333333333333335,3.3333333333333335,60.1,-3.9,0.0,-1.48,-2.3665,-0.078883
2022-02-18,2022-03-18,MA,369.95,370.0,13.12,3.5464,1,20,3.3333333333333335,3.3333333333333335,350.09,-5.37,0.0,-13.12,-3.5478,-0.11826
2022-02-18,2022-03-18,NFLX,391.29,390.0,17.8,4.5491,1,20,3.3333333333333335,3.3333333333333335,380.6,-2.73,0.0,-17.8,-4.5491,-0.151637
2022-02-18,2022-03-18,NVDA,236.42,235.0,14.1,5.964,1,20,3.3333333333333335,3.3333333333333335,264.5,11.88,29.5,15.4,6.5138,0.217127
2022-02-18,2022-03-18,UNH,467.81,470.0,16.6,3.5484,1,20,3.3333333333333335,3.3333333333333335,506.12,8.19,36.12,19.52,4.1737,0.139123
2022-02-18,2022-03-18,V,222.69,225.0,9.45,4.2436,1,20,3.3333333333333335,3.3333333333333335,219.11,-1.61,0.0,-9.45,-4.2458,-0.141527
2022-02-18,2022-03-18,WFC,55.63,55.0,1.48,2.6604,1,20,3.3333333333333335,3.3333333333333335,51.42,-7.57,0.0,-1.48,-2.6694,-0.08898
2022-02-18,2022-03-18,XOM,77.36,77.5,2.89,3.7358,1,20,3.3333333333333335,3.3333333333333335,78.67,1.69,1.17,-1.72,-2.2234,-0.074113
2022-04-18,2022-05-13,ABBV,159.36,160.0,5.32,3.3384,1,17,3.3333333333333335,3.3333333333333335,155.47,-2.44,0.0,-5.32,-3.3384,-0.11128
2022-04-18,2022-05-13,AMZN,3055.7,3055.0,138.94,4.5469,1,17,3.3333333333333335,3.3333333333333335,2216.21,-27.47,0.0,-138.94,-4.5469,-0.151563
2022-04-18,2022-05-13,AVGO,586.5,585.0,20.05,3.4186,1,17,3.3333333333333335,3.3333333333333335,582.67,-0.65,0.0,-20.05,-3.4186,-0.113953
2022-04-18,2022-05-13,CMCSA,46.86,47.0,1.33,2.8382,1,17,3.3333333333333335,3.3333333333333335,41.87,-10.65,0.0,-1.33,-2.8382,-0.094607
2022-04-18,2022-05-13,COST,582.12,580.0,11.89,2.0425,1,17,3.3333333333333335,3.3333333333333335,494.53,-15.05,0.0,-11.89,-2.0425,-0.068083
2022-04-18,2022-05-13,CVX,173.89,175.0,6.57,3.7783,1,17,3.3333333333333335,3.3333333333333335,173.01,-0.51,0.0,-6.57,-3.7754,-0.125847
2022-04-18,2022-05-13,IBM,126.17,126.0,4.69,3.7172,1,17,3.3333333333333335,3.3333333333333335,135.03,7.02,9.03,4.34,3.4438,0.114793
2022-04-18,2022-05-13,JNJ,177.66,180.0,6.12,3.4448,1,17,3.3333333333333335,3.3333333333333335,178.08,0.24,0.0,-6.12,-3.4448,-0.114827
2022-04-18,2022-05-13,KO,64.44,64.0,0.83,1.288,1,17,3.3333333333333335,3.3333333333333335,65.96,2.36,1.96,1.13,1.7536,0.058453
2022-04-18,2022-05-13,LLY,298.82,300.0,10.51,3.5172,1,17,3.3333333333333335,3.3333333333333335,299.38,0.19,0.0,-10.51,-3.5172,-0.11724
2022-04-18,2022-05-13,MRK,86.07,86.0,1.96,2.2772,1,17,3.3333333333333335,3.3333333333333335,92.32,7.26,6.32,4.36,5.0715,0.16905
2022-04-18,2022-05-13,ORCL,78.22,78.0,1.97,2.5185,1,17,3.3333333333333335,3.3333333333333335,69.71,-10.88,0.0,-1.97,-2.5185,-0.08395
2022-04-18,2022-05-13,PEP,170.42,170.0,3.34,1.9599,1,17,3.3333333333333335,3.3333333333333335,175.47,2.96,5.47,2.13,1.2499,0.041663
2022-04-18,2022-05-13,TSLA,1004.29,1005.0,61.35,6.1088,1,17,3.3333333333333335,3.3333333333333335,724.37,-27.87,0.0,-61.35,-6.1093,-0.203643
2022-04-18,2022-05-13,UNH,534.08,535.0,15.58,2.9172,1,17,3.3333333333333335,3.3333333333333335,489.22,-8.4,0.0,-15.58,-2.9172,-0.09724
2022-04-18,2022-05-13,WMT,155.88,155.0,2.71,1.7385,1,17,3.3333333333333335,3.3333333333333335,148.21,-4.92,0.0,-2.71,-1.7385,-0.05795
2022-04-18,2022-05-13,XOM,88.55,89.0,3.93,4.4382,1,17,3.3333333333333335,3.3333333333333335,90.95,2.71,1.95,-1.99,-2.2417,-0.074723
2022-05-16,2022-06-10,IBM,135.03,135.0,3.77,2.792,1,7,3.3333333333333335,3.3333333333333335,135.11,0.06,0.11,-3.65,-2.7068,-0.090227
2022-05-16,2022-06-10,JNJ,178.08,180.0,6.04,3.3917,1,7,3.3333333333333335,3.3333333333333335,170.81,-4.08,0.0,-6.04,-3.3917,-0.113057
2022-05-16,2022-06-10,KO,65.96,66.0,1.53,2.3196,1,7,3.3333333333333335,3.3333333333333335,61.34,-7.0,0.0,-1.53,-2.3196,-0.07732
2022-05-16,2022-06-10,LLY,299.38,300.0,9.97,3.3302,1,7,3.3333333333333335,3.3333333333333335,291.28,-2.71,0.0,-9.97,-3.3302,-0.111007
2022-05-16,2022-06-10,MRK,92.32,92.0,2.04,2.2097,1,7,3.3333333333333335,3.3333333333333335,85.0,-7.93,0.0,-2.04,-2.2097,-0.073657
2022-05-16,2022-06-10,PEP,175.47,175.0,3.96,2.2568,1,7,3.3333333333333335,3.3333333333333335,159.74,-8.96,0.0,-3.96,-2.2596,-0.07532
2022-05-16,2022-06-10,XOM,90.95,91.0,3.43,3.7713,1,7,3.3333333333333335,3.3333333333333335,95.85,5.39,4.85,1.42,1.5668,0.052227
2022-06-13,2022-07-08,CRM,166.03,165.0,7.69,4.6317,1,5,3.3333333333333335,3.3333333333333335,174.36,5.02,9.36,1.68,1.0089,0.03363
2022-06-13,2022-07-08,IBM,135.11,135.0,4.14,3.0642,1,5,3.3333333333333335,3.3333333333333335,141.0,4.36,6.0,1.86,1.373,0.045767
2022-06-13,2022-07-08,INTU,363.99,365.0,21.21,5.8271,1,5,3.3333333333333335,3.3333333333333335,402.56,10.6,37.56,16.35,4.4933,0.149777
2022-06-13,2022-07-08,NOW,440.37,440.0,6.52,1.4806,1,5,3.3333333333333335,3.3333333333333335,490.4,11.36,50.4,43.89,9.9655,0.332183
2022-06-13,2022-07-08,XOM,95.85,96.0,3.95,4.121,1,5,3.3333333333333335,3.3333333333333335,85.64,-10.65,0.0,-3.95,-4.1158,-0.137193
2022-07-11,2022-08-05,AAPL,144.87,145.0,5.82,4.0174,1,29,3.3333333333333335,3.3333333333333335,164.87,13.81,19.87,14.05,9.7018,0.323393
2022-07-11,2022-08-05,ABBV,153.23,155.0,7.19,4.6923,1,29,3.3333333333333335,3.3333333333333335,140.34,-8.41,0.0,-7.19,-4.689,-0.1563
2022-07-11,2022-08-05,ABT,108.89,109.0,3.66,3.3612,1,29,3.3333333333333335,3.3333333333333335,109.0,0.1,0.0,-3.66,-3.3566,-0.111887
2022-07-11,2022-08-05,ADBE,384.16,385.0,16.44,4.2795,1,29,3.3333333333333335,3.3333333333333335,434.34,13.06,49.34,32.9,8.5641,0.28547
2022-07-11,2022-08-05,AMZN,111.75,112.0,6.41,5.736,1,29,3.3333333333333335,3.3333333333333335,139.41,24.75,27.41,21.01,18.7964,0.626547
2022-07-11,2022-08-05,COST,498.9,500.0,14.94,2.9946,1,29,3.3333333333333335,3.3333333333333335,541.9,8.62,41.9,26.96,5.4039,0.18013
2022-07-11,2022-08-05,CRM,174.36,175.0,8.02,4.5997,1,29,3.3333333333333335,3.3333333333333335,189.75,8.83,14.75,6.73,3.8598,0.12866
2022-07-11,2022-08-05,GOOG,2330.45,2330.0,108.06,4.6369,1,29,3.3333333333333335,3.3333333333333335,2362.8,1.39,32.8,-75.26,-3.2294,-0.107647
2022-07-11,2022-08-05,GOOGL,2313.53,2315.0,106.72,4.6129,1,29,3.3333333333333335,3.3333333333333335,2346.0,1.4,31.0,-75.72,-3.2729,-0.109097
2022-07-11,2022-08-05,HD,286.39,285.0,7.33,2.5594,1,29,3.3333333333333335,3.3333333333333335,311.97,8.93,26.97,19.64,6.856,0.228533
2022-07-11,2022-08-05,IBM,141.0,141.0,4.82,3.4184,1,29,3.3333333333333335,3.3333333333333335,132.61,-5.95,0.0,-4.82,-3.4184,-0.113947
2022-07-11,2022-08-05,INTU,402.56,400.0,14.75,3.6641,1,29,3.3333333333333335,3.3333333333333335,466.76,15.95,66.76,52.01,12.9198,0.43066
2022-07-11,2022-08-05,JNJ,178.35,180.0,5.22,2.9268,1,29,3.3333333333333335,3.3333333333333335,170.2,-4.57,0.0,-5.22,-2.9296,-0.097653
2022-07-11,2022-08-05,KO,62.94,63.0,1.73,2.7486,1,29,3.3333333333333335,3.3333333333333335,62.97,0.05,0.0,-1.73,-2.7487,-0.091623
2022-07-11,2022-08-05,LLY,331.07,330.0,11.46,3.4615,1,29,3.3333333333333335,3.3333333333333335,302.5,-8.63,0.0,-11.46,-3.463,-0.115433
2022-07-11,2022-08-05,MA,324.19,325.0,13.75,4.2413,1,29,3.3333333333333335,3.3333333333333335,352.16,8.63,27.16,13.41,4.1349,0.13783
2022-07-11,2022-08-05,MRK,94.3,94.0,2.25,2.386,1,29,3.3333333333333335,3.3333333333333335,88.49,-6.16,0.0,-2.25,-2.386,-0.079533
2022-07-11,2022-08-05,MSFT,264.51,265.0,10.09,3.8146,1,29,3.3333333333333335,3.3333333333333335,280.32,5.98,15.32,5.23,1.9754,0.065847
2022-07-11,2022-08-05,NFLX,177.34,175.0,12.58,7.0937,1,29,3.3333333333333335,3.3333333333333335,233.49,31.66,58.49,45.91,25.8881,0.862937
2022-07-11,2022-08-05,NOW,490.4,490.0,31.65,6.4539,1,29,3.3333333333333335,3.3333333333333335,494.95,0.93,4.95,-26.7,-5.4445,-0.181483
2022-07-11,2022-08-05,ORCL,71.57,72.0,2.37,3.3114,1,29,3.3333333333333335,3.3333333333333335,76.47,6.85,4.47,2.11,2.9412,0.09804
2022-07-11,2022-08-05,PEP,170.47,170.0,3.87,2.2702,1,29,3.3333333333333335,3.3333333333333335,173.85,1.98,3.85,-0.02,-0.0147,-0.00049
2022-07-11,2022-08-05,PG,146.04,145.0,3.62,2.4788,1,29,3.3333333333333335,3.3333333333333335,145.27,-0.53,0.27,-3.35,-2.2939,-0.076463
2022-07-11,2022-08-05,QCOM,132.24,132.0,6.73,5.0892,1,29,3.3333333333333335,3.3333333333333335,147.81,11.77,15.81,9.08,6.8663,0.228877
2022-07-11,2022-08-05,TSLA,703.03,705.0,55.48,7.8916,1,29,3.3333333333333335,3.3333333333333335,871.27,23.93,166.27,110.79,15.7582,0.525273
2022-07-11,2022-08-05,UNH,516.95,515.0,13.3,2.5728,1,29,3.3333333333333335,3.3333333333333335,536.6,3.8,21.6,8.29,1.6046,0.053487
2022-07-11,2022-08-05,V,205.06,205.0,7.37,3.5941,1,29,3.3333333333333335,3.3333333333333335,213.32,4.03,8.32,0.95,0.4633,0.015443
2022-07-11,2022-08-05,WFC,39.79,40.0,2.08,5.2274,1,29,3.3333333333333335,3.3333333333333335,43.19,8.54,3.19,1.1,2.7771,0.09257
2022-07-11,2022-08-05,WMT,125.45,125.0,2.61,2.0805,1,29,3.3333333333333335,3.3333333333333335,127.61,1.72,2.61,0.0,0.004,0.000133
2022-08-08,2022-09-02,AAPL,164.87,165.0,4.37,2.6506,1,30,3.3333333333333335,3.3333333333333335,155.81,-5.5,0.0,-4.37,-2.6475,-0.08825
2022-08-08,2022-09-02,ABT,109.0,109.0,2.4,2.2018,1,30,3.3333333333333335,3.3333333333333335,102.5,-5.96,0.0,-2.4,-2.2018,-0.073393
2022-08-08,2022-09-02,ADBE,434.34,435.0,13.43,3.092,1,30,3.3333333333333335,3.3333333333333335,368.14,-15.24,0.0,-13.43,-3.092,-0.103067
2022-08-08,2022-09-02,AMZN,139.41,139.0,4.79,3.4359,1,30,3.3333333333333335,3.3333333333333335,127.51,-8.54,0.0,-4.79,-3.4395,-0.11465
2022-08-08,2022-09-02,AVGO,545.53,545.0,20.43,3.745,1,30,3.3333333333333335,3.3333333333333335,500.22,-8.31,0.0,-20.43,-3.7459,-0.124863
2022-08-08,2022-09-02,BAC,33.49,33.0,0.65,1.9409,1,30,3.3333333333333335,3.3333333333333335,33.43,-0.18,0.43,-0.22,-0.6718,-0.022393
2022-08-08,2022-09-02,BX,102.71,103.0,5.11,4.9752,1,30,3.3333333333333335,3.3333333333333335,93.82,-8.66,0.0,-5.11,-4.9703,-0.165677
2022-08-08,2022-09-02,COST,541.9,540.0,11.57,2.1351,1,30,3.3333333333333335,3.3333333333333335,519.11,-4.21,0.0,-11.57,-2.1351,-0.07117
2022-08-08,2022-09-02,CRM,189.75,190.0,7.5,3.9526,1,30,3.3333333333333335,3.3333333333333335,153.69,-19.0,0.0,-7.5,-3.9499,-0.131663
2022-08-08,2022-09-02,DIS,109.11,109.0,4.46,4.0876,1,30,3.3333333333333335,3.3333333333333335,111.2,1.92,2.2,-2.27,-2.0759,-0.069197
2022-08-08,2022-09-02,HD,311.97,310.0,9.36,3.0003,1,30,3.3333333333333335,3.3333333333333335,291.9,-6.43,0.0,-9.36,-3.0019,-0.100063
2022-08-08,2022-09-02,INTU,466.76,465.0,19.85,4.2527,1,30,3.3333333333333335,3.3333333333333335,420.06,-10.01,0.0,-19.85,-4.2527,-0.141757
2022-08-08,2022-09-02,JPM,114.35,114.0,2.69,2.3524,1,30,3.3333333333333335,3.3333333333333335,113.71,-0.56,0.0,-2.69,-2.3481,-0.07827
2022-08-08,2022-09-02,KO,62.97,63.0,1.19,1.8898,1,30,3.3333333333333335,3.3333333333333335,61.15,-2.89,0.0,-1.19,-1.8977,-0.063257
2022-08-08,2022-09-02,MA,352.16,350.0,8.72,2.4761,1,30,3.3333333333333335,3.3333333333333335,322.56,-8.41,0.0,-8.72,-2.4761,-0.082537
2022-08-08,2022-09-02,META,170.25,170.0,7.21,4.2349,1,30,3.3333333333333335,3.3333333333333335,160.32,-5.83,0.0,-7.21,-4.2379,-0.141263
2022-08-08,2022-09-02,MSFT,280.32,280.0,6.96,2.4829,1,30,3.3333333333333335,3.3333333333333335,256.06,-8.65,0.0,-6.96,-2.4829,-0.082763
2022-08-08,2022-09-02,NFLX,233.49,235.0,12.5,5.3535,1,30,3.3333333333333335,3.3333333333333335,226.11,-3.16,0.0,-12.5,-5.3557,-0.178523
2022-08-08,2022-09-02,NKE,114.0,114.0,3.75,3.2895,1,30,3.3333333333333335,3.3333333333333335,105.74,-7.25,0.0,-3.75,-3.2895,-0.10965
2022-08-08,2022-09-02,NOW,494.95,495.0,23.03,4.653,1,30,3.3333333333333335,3.3333333333333335,434.5,-12.21,0.0,-23.03,-4.653,-0.1551
2022-08-08,2022-09-02,NVDA,177.93,180.0,12.14,6.8229,1,30,3.3333333333333335,3.3333333333333335,136.47,-23.3,0.0,-12.14,-6.8201,-0.227337
2022-08-08,2022-09-02,ORCL,76.47,76.0,1.37,1.7916,1,30,3.3333333333333335,3.3333333333333335,74.68,-2.34,0.0,-1.37,-1.7981,-0.059937
2022-08-08,2022-09-02,PEP,173.85,175.0,4.18,2.4044,1,30,3.3333333333333335,3.3333333333333335,170.66,-1.83,0.0,-4.18,-2.4072,-0.08024
2022-08-08,2022-09-02,QCOM,147.81,148.0,5.87,3.9713,1,30,3.3333333333333335,3.3333333333333335,128.48,-13.08,0.0,-5.87,-3.9679,-0.132263
2022-08-08,2022-09-02,TSLA,871.27,870.0,49.63,5.6963,1,30,3.3333333333333335,3.3333333333333335,810.63,-6.96,0.0,-49.63,-5.6963,-0.189877
2022-08-08,2022-09-02,UNH,536.6,535.0,14.75,2.7488,1,30,3.3333333333333335,3.3333333333333335,516.35,-3.77,0.0,-14.75,-2.7488,-0.091627
2022-08-08,2022-09-02,V,213.32,215.0,8.14,3.8159,1,30,3.3333333333333335,3.3333333333333335,197.76,-7.29,0.0,-8.14,-3.8159,-0.127197
2022-08-08,2022-09-02,WFC,43.19,43.0,1.05,2.4311,1,30,3.3333333333333335,3.3333333333333335,43.38,0.44,0.38,-0.66,-1.5397,-0.051323
2022-08-08,2022-09-02,WMT,127.61,128.0,4.59,3.5969,1,30,3.3333333333333335,3.3333333333333335,133.0,4.22,5.0,0.4,0.3174,0.01058
2022-08-08,2022-09-02,XOM,88.95,89.0,3.48,3.9123,1,30,3.3333333333333335,3.3333333333333335,95.59,7.46,6.59,3.11,3.502,0.116733
2022-09-02,2022-09-30,CVX,157.85,157.5,5.82,3.687,1,6,3.3333333333333335,3.3333333333333335,151.73,-3.88,0.0,-5.82,-3.6902,-0.123007
2022-09-02,2022-09-30,DIS,111.2,111.0,3.8,3.4173,1,6,3.3333333333333335,3.3333333333333335,97.13,-12.65,0.0,-3.8,-3.4173,-0.11391
2022-09-02,2022-09-30,TMO,543.55,540.0,10.5,1.9317,1,6,3.3333333333333335,3.3333333333333335,522.93,-3.79,0.0,-10.5,-1.9308,-0.06436
2022-09-02,2022-09-30,WFC,43.38,43.0,1.23,2.8354,1,6,3.3333333333333335,3.3333333333333335,41.58,-4.15,0.0,-1.23,-2.8354,-0.094513
2022-09-02,2022-09-30,WMT,133.0,133.0,3.2,2.406,1,6,3.3333333333333335,3.3333333333333335,132.53,-0.35,0.0,-3.2,-2.406,-0.0802
2022-09-02,2022-09-30,XOM,95.59,96.0,4.51,4.7181,1,6,3.3333333333333335,3.3333333333333335,91.92,-3.84,0.0,-4.51,-4.7128,-0.157093
2022-10-03,2022-10-28,ABBV,138.32,140.0,6.84,4.9451,1,5,3.3333333333333335,3.3333333333333335,146.4,5.84,6.4,-0.44,-0.3181,-0.010603
2022-10-03,2022-10-28,JNJ,163.2,165.0,5.35,3.2782,1,5,3.3333333333333335,3.3333333333333335,173.97,6.6,8.97,3.62,2.2181,0.073937
2022-10-03,2022-10-28,LLY,321.55,320.0,10.37,3.225,1,5,3.3333333333333335,3.3333333333333335,362.09,12.61,42.09,31.72,9.8663,0.328877
2022-10-03,2022-10-28,MRK,87.55,88.0,3.87,4.4203,1,5,3.3333333333333335,3.3333333333333335,101.2,15.59,13.2,9.32,10.6511,0.355037
2022-10-03,2022-10-28,NFLX,239.04,240.0,20.23,8.463,1,5,3.3333333333333335,3.3333333333333335,291.88,22.11,51.88,31.65,13.2405,0.44135
2022-10-31,2022-11-25,AAPL,153.34,152.5,4.43,2.889,1,33,3.3333333333333335,3.3333333333333335,144.22,-5.95,0.0,-4.43,-2.889,-0.0963
2022-10-31,2022-11-25,ABBV,146.4,146.0,3.7,2.5273,1,33,3.3333333333333335,3.3333333333333335,158.43,8.22,12.43,8.73,5.9631,0.19877
2022-10-31,2022-11-25,ADBE,318.5,320.0,13.0,4.0816,1,33,3.3333333333333335,3.3333333333333335,328.97,3.29,8.97,-4.03,-1.2653,-0.042177
2022-10-31,2022-11-25,AVGO,470.12,470.0,17.14,3.6459,1,33,3.3333333333333335,3.3333333333333335,522.21,11.08,52.21,35.07,7.4598,0.24866
2022-10-31,2022-11-25,BAC,36.04,36.0,1.1,3.0522,1,33,3.3333333333333335,3.3333333333333335,36.86,2.28,0.86,-0.24,-0.6659,-0.022197
2022-10-31,2022-11-25,BX,91.14,91.0,3.83,4.2023,1,33,3.3333333333333335,3.3333333333333335,88.1,-3.34,0.0,-3.83,-4.2023,-0.140077
2022-10-31,2022-11-25,CMCSA,31.74,32.0,1.53,4.8204,1,33,3.3333333333333335,3.3333333333333335,35.59,12.13,3.59,2.06,6.4902,0.21634
2022-10-31,2022-11-25,COST,501.5,500.0,12.35,2.4626,1,33,3.3333333333333335,3.3333333333333335,530.92,5.87,30.92,18.57,3.7029,0.12343
2022-10-31,2022-11-25,CRM,162.59,162.5,6.43,3.9547,1,33,3.3333333333333335,3.3333333333333335,153.69,-5.47,0.0,-6.43,-3.9517,-0.131723
2022-10-31,2022-11-25,CVX,180.9,180.0,5.4,2.9851,1,33,3.3333333333333335,3.3333333333333335,178.36,-1.4,0.0,-5.4,-2.9851,-0.099503
2022-10-31,2022-11-25,DIS,106.54,107.0,4.9,4.5992,1,33,3.3333333333333335,3.3333333333333335,95.69,-10.18,0.0,-4.9,-4.5992,-0.153307
2022-10-31,2022-11-25,HD,296.13,295.0,9.0,3.0392,1,33,3.3333333333333335,3.3333333333333335,318.92,7.7,23.92,14.92,5.0366,0.167887
2022-10-31,2022-11-25,IBM,138.29,138.0,3.61,2.6105,1,33,3.3333333333333335,3.3333333333333335,146.18,5.71,8.18,4.57,3.3083,0.110277
2022-10-31,2022-11-25,INTU,427.5,425.0,15.64,3.6585,1,33,3.3333333333333335,3.3333333333333335,385.64,-9.79,0.0,-15.64,-3.6585,-0.12195
2022-10-31,2022-11-25,JNJ,173.97,175.0,4.76,2.7361,1,33,3.3333333333333335,3.3333333333333335,177.33,1.93,2.33,-2.43,-1.3997,-0.046657
2022-10-31,2022-11-25,JPM,125.88,126.0,3.21,2.55,1,33,3.3333333333333335,3.3333333333333335,134.35,6.73,8.35,5.14,4.0833,0.13611
2022-10-31,2022-11-25,KO,59.85,60.0,1.36,2.2723,1,33,3.3333333333333335,3.3333333333333335,62.7,4.76,2.7,1.34,2.2473,0.07491
2022-10-31,2022-11-25,LLY,362.09,360.0,10.96,3.0269,1,33,3.3333333333333335,3.3333333333333335,365.77,1.02,5.77,-5.19,-1.432,-0.047733
2022-10-31,2022-11-25,MA,328.18,330.0,11.26,3.431,1,33,3.3333333333333335,3.3333333333333335,344.59,5.0,14.59,3.33,1.0147,0.033823
2022-10-31,2022-11-25,MRK,101.2,101.0,2.29,2.2628,1,33,3.3333333333333335,3.3333333333333335,108.45,7.16,7.45,5.16,5.0988,0.16996
2022-10-31,2022-11-25,NFLX,291.88,290.0,12.56,4.3031,1,33,3.3333333333333335,3.3333333333333335,281.17,-3.67,0.0,-12.56,-4.3031,-0.143437
2022-10-31,2022-11-25,NKE,92.68,93.0,3.41,3.6793,1,33,3.3333333333333335,3.3333333333333335,104.96,13.25,11.96,8.55,9.2253,0.30751
2022-10-31,2022-11-25,NOW,420.74,420.0,18.33,4.3566,1,33,3.3333333333333335,3.3333333333333335,401.93,-4.47,0.0,-18.33,-4.3566,-0.14522
2022-10-31,2022-11-25,NVDA,134.97,135.0,9.02,6.683,1,33,3.3333333333333335,3.3333333333333335,158.27,17.26,23.27,14.25,10.5616,0.352053
2022-10-31,2022-11-25,ORCL,78.07,78.0,2.32,2.9717,1,33,3.3333333333333335,3.3333333333333335,81.39,4.25,3.39,1.07,1.377,0.0459
2022-10-31,2022-11-25,PEP,181.58,180.0,1.93,1.0629,0,33,0.0,0.0,183.89,1.27,3.89,1.96,1.0794,0.0
2022-10-31,2022-11-25,PG,134.67,135.0,3.05,2.2648,1,33,3.3333333333333335,3.3333333333333335,146.6,8.86,11.6,8.56,6.3526,0.211753
2022-10-31,2022-11-25,QCOM,117.66,118.0,7.42,6.3063,1,33,3.3333333333333335,3.3333333333333335,119.54,1.6,1.54,-5.88,-4.9974,-0.16658
2022-10-31,2022-11-25,UNH,555.15,555.0,11.92,2.1472,0,33,0.0,0.0,532.27,-4.12,0.0,-11.92,-2.1481,0.0
2022-10-31,2022-11-25,V,207.16,205.0,3.72,1.7957,0,33,0.0,0.0,211.26,1.98,6.26,2.54,1.2261,0.0
2022-10-31,2022-11-25,WFC,45.99,46.0,1.46,3.1746,1,33,3.3333333333333335,3.3333333333333335,46.98,2.15,0.98,-0.48,-1.0546,-0.035153
2022-10-31,2022-11-25,WMT,142.33,142.0,3.81,2.6769,1,33,3.3333333333333335,3.3333333333333335,153.51,7.85,11.51,7.7,5.4135,0.18045
2022-10-31,2022-11-25,XOM,110.81,111.0,4.12,3.7181,1,33,3.3333333333333335,3.3333333333333335,109.81,-0.9,0.0,-4.12,-3.7136,-0.123787
2022-11-28,2022-12-23,ABBV,158.43,157.5,2.57,1.6222,1,29,3.3333333333333335,3.3333333333333335,163.1,2.95,5.6,3.04,1.9157,0.063857
2022-11-28,2022-12-23,ABT,105.39,105.0,1.25,1.1861,1,29,3.3333333333333335,3.3333333333333335,108.18,2.65,3.18,1.94,1.836,0.0612
2022-11-28,2022-12-23,ADBE,328.97,330.0,15.16,4.6083,1,29,3.3333333333333335,3.3333333333333335,338.45,2.88,8.45,-6.71,-2.0412,-0.06804
2022-11-28,2022-12-23,AVGO,522.21,520.0,16.92,3.2401,1,29,3.3333333333333335,3.3333333333333335,552.43,5.79,32.43,15.51,2.9691,0.09897
2022-11-28,2022-12-23,BAC,36.86,37.0,1.22,3.3098,1,29,3.3333333333333335,3.3333333333333335,32.47,-11.91,0.0,-1.22,-3.3098,-0.110327
2022-11-28,2022-12-23,CMCSA,35.59,35.0,0.58,1.6297,1,29,3.3333333333333335,3.3333333333333335,35.14,-1.26,0.14,-0.45,-1.2504,-0.04168
2022-11-28,2022-12-23,COST,530.92,530.0,15.14,2.8517,1,29,3.3333333333333335,3.3333333333333335,462.65,-12.86,0.0,-15.14,-2.8517,-0.095057
2022-11-28,2022-12-23,GOOG,96.25,96.0,3.1,3.2208,1,29,3.3333333333333335,3.3333333333333335,89.81,-6.69,0.0,-3.1,-3.226,-0.107533
2022-11-28,2022-12-23,GOOGL,96.05,96.0,3.18,3.3108,1,29,3.3333333333333335,3.3333333333333335,89.23,-7.1,0.0,-3.18,-3.316,-0.110533
2022-11-28,2022-12-23,HD,318.92,320.0,11.39,3.5714,1,29,3.3333333333333335,3.3333333333333335,318.73,-0.06,0.0,-11.39,-3.5714,-0.119047
2022-11-28,2022-12-23,IBM,146.18,146.0,2.95,2.0181,1,29,3.3333333333333335,3.3333333333333335,141.65,-3.1,0.0,-2.95,-2.0181,-0.06727
2022-11-28,2022-12-23,JNJ,177.33,175.0,0.68,0.3835,1,29,3.3333333333333335,3.3333333333333335,177.48,0.08,2.48,1.79,1.0122,0.03374
2022-11-28,2022-12-23,JPM,134.35,134.0,3.02,2.2479,1,29,3.3333333333333335,3.3333333333333335,131.28,-2.29,0.0,-3.02,-2.2516,-0.075053
2022-11-28,2022-12-23,KO,62.7,63.0,1.52,2.4242,1,29,3.3333333333333335,3.3333333333333335,63.82,1.79,0.82,-0.7,-1.1164,-0.037213
2022-11-28,2022-12-23,LLY,365.77,365.0,15.49,4.2349,1,29,3.3333333333333335,3.3333333333333335,367.9,0.58,2.9,-12.59,-3.4407,-0.11469
2022-11-28,2022-12-23,MA,344.59,345.0,9.21,2.6727,1,29,3.3333333333333335,3.3333333333333335,343.6,-0.29,0.0,-9.21,-2.6713,-0.089043
2022-11-28,2022-12-23,META,108.78,109.0,5.13,4.7159,1,29,3.3333333333333335,3.3333333333333335,118.04,8.51,9.04,3.91,3.5944,0.119813
2022-11-28,2022-12-23,MRK,108.45,108.0,2.28,2.1024,1,29,3.3333333333333335,3.3333333333333335,111.86,3.14,3.86,1.58,1.4615,0.048717
2022-11-28,2022-12-23,MSFT,241.76,240.0,5.82,2.4073,1,29,3.3333333333333335,3.3333333333333335,238.73,-1.25,0.0,-5.82,-2.4073,-0.080243
2022-11-28,2022-12-23,NKE,104.96,105.0,5.52,5.2591,1,29,3.3333333333333335,3.3333333333333335,116.25,10.76,11.25,5.73,5.4592,0.181973
2022-11-28,2022-12-23,NVDA,158.27,157.5,7.62,4.8146,1,29,3.3333333333333335,3.3333333333333335,152.06,-3.92,0.0,-7.62,-4.8114,-0.16038
2022-11-28,2022-12-23,ORCL,81.39,81.0,2.31,2.8382,1,29,3.3333333333333335,3.3333333333333335,80.85,-0.66,0.0,-2.31,-2.832,-0.0944
2022-11-28,2022-12-23,PEP,183.89,185.0,4.63,2.5178,1,29,3.3333333333333335,3.3333333333333335,182.26,-0.89,0.0,-4.63,-2.5151,-0.083837
2022-11-28,2022-12-23,PG,146.6,147.0,2.93,1.9986,1,29,3.3333333333333335,3.3333333333333335,152.62,4.11,5.62,2.69,1.8349,0.061163
2022-11-28,2022-12-23,QCOM,119.54,120.0,5.64,4.7181,1,29,3.3333333333333335,3.3333333333333335,110.84,-7.28,0.0,-5.64,-4.7181,-0.15727
2022-11-28,2022-12-23,TMO,540.03,540.0,12.68,2.348,1,29,3.3333333333333335,3.3333333333333335,540.68,0.12,0.68,-12.0,-2.223,-0.0741
2022-11-28,2022-12-23,V,211.26,210.0,4.67,2.2105,1,29,3.3333333333333335,3.3333333333333335,205.83,-2.57,0.0,-4.67,-2.2105,-0.073683
2022-11-28,2022-12-23,WFC,46.98,47.0,1.28,2.7246,1,29,3.3333333333333335,3.3333333333333335,40.98,-12.77,0.0,-1.28,-2.7246,-0.09082
2022-11-28,2022-12-23,WMT,153.51,152.5,2.2,1.4331,1,29,3.3333333333333335,3.3333333333333335,143.77,-6.34,0.0,-2.2,-1.4299,-0.047663
2022-12-23,2023-01-20,ABBV,163.1,162.5,3.7,2.2685,1,13,3.3333333333333335,3.3333333333333335,148.55,-8.92,0.0,-3.7,-2.2685,-0.075617
2022-12-23,2023-01-20,ABT,108.18,108.0,2.68,2.4774,1,13,3.3333333333333335,3.3333333333333335,114.01,5.39,6.01,3.33,3.0782,0.102607
2022-12-23,2023-01-20,ADBE,338.45,337.5,11.98,3.5397,1,13,3.3333333333333335,3.3333333333333335,364.98,7.84,27.48,15.5,4.5782,0.152607
2022-12-23,2023-01-20,AVGO,552.43,550.0,14.58,2.6392,1,13,3.3333333333333335,3.3333333333333335,581.63,5.29,31.63,17.04,3.0855,0.10285
2022-12-23,2023-01-20,JNJ,177.48,177.5,2.8,1.5776,1,13,3.3333333333333335,3.3333333333333335,168.31,-5.17,0.0,-2.8,-1.5776,-0.052587
2022-12-23,2023-01-20,KO,63.82,64.0,1.2,1.8803,1,13,3.3333333333333335,3.3333333333333335,60.23,-5.63,0.0,-1.2,-1.8803,-0.062677
2022-12-23,2023-01-20,LLY,367.9,367.5,9.99,2.7154,1,13,3.3333333333333335,3.3333333333333335,342.21,-6.98,0.0,-9.99,-2.7154,-0.090513
2022-12-23,2023-01-20,META,118.04,118.0,5.63,4.7696,1,13,3.3333333333333335,3.3333333333333335,143.27,21.37,25.27,19.64,16.6384,0.554613
2022-12-23,2023-01-20,MRK,111.86,112.0,2.38,2.1277,1,13,3.3333333333333335,3.3333333333333335,109.88,-1.77,0.0,-2.38,-2.1277,-0.070923
2022-12-23,2023-01-20,NFLX,294.96,295.0,20.27,6.8721,1,13,3.3333333333333335,3.3333333333333335,357.42,21.18,62.42,42.15,14.2901,0.476337
2022-12-23,2023-01-20,NKE,116.25,116.0,3.42,2.9419,1,13,3.3333333333333335,3.3333333333333335,128.29,10.36,12.29,8.86,7.6258,0.254193
2022-12-23,2023-01-20,PG,152.62,152.5,3.19,2.0902,1,13,3.3333333333333335,3.3333333333333335,141.05,-7.58,0.0,-3.19,-2.0902,-0.069673
2022-12-23,2023-01-20,TMO,540.68,540.0,19.01,3.5159,1,13,3.3333333333333335,3.3333333333333335,604.82,11.86,64.82,45.81,8.4727,0.282423
2023-01-23,2023-02-17,AAPL,141.11,141.0,4.69,3.3236,1,31,3.3333333333333335,3.3333333333333335,152.55,8.11,11.55,6.86,4.8579,0.16193
2023-01-23,2023-02-17,ABT,114.01,114.0,2.78,2.4384,1,31,3.3333333333333335,3.3333333333333335,106.74,-6.38,0.0,-2.78,-2.4428,-0.081427
2023-01-23,2023-02-17,ADBE,364.98,365.0,12.41,3.4002,1,31,3.3333333333333335,3.3333333333333335,356.85,-2.23,0.0,-12.41,-3.4002,-0.11334
2023-01-23,2023-02-17,AMZN,97.52,98.0,5.59,5.7322,1,31,3.3333333333333335,3.3333333333333335,97.2,-0.33,0.0,-5.59,-5.7322,-0.191073
2023-01-23,2023-02-17,AVGO,581.63,582.5,17.24,2.9641,1,31,3.3333333333333335,3.3333333333333335,595.6,2.4,13.1,-4.14,-0.7118,-0.023727
2023-01-23,2023-02-17,BAC,34.32,34.5,1.0,2.9138,1,31,3.3333333333333335,3.3333333333333335,35.35,3.0,0.85,-0.15,-0.4371,-0.01457
2023-01-23,2023-02-17,BX,87.83,88.0,4.73,5.3854,1,31,3.3333333333333335,3.3333333333333335,93.52,6.48,5.52,0.78,0.8938,0.029793
2023-01-23,2023-02-17,CMCSA,40.26,40.5,1.7,4.2226,1,31,3.3333333333333335,3.3333333333333335,39.12,-2.83,0.0,-1.7,-4.2226,-0.140753
2023-01-23,2023-02-17,COST,492.61,492.5,11.84,2.4035,1,31,3.3333333333333335,3.3333333333333335,507.48,3.02,14.98,3.15,0.6384,0.02128
2023-01-23,2023-02-17,CRM,155.87,155.0,4.52,2.8999,1,31,3.3333333333333335,3.3333333333333335,165.17,5.97,10.17,5.65,3.628,0.120933
2023-01-23,2023-02-17,CVX,180.66,180.0,5.12,2.8341,1,31,3.3333333333333335,3.3333333333333335,162.85,-9.86,0.0,-5.12,-2.8341,-0.09447
2023-01-23,2023-02-17,DIS,105.69,106.0,4.63,4.3807,1,31,3.3333333333333335,3.3333333333333335,105.22,-0.44,0.0,-4.63,-4.3855,-0.146183
2023-01-23,2023-02-17,GOOG,101.21,101.0,3.7,3.6558,1,31,3.3333333333333335,3.3333333333333335,94.59,-6.54,0.0,-3.7,-3.6508,-0.121693
2023-01-23,2023-02-17,GOOGL,99.79,100.0,4.1,4.1086,1,31,3.3333333333333335,3.3333333333333335,94.35,-5.45,0.0,-4.1,-4.1136,-0.13712
2023-01-23,2023-02-17,IBM,141.86,142.0,4.77,3.3625,1,31,3.3333333333333335,3.3333333333333335,135.02,-4.82,0.0,-4.77,-3.3625,-0.112083
2023-01-23,2023-02-17,INTU,410.0,410.0,16.7,4.0732,1,31,3.3333333333333335,3.3333333333333335,404.38,-1.37,0.0,-16.7,-4.0732,-0.135773
2023-01-23,2023-02-17,JPM,137.27,137.0,2.61,1.9014,0,31,0.0,0.0,142.24,3.62,5.24,2.63,1.9123,0.0
2023-01-23,2023-02-17,MA,378.57,377.5,9.91,2.6177,1,31,3.3333333333333335,3.3333333333333335,361.13,-4.61,0.0,-9.91,-2.6191,-0.087303
2023-01-23,2023-02-17,META,143.27,143.0,8.41,5.87,1,31,3.3333333333333335,3.3333333333333335,172.88,20.67,29.88,21.47,14.9822,0.499407
2023-01-23,2023-02-17,MSFT,242.58,242.5,8.31,3.4257,1,31,3.3333333333333335,3.3333333333333335,258.06,6.38,15.56,7.25,2.9887,0.099623
2023-01-23,2023-02-17,NFLX,357.42,357.5,14.73,4.1212,1,31,3.3333333333333335,3.3333333333333335,347.96,-2.65,0.0,-14.73,-4.1212,-0.137373
2023-01-23,2023-02-17,NKE,128.29,128.0,3.01,2.3462,1,31,3.3333333333333335,3.3333333333333335,124.84,-2.69,0.0,-3.01,-2.3424,-0.07808
2023-01-23,2023-02-17,NOW,442.44,440.0,21.31,4.8165,1,31,3.3333333333333335,3.3333333333333335,439.01,-0.78,0.0,-21.31,-4.8165,-0.16055
2023-01-23,2023-02-17,NVDA,191.93,192.5,10.33,5.3822,1,31,3.3333333333333335,3.3333333333333335,213.88,11.44,21.38,11.05,5.7547,0.191823
2023-01-23,2023-02-17,ORCL,88.97,89.0,2.26,2.5402,1,31,3.3333333333333335,3.3333333333333335,87.28,-1.9,0.0,-2.26,-2.5458,-0.08486
2023-01-23,2023-02-17,QCOM,131.03,130.0,4.84,3.6938,1,31,3.3333333333333335,3.3333333333333335,127.72,-2.53,0.0,-4.84,-3.69,-0.123
2023-01-23,2023-02-17,TMO,604.82,605.0,17.25,2.8521,1,31,3.3333333333333335,3.3333333333333335,559.7,-7.46,0.0,-17.25,-2.8521,-0.09507
2023-01-23,2023-02-17,TSLA,143.75,145.0,11.68,8.1252,1,31,3.3333333333333335,3.3333333333333335,208.31,44.91,63.31,51.63,35.92,1.197333
2023-01-23,2023-02-17,V,224.18,225.0,7.34,3.2742,1,31,3.3333333333333335,3.3333333333333335,223.56,-0.28,0.0,-7.34,-3.2742,-0.10914
2023-01-23,2023-02-17,WFC,45.03,45.0,1.28,2.8425,1,31,3.3333333333333335,3.3333333333333335,47.49,5.46,2.49,1.22,2.6982,0.08994
2023-01-23,2023-02-17,XOM,112.76,113.0,3.87,3.4321,1,31,3.3333333333333335,3.3333333333333335,111.28,-1.31,0.0,-3.87,-3.4321,-0.114403
2023-02-17,2023-03-17,AAPL,152.55,155.0,6.72,4.4051,1,16,3.3333333333333335,3.3333333333333335,157.4,3.18,2.4,-4.33,-2.8351,-0.094503
2023-02-17,2023-03-17,ABBV,151.31,150.0,1.85,1.2227,1,16,3.3333333333333335,3.3333333333333335,156.12,3.18,6.12,4.27,2.8253,0.094177
2023-02-17,2023-03-17,BAC,35.35,35.0,0.6,1.6973,1,16,3.3333333333333335,3.3333333333333335,27.75,-21.5,0.0,-0.6,-1.6832,-0.056107
2023-02-17,2023-03-17,BX,93.52,92.5,2.84,3.0368,1,16,3.3333333333333335,3.3333333333333335,82.54,-11.74,0.0,-2.84,-3.0368,-0.101227
2023-02-17,2023-03-17,COST,507.48,505.0,12.16,2.3962,1,16,3.3333333333333335,3.3333333333333335,489.29,-3.58,0.0,-12.16,-2.3962,-0.079873
2023-02-17,2023-03-17,CRM,165.17,165.0,7.77,4.7042,1,16,3.3333333333333335,3.3333333333333335,185.25,12.16,20.25,12.48,7.5589,0.251963
2023-02-17,2023-03-17,HD,317.95,320.0,13.22,4.1579,1,16,3.3333333333333335,3.3333333333333335,289.26,-9.02,0.0,-13.22,-4.1595,-0.13865
2023-02-17,2023-03-17,JPM,142.24,140.0,1.08,0.7593,1,16,3.3333333333333335,3.3333333333333335,127.14,-10.62,0.0,-1.08,-0.7593,-0.02531
2023-02-17,2023-03-17,META,172.88,175.0,9.07,5.2464,1,16,3.3333333333333335,3.3333333333333335,197.81,14.42,22.81,13.74,7.9477,0.264923
2023-02-17,2023-03-17,MSFT,258.06,260.0,9.37,3.6309,1,16,3.3333333333333335,3.3333333333333335,272.23,5.49,12.23,2.86,1.1083,0.036943
2023-02-17,2023-03-17,NVDA,213.88,215.0,14.26,6.6673,1,16,3.3333333333333335,3.3333333333333335,259.0,21.1,44.0,29.74,13.905,0.4635
2023-02-17,2023-03-17,PEP,176.28,175.0,2.07,1.1743,1,16,3.3333333333333335,3.3333333333333335,177.59,0.74,2.59,0.52,0.295,0.009833
2023-02-17,2023-03-17,TSLA,208.31,210.0,17.65,8.4729,1,16,3.3333333333333335,3.3333333333333335,183.25,-12.03,0.0,-17.65,-8.4705,-0.28235
2023-02-17,2023-03-17,UNH,499.08,500.0,13.66,2.737,1,16,3.3333333333333335,3.3333333333333335,476.96,-4.43,0.0,-13.66,-2.737,-0.091233
2023-02-17,2023-03-17,WFC,47.49,47.5,1.12,2.3584,1,16,3.3333333333333335,3.3333333333333335,37.48,-21.08,0.0,-1.12,-2.3689,-0.078963
2023-02-17,2023-03-17,WMT,146.44,145.0,2.88,1.9667,1,16,3.3333333333333335,3.3333333333333335,140.9,-3.78,0.0,-2.88,-1.9667,-0.065557
2023-03-20,2023-04-14,AAPL,157.4,157.5,4.47,2.8399,1,16,3.3333333333333335,3.3333333333333335,165.23,4.97,7.73,3.26,2.0712,0.06904
2023-03-20,2023-04-14,ABBV,156.12,155.0,4.44,2.844,1,16,3.3333333333333335,3.3333333333333335,161.18,3.24,6.18,1.74,1.1145,0.03715
2023-03-20,2023-04-14,ADBE,362.88,365.0,14.19,3.9104,1,16,3.3333333333333335,3.3333333333333335,377.92,4.14,12.92,-1.27,-0.35,-0.011667
2023-03-20,2023-04-14,AMZN,97.71,98.0,4.1,4.1961,1,16,3.3333333333333335,3.3333333333333335,102.74,5.15,4.74,0.64,0.6601,0.022003
2023-03-20,2023-04-14,AVGO,643.71,645.0,20.79,3.2297,1,16,3.3333333333333335,3.3333333333333335,627.36,-2.54,0.0,-20.79,-3.2305,-0.107683
2023-03-20,2023-04-14,CRM,185.25,185.0,6.42,3.4656,1,16,3.3333333333333335,3.3333333333333335,197.08,6.39,12.08,5.66,3.0526,0.101753
2023-03-20,2023-04-14,GOOG,101.93,102.0,3.38,3.316,1,16,3.3333333333333335,3.3333333333333335,106.42,4.4,4.42,1.03,1.0154,0.033847
2023-03-20,2023-04-14,GOOGL,101.22,101.0,3.12,3.0824,1,16,3.3333333333333335,3.3333333333333335,105.97,4.69,4.97,1.85,1.8277,0.060923
2023-03-20,2023-04-14,INTU,411.84,410.0,11.98,2.9089,1,16,3.3333333333333335,3.3333333333333335,440.09,6.86,30.09,18.11,4.3973,0.146577
2023-03-20,2023-04-14,KO,60.6,61.0,1.85,3.0528,1,16,3.3333333333333335,3.3333333333333335,63.46,4.72,2.46,0.61,1.0066,0.033553
2023-03-20,2023-04-14,LLY,333.6,335.0,12.01,3.6001,1,16,3.3333333333333335,3.3333333333333335,372.35,11.62,37.35,25.34,7.5959,0.253197
2023-03-20,2023-04-14,META,197.81,197.5,8.25,4.1707,1,16,3.3333333333333335,3.3333333333333335,218.86,10.64,21.36,13.11,6.6301,0.221003
2023-03-20,2023-04-14,MSFT,272.23,270.0,6.22,2.2848,1,16,3.3333333333333335,3.3333333333333335,288.8,6.09,18.8,12.57,4.6193,0.153977
2023-03-20,2023-04-14,NVDA,259.0,260.0,14.67,5.6641,1,16,3.3333333333333335,3.3333333333333335,270.02,4.25,10.02,-4.65,-1.7954,-0.059847
2023-03-20,2023-04-14,PEP,177.59,180.0,6.76,3.8065,1,16,3.3333333333333335,3.3333333333333335,184.45,3.86,4.45,-2.31,-1.2979,-0.043263
2023-03-20,2023-04-14,PG,145.13,145.0,2.34,1.6123,1,16,3.3333333333333335,3.3333333333333335,151.05,4.08,6.05,3.71,2.5529,0.085097
2023-04-17,2023-05-12,AAPL,165.23,165.0,4.24,2.5661,1,38,3.3333333333333335,3.3333333333333335,172.07,4.14,7.07,2.84,1.7158,0.057193
2023-04-17,2023-05-12,ABBV,161.18,160.0,2.18,1.3525,0,38,0.0,0.0,146.59,-9.05,0.0,-2.18,-1.3525,0.0
2023-04-17,2023-05-12,ABT,104.52,106.0,1.66,1.5882,0,38,0.0,0.0,109.84,5.09,3.84,2.18,2.0857,0.0
2023-04-17,2023-05-12,ADBE,377.92,380.0,12.39,3.2785,1,38,3.3333333333333335,3.3333333333333335,345.67,-8.53,0.0,-12.39,-3.2785,-0.109283
2023-04-17,2023-05-12,AMZN,102.74,103.0,5.08,4.9445,1,38,3.3333333333333335,3.3333333333333335,111.2,8.23,8.2,3.12,3.0368,0.101227
2023-04-17,2023-05-12,BAC,30.37,30.0,0.65,2.1403,1,38,3.3333333333333335,3.3333333333333335,27.65,-8.96,0.0,-0.65,-2.1567,-0.07189
2023-04-17,2023-05-12,BX,87.23,87.0,2.49,2.8545,1,38,3.3333333333333335,3.3333333333333335,83.13,-4.7,0.0,-2.49,-2.8603,-0.095343
2023-04-17,2023-05-12,CMCSA,38.09,38.0,1.02,2.6779,1,38,3.3333333333333335,3.3333333333333335,40.2,5.54,2.2,1.19,3.1111,0.103703
2023-04-17,2023-05-12,COST,493.94,495.0,9.35,1.8929,1,38,3.3333333333333335,3.3333333333333335,502.04,1.64,7.04,-2.31,-0.4677,-0.01559
2023-04-17,2023-05-12,CRM,197.08,197.5,5.56,2.8212,1,38,3.3333333333333335,3.3333333333333335,203.33,3.17,5.83,0.27,0.137,0.004567
2023-04-17,2023-05-12,CVX,170.92,170.0,3.04,1.7786,0,38,0.0,0.0,157.2,-8.03,0.0,-3.04,-1.7786,0.0
2023-04-17,2023-05-12,DIS,100.3,100.0,3.45,3.4397,1,38,3.3333333333333335,3.3333333333333335,92.86,-7.42,0.0,-3.45,-3.4397,-0.114657
2023-04-17,2023-05-12,GOOG,106.42,106.0,3.59,3.3734,1,38,3.3333333333333335,3.3333333333333335,116.96,9.9,10.96,7.37,6.9254,0.230847
2023-04-17,2023-05-12,GOOGL,105.97,106.0,4.06,3.8313,1,38,3.3333333333333335,3.3333333333333335,116.51,9.95,10.51,6.45,6.0819,0.20273
2023-04-17,2023-05-12,HD,295.4,295.0,6.63,2.2444,1,38,3.3333333333333335,3.3333333333333335,288.54,-2.32,0.0,-6.63,-2.2444,-0.074813
2023-04-17,2023-05-12,IBM,127.82,128.0,4.29,3.3563,1,38,3.3333333333333335,3.3333333333333335,123.36,-3.49,0.0,-4.29,-3.3563,-0.111877
2023-04-17,2023-05-12,INTU,440.09,440.0,14.36,3.263,1,38,3.3333333333333335,3.3333333333333335,427.62,-2.83,0.0,-14.36,-3.2618,-0.108727
2023-04-17,2023-05-12,JNJ,165.67,165.0,2.18,1.3159,0,38,0.0,0.0,159.55,-3.69,0.0,-2.18,-1.3129,0.0
2023-04-17,2023-05-12,JPM,139.83,140.0,3.18,2.2742,1,38,3.3333333333333335,3.3333333333333335,135.23,-3.29,0.0,-3.18,-2.2778,-0.075927
2023-04-17,2023-05-12,KO,63.46,63.0,0.49,0.7721,0,38,0.0,0.0,63.94,0.76,0.94,0.45,0.7091,0.0
2023-04-17,2023-05-12,LLY,372.35,370.0,11.17,2.9999,1,38,3.3333333333333335,3.3333333333333335,434.51,16.69,64.51,53.34,14.3239,0.477463
2023-04-17,2023-05-12,MA,372.76,375.0,11.21,3.0073,1,38,3.3333333333333335,3.3333333333333335,383.41,2.86,8.41,-2.8,-0.7512,-0.02504
2023-04-17,2023-05-12,META,218.86,220.0,12.67,5.7891,1,38,3.3333333333333335,3.3333333333333335,238.86,9.14,18.86,6.19,2.8283,0.094277
2023-04-17,2023-05-12,MRK,115.01,115.0,2.59,2.252,1,38,3.3333333333333335,3.3333333333333335,116.37,1.18,1.37,-1.22,-1.0651,-0.035503
2023-04-17,2023-05-12,MSFT,288.8,290.0,9.5,3.2895,1,38,3.3333333333333335,3.3333333333333335,309.46,7.15,19.46,9.96,3.4487,0.114957
2023-04-17,2023-05-12,NFLX,332.72,335.0,22.49,6.7594,1,38,3.3333333333333335,3.3333333333333335,335.89,0.95,0.89,-21.6,-6.4919,-0.216397
2023-04-17,2023-05-12,NKE,126.19,126.0,3.1,2.4566,1,38,3.3333333333333335,3.3333333333333335,119.83,-5.04,0.0,-3.1,-2.4606,-0.08202
2023-04-17,2023-05-12,NOW,470.55,470.0,17.88,3.7998,1,38,3.3333333333333335,3.3333333333333335,463.14,-1.57,0.0,-17.88,-3.8009,-0.126697
2023-04-17,2023-05-12,NVDA,270.02,270.0,11.24,4.1627,1,38,3.3333333333333335,3.3333333333333335,289.53,7.23,19.53,8.29,3.0701,0.102337
2023-04-17,2023-05-12,ORCL,95.59,96.0,2.11,2.2073,1,38,3.3333333333333335,3.3333333333333335,97.26,1.75,1.26,-0.84,-0.884,-0.029467
2023-04-17,2023-05-12,PEP,184.45,185.0,2.94,1.5939,0,38,0.0,0.0,194.27,5.32,9.27,6.34,3.4345,0.0
2023-04-17,2023-05-12,PG,151.05,150.0,1.89,1.2512,0,38,0.0,0.0,156.01,3.28,6.01,4.11,2.7243,0.0
2023-04-17,2023-05-12,TSLA,187.04,187.5,11.58,6.1912,1,38,3.3333333333333335,3.3333333333333335,166.35,-11.06,0.0,-11.58,-6.1912,-0.206373
2023-04-17,2023-05-12,UNH,505.35,505.0,8.25,1.6325,0,38,0.0,0.0,486.86,-3.66,0.0,-8.25,-1.6335,0.0
2023-04-17,2023-05-12,V,233.48,235.0,7.43,3.1823,1,38,3.3333333333333335,3.3333333333333335,231.38,-0.9,0.0,-7.43,-3.1823,-0.106077
2023-04-17,2023-05-12,WFC,41.3,41.0,0.9,2.1792,1,38,3.3333333333333335,3.3333333333333335,38.77,-6.13,0.0,-0.9,-2.1792,-0.07264
2023-04-17,2023-05-12,WMT,149.52,150.0,2.79,1.866,1,38,3.3333333333333335,3.3333333333333335,151.88,1.58,1.88,-0.91,-0.6086,-0.020287
2023-04-17,2023-05-12,XOM,114.7,115.0,3.25,2.8335,1,38,3.3333333333333335,3.3333333333333335,105.07,-8.4,0.0,-3.25,-2.8335,-0.09445
2023-05-15,2023-06-09,AAPL,172.07,170.0,1.45,0.8427,1,21,3.3333333333333335,3.3333333333333335,183.79,6.81,13.79,12.33,7.1686,0.238953
2023-05-15,2023-06-09,ABT,109.84,110.0,2.01,1.8299,1,21,3.3333333333333335,3.3333333333333335,101.4,-7.68,0.0,-2.01,-1.8299,-0.060997
2023-05-15,2023-06-09,AMZN,111.2,111.0,2.9,2.6079,1,21,3.3333333333333335,3.3333333333333335,126.57,13.82,15.57,12.67,11.3939,0.379797
2023-05-15,2023-06-09,AVGO,639.8,640.0,16.8,2.6258,1,21,3.3333333333333335,3.3333333333333335,80.46,-87.42,0.0,-16.8,-2.6258,-0.087527
2023-05-15,2023-06-09,CMCSA,40.2,40.0,0.32,0.796,1,21,3.3333333333333335,3.3333333333333335,40.69,1.22,0.69,0.37,0.9204,0.03068
2023-05-15,2023-06-09,COST,502.04,500.0,9.45,1.8823,1,21,3.3333333333333335,3.3333333333333335,520.97,3.77,20.97,11.52,2.2946,0.076487
2023-05-15,2023-06-09,CRM,203.33,205.0,8.88,4.3673,1,21,3.3333333333333335,3.3333333333333335,213.69,5.1,8.69,-0.19,-0.0959,-0.003197
2023-05-15,2023-06-09,GOOG,116.96,117.0,2.99,2.5564,1,21,3.3333333333333335,3.3333333333333335,124.35,6.32,7.35,4.36,3.7278,0.12426
2023-05-15,2023-06-09,GOOGL,116.51,117.0,3.39,2.9096,1,21,3.3333333333333335,3.3333333333333335,123.64,6.12,6.64,3.25,2.7852,0.09284
2023-05-15,2023-06-09,KO,63.94,64.0,0.76,1.1886,1,21,3.3333333333333335,3.3333333333333335,60.21,-5.83,0.0,-0.76,-1.1886,-0.03962
2023-05-15,2023-06-09,LLY,434.51,435.0,9.69,2.2301,1,21,3.3333333333333335,3.3333333333333335,445.31,2.49,10.31,0.62,0.1415,0.004717
2023-05-15,2023-06-09,MA,383.41,385.0,9.14,2.3839,1,21,3.3333333333333335,3.3333333333333335,375.31,-2.11,0.0,-9.14,-2.3852,-0.079507
2023-05-15,2023-06-09,META,238.86,240.0,7.96,3.3325,1,21,3.3333333333333335,3.3333333333333335,271.05,13.48,31.05,23.09,9.6667,0.322223
2023-05-15,2023-06-09,MRK,116.37,116.0,1.81,1.5554,1,21,3.3333333333333335,3.3333333333333335,109.86,-5.59,0.0,-1.81,-1.5597,-0.05199
2023-05-15,2023-06-09,MSFT,309.46,310.0,6.87,2.22,1,21,3.3333333333333335,3.3333333333333335,331.85,7.24,21.85,14.98,4.8407,0.161357
2023-05-15,2023-06-09,NFLX,335.89,335.0,9.8,2.9176,1,21,3.3333333333333335,3.3333333333333335,423.97,26.22,88.97,79.16,23.5687,0.785623
2023-05-15,2023-06-09,NVDA,289.53,290.0,14.64,5.0565,1,21,3.3333333333333335,3.3333333333333335,394.82,36.37,104.82,90.18,31.1488,1.038293
2023-05-15,2023-06-09,ORCL,97.26,97.0,1.48,1.5217,1,21,3.3333333333333335,3.3333333333333335,116.43,19.71,19.43,17.95,18.4557,0.61519
2023-05-15,2023-06-09,PEP,194.27,195.0,3.46,1.781,1,21,3.3333333333333335,3.3333333333333335,181.9,-6.37,0.0,-3.46,-1.7836,-0.059453
2023-05-15,2023-06-09,PG,156.01,155.0,1.15,0.7371,1,21,3.3333333333333335,3.3333333333333335,145.41,-6.79,0.0,-1.15,-0.7339,-0.024463
2023-05-15,2023-06-09,WMT,151.88,152.5,4.01,2.6402,1,21,3.3333333333333335,3.3333333333333335,154.1,1.46,1.6,-2.41,-1.5868,-0.052893
2023-06-12,2023-07-07,AAPL,183.79,185.0,4.26,2.3179,1,30,3.3333333333333335,3.3333333333333335,188.61,2.62,3.61,-0.65,-0.3509,-0.011697
2023-06-12,2023-07-07,ADBE,474.63,475.0,24.41,5.143,1,30,3.3333333333333335,3.3333333333333335,496.35,4.58,21.35,-3.06,-0.6458,-0.021527
2023-06-12,2023-07-07,AMZN,126.57,127.0,4.02,3.1761,1,30,3.3333333333333335,3.3333333333333335,127.13,0.44,0.13,-3.89,-3.0695,-0.102317
2023-06-12,2023-07-07,BAC,29.13,29.0,0.64,2.197,1,30,3.3333333333333335,3.3333333333333335,28.66,-1.61,0.0,-0.64,-2.1799,-0.072663
2023-06-12,2023-07-07,BX,89.89,90.0,3.81,4.2385,1,30,3.3333333333333335,3.3333333333333335,93.37,3.87,3.37,-0.43,-0.4839,-0.01613
2023-06-12,2023-07-07,CMCSA,40.69,40.0,0.46,1.1305,1,30,3.3333333333333335,3.3333333333333335,41.85,2.85,1.85,1.39,3.4284,0.11428
2023-06-12,2023-07-07,COST,520.97,520.0,7.22,1.3859,1,30,3.3333333333333335,3.3333333333333335,527.01,1.16,7.01,-0.21,-0.0394,-0.001313
2023-06-12,2023-07-07,CRM,213.69,215.0,7.4,3.463,1,30,3.3333333333333335,3.3333333333333335,212.81,-0.41,0.0,-7.4,-3.4653,-0.11551
2023-06-12,2023-07-07,CVX,157.33,155.0,1.33,0.8454,1,30,3.3333333333333335,3.3333333333333335,155.25,-1.32,0.25,-1.08,-0.6896,-0.022987
2023-06-12,2023-07-07,DIS,93.14,93.0,1.81,1.9433,1,30,3.3333333333333335,3.3333333333333335,88.1,-5.41,0.0,-1.81,-1.9433,-0.064777
2023-06-12,2023-07-07,GOOG,124.35,124.0,2.72,2.1874,1,30,3.3333333333333335,3.3333333333333335,116.87,-6.02,0.0,-2.72,-2.1834,-0.07278
2023-06-12,2023-07-07,GOOGL,123.64,124.0,3.32,2.6852,1,30,3.3333333333333335,3.3333333333333335,116.45,-5.82,0.0,-3.32,-2.6852,-0.089507
2023-06-12,2023-07-07,HD,300.86,300.0,5.59,1.858,1,30,3.3333333333333335,3.3333333333333335,310.28,3.13,10.28,4.69,1.5589,0.051963
2023-06-12,2023-07-07,IBM,136.42,136.0,1.59,1.1655,1,30,3.3333333333333335,3.3333333333333335,132.9,-2.58,0.0,-1.59,-1.1655,-0.03885
2023-06-12,2023-07-07,INTU,446.12,445.0,7.24,1.6229,1,30,3.3333333333333335,3.3333333333333335,464.33,4.08,19.33,12.09,2.71,0.090333
2023-06-12,2023-07-07,JNJ,159.9,160.0,2.29,1.4321,1,30,3.3333333333333335,3.3333333333333335,159.51,-0.24,0.0,-2.29,-1.4321,-0.047737
2023-06-12,2023-07-07,JPM,141.0,141.0,2.74,1.9433,1,30,3.3333333333333335,3.3333333333333335,145.15,2.94,4.15,1.41,1.0,0.033333
2023-06-12,2023-07-07,LLY,445.31,445.0,9.3,2.0884,1,30,3.3333333333333335,3.3333333333333335,453.16,1.76,8.16,-1.13,-0.2549,-0.008497
2023-06-12,2023-07-07,META,271.05,270.0,6.63,2.446,1,30,3.3333333333333335,3.3333333333333335,294.1,8.5,24.1,17.48,6.4472,0.214907
2023-06-12,2023-07-07,MSFT,331.85,330.0,4.76,1.4344,1,30,3.3333333333333335,3.3333333333333335,331.83,-0.01,1.83,-2.94,-0.8844,-0.02948
2023-06-12,2023-07-07,NFLX,423.97,425.0,17.45,4.1159,1,30,3.3333333333333335,3.3333333333333335,441.71,4.18,16.71,-0.73,-0.1734,-0.00578
2023-06-12,2023-07-07,NOW,546.35,545.0,12.01,2.1982,1,30,3.3333333333333335,3.3333333333333335,565.6,3.52,20.6,8.6,1.5732,0.05244
2023-06-12,2023-07-07,NVDA,394.82,395.0,16.29,4.1259,1,30,3.3333333333333335,3.3333333333333335,421.8,6.83,26.8,10.51,2.662,0.088733
2023-06-12,2023-07-07,ORCL,116.43,116.0,5.58,4.7926,1,30,3.3333333333333335,3.3333333333333335,114.38,-1.76,0.0,-5.58,-4.7969,-0.159897
2023-06-12,2023-07-07,QCOM,122.14,122.0,3.58,2.9311,1,30,3.3333333333333335,3.3333333333333335,117.12,-4.11,0.0,-3.58,-2.9311,-0.097703
2023-06-12,2023-07-07,TSLA,249.83,250.0,14.68,5.876,1,30,3.3333333333333335,3.3333333333333335,269.61,7.92,19.61,4.92,1.9713,0.06571
2023-06-12,2023-07-07,UNH,492.59,495.0,12.01,2.4381,1,30,3.3333333333333335,3.3333333333333335,463.05,-6.0,0.0,-12.01,-2.4371,-0.081237
2023-06-12,2023-07-07,WFC,41.83,42.0,1.31,3.1317,1,30,3.3333333333333335,3.3333333333333335,42.32,1.17,0.32,-0.99,-2.3787,-0.07929
2023-06-12,2023-07-07,WMT,154.1,155.0,2.76,1.791,1,30,3.3333333333333335,3.3333333333333335,154.88,0.51,0.0,-2.76,-1.791,-0.0597
2023-06-12,2023-07-07,XOM,106.42,106.0,2.29,2.1519,1,30,3.3333333333333335,3.3333333333333335,104.69,-1.63,0.0,-2.29,-2.1519,-0.07173
2023-07-10,2023-08-04,AAPL,188.61,190.0,5.92,3.1388,1,24,3.3333333333333335,3.3333333333333335,178.85,-5.17,0.0,-5.92,-3.1414,-0.104713
2023-07-10,2023-08-04,ABT,107.02,107.0,2.43,2.2706,1,24,3.3333333333333335,3.3333333333333335,108.45,1.34,1.45,-0.98,-0.9157,-0.030523
2023-07-10,2023-08-04,ADBE,496.35,495.0,14.52,2.9254,1,24,3.3333333333333335,3.3333333333333335,529.73,6.73,34.73,20.2,4.0707,0.13569
2023-07-10,2023-08-04,AMZN,127.13,127.0,5.34,4.2004,1,24,3.3333333333333335,3.3333333333333335,142.22,11.87,15.22,9.88,7.7755,0.259183
2023-07-10,2023-08-04,AVGO,877.73,880.0,20.33,2.3162,1,24,3.3333333333333335,3.3333333333333335,897.06,2.2,17.06,-3.27,-0.3731,-0.012437
2023-07-10,2023-08-04,BX,93.37,93.0,2.96,3.1702,1,24,3.3333333333333335,3.3333333333333335,103.93,11.31,10.93,7.97,8.5306,0.284353
2023-07-10,2023-08-04,CMCSA,41.85,42.0,1.14,2.724,1,24,3.3333333333333335,3.3333333333333335,45.45,8.6,3.45,2.31,5.5078,0.183593
2023-07-10,2023-08-04,COST,527.01,525.0,6.42,1.2182,1,24,3.3333333333333335,3.3333333333333335,558.41,5.96,33.41,26.98,5.1204,0.17068
2023-07-10,2023-08-04,HD,310.28,310.0,3.88,1.2505,1,24,3.3333333333333335,3.3333333333333335,329.17,6.09,19.17,15.29,4.9278,0.16426
2023-07-10,2023-08-04,INTU,464.33,465.0,13.64,2.9376,1,24,3.3333333333333335,3.3333333333333335,505.26,8.81,40.26,26.63,5.7341,0.191137
2023-07-10,2023-08-04,JPM,145.15,145.0,2.9,1.9979,1,24,3.3333333333333335,3.3333333333333335,156.76,8.0,11.76,8.86,6.1075,0.203583
2023-07-10,2023-08-04,LLY,453.16,455.0,13.52,2.9835,1,24,3.3333333333333335,3.3333333333333335,454.08,0.2,0.0,-13.52,-2.9835,-0.09945
2023-07-10,2023-08-04,MA,392.16,390.0,5.99,1.5274,1,24,3.3333333333333335,3.3333333333333335,396.87,1.2,6.87,0.88,0.2244,0.00748
2023-07-10,2023-08-04,META,294.1,295.0,17.82,6.0592,1,24,3.3333333333333335,3.3333333333333335,316.56,7.64,21.56,3.74,1.2717,0.04239
2023-07-10,2023-08-04,MRK,109.96,110.0,2.39,2.1735,1,24,3.3333333333333335,3.3333333333333335,106.09,-3.52,0.0,-2.39,-2.1735,-0.07245
2023-07-10,2023-08-04,NFLX,441.71,440.0,22.14,5.0123,1,24,3.3333333333333335,3.3333333333333335,440.76,-0.22,0.76,-21.38,-4.8414,-0.16138
2023-07-10,2023-08-04,NOW,565.6,565.0,22.17,3.9197,1,24,3.3333333333333335,3.3333333333333335,554.89,-1.89,0.0,-22.17,-3.9197,-0.130657
2023-07-10,2023-08-04,NVDA,421.8,420.0,16.13,3.8241,1,24,3.3333333333333335,3.3333333333333335,454.17,7.67,34.17,18.04,4.2769,0.142563
2023-07-10,2023-08-04,PEP,184.3,185.0,3.32,1.8014,1,24,3.3333333333333335,3.3333333333333335,186.89,1.41,1.89,-1.43,-0.7759,-0.025863
2023-07-10,2023-08-04,PG,148.86,149.0,2.9,1.9481,1,24,3.3333333333333335,3.3333333333333335,156.92,5.41,7.92,5.02,3.3723,0.11241
2023-07-10,2023-08-04,TSLA,269.61,270.0,16.6,6.157,1,24,3.3333333333333335,3.3333333333333335,251.45,-6.74,0.0,-16.6,-6.1552,-0.205173
2023-07-10,2023-08-04,V,238.16,240.0,6.57,2.7586,1,24,3.3333333333333335,3.3333333333333335,241.51,1.41,1.51,-5.06,-2.1246,-0.07082
2023-07-10,2023-08-04,WFC,42.32,42.0,1.05,2.4811,1,24,3.3333333333333335,3.3333333333333335,45.06,6.47,3.06,2.01,4.7495,0.158317
2023-07-10,2023-08-04,WMT,154.88,155.0,2.14,1.3817,1,24,3.3333333333333335,3.3333333333333335,160.49,3.62,5.49,3.35,2.163,0.0721
2023-08-04,2023-09-01,JNJ,169.04,175.0,8.15,4.8213,1,2,3.3333333333333335,3.3333333333333335,160.48,-5.06,0.0,-8.15,-4.8213,-0.16071
2023-08-04,2023-09-01,TMO,548.64,550.0,13.38,2.4388,1,2,3.3333333333333335,3.3333333333333335,557.1,1.54,7.1,-6.28,-1.1447,-0.038157
2023-08-07,2023-09-01,ABBV,150.33,150.0,2.04,1.357,1,31,3.3333333333333335,3.3333333333333335,148.2,-1.42,0.0,-2.04,-1.3603,-0.045343
2023-08-07,2023-09-01,ABT,108.45,108.0,1.61,1.4846,1,31,3.3333333333333335,3.3333333333333335,102.85,-5.16,0.0,-1.61,-1.4799,-0.04933
2023-08-07,2023-09-01,ADBE,529.73,530.0,21.89,4.1323,1,31,3.3333333333333335,3.3333333333333335,563.21,6.32,33.21,11.33,2.1379,0.071263
2023-08-07,2023-09-01,AMZN,142.22,142.0,3.94,2.7704,1,31,3.3333333333333335,3.3333333333333335,138.12,-2.88,0.0,-3.94,-2.7704,-0.092347
2023-08-07,2023-09-01,AVGO,897.06,895.0,32.69,3.6441,1,31,3.3333333333333335,3.3333333333333335,872.52,-2.74,0.0,-32.69,-3.6441,-0.12147
2023-08-07,2023-09-01,BAC,31.88,32.0,0.92,2.8858,1,31,3.3333333333333335,3.3333333333333335,28.98,-9.1,0.0,-0.92,-2.8858,-0.096193
2023-08-07,2023-09-01,BX,103.93,104.0,3.28,3.156,1,31,3.3333333333333335,3.3333333333333335,104.49,0.54,0.49,-2.8,-2.6893,-0.089643
2023-08-07,2023-09-01,CMCSA,45.45,45.0,0.39,0.8581,1,31,3.3333333333333335,3.3333333333333335,45.73,0.62,0.73,0.34,0.7371,0.02457
2023-08-07,2023-09-01,COST,558.41,560.0,12.65,2.2654,1,31,3.3333333333333335,3.3333333333333335,544.25,-2.54,0.0,-12.65,-2.2645,-0.075483
2023-08-07,2023-09-01,CVX,159.89,160.0,4.16,2.6018,1,31,3.3333333333333335,3.3333333333333335,164.3,2.76,4.3,0.15,0.0907,0.003023
2023-08-07,2023-09-01,GOOG,131.94,132.0,3.63,2.7513,1,31,3.3333333333333335,3.3333333333333335,136.8,3.68,4.8,1.17,0.8868,0.02956
2023-08-07,2023-09-01,GOOGL,131.53,132.0,3.84,2.9195,1,31,3.3333333333333335,3.3333333333333335,135.66,3.14,3.66,-0.17,-0.133,-0.004433
2023-08-07,2023-09-01,HD,329.17,330.0,10.46,3.1777,1,31,3.3333333333333335,3.3333333333333335,333.08,1.19,3.08,-7.39,-2.2435,-0.074783
2023-08-07,2023-09-01,IBM,146.18,146.0,2.77,1.8949,1,31,3.3333333333333335,3.3333333333333335,147.94,1.2,1.94,-0.83,-0.5678,-0.018927
2023-08-07,2023-09-01,INTU,505.26,505.0,18.67,3.6951,1,31,3.3333333333333335,3.3333333333333335,549.6,8.78,44.6,25.93,5.132,0.171067
2023-08-07,2023-09-01,JPM,156.76,157.5,3.29,2.0987,1,31,3.3333333333333335,3.3333333333333335,146.82,-6.34,0.0,-3.29,-2.0988,-0.06996
2023-08-07,2023-09-01,KO,61.19,61.0,0.54,0.8825,1,31,3.3333333333333335,3.3333333333333335,59.31,-3.07,0.0,-0.54,-0.8743,-0.029143
2023-08-07,2023-09-01,LLY,454.08,455.0,16.63,3.6624,1,31,3.3333333333333335,3.3333333333333335,557.11,22.69,102.11,85.48,18.8249,0.627497
2023-08-07,2023-09-01,MA,396.87,395.0,5.12,1.2901,1,31,3.3333333333333335,3.3333333333333335,415.57,4.71,20.57,15.46,3.8942,0.129807
2023-08-07,2023-09-01,META,316.56,315.0,8.82,2.7862,1,31,3.3333333333333335,3.3333333333333335,296.38,-6.37,0.0,-8.82,-2.7862,-0.092873
2023-08-07,2023-09-01,NKE,110.48,110.0,2.44,2.2085,1,31,3.3333333333333335,3.3333333333333335,102.36,-7.35,0.0,-2.44,-2.2085,-0.073617
2023-08-07,2023-09-01,NVDA,454.17,455.0,33.02,7.2704,1,31,3.3333333333333335,3.3333333333333335,485.09,6.81,30.09,-2.93,-0.644,-0.021467
2023-08-07,2023-09-01,ORCL,116.1,116.0,2.95,2.5409,1,31,3.3333333333333335,3.3333333333333335,120.93,4.16,4.93,1.98,1.7054,0.056847
2023-08-07,2023-09-01,PEP,186.89,185.0,1.16,0.6207,1,31,3.3333333333333335,3.3333333333333335,175.32,-6.19,0.0,-1.16,-0.618,-0.0206
2023-08-07,2023-09-01,PG,156.92,155.0,0.24,0.1529,0,31,0.0,0.0,154.51,-1.54,0.0,-0.24,-0.1529,0.0
2023-08-07,2023-09-01,QCOM,119.34,119.0,3.73,3.1255,1,31,3.3333333333333335,3.3333333333333335,115.39,-3.31,0.0,-3.73,-3.1255,-0.104183
2023-08-07,2023-09-01,UNH,510.74,510.0,7.18,1.4058,1,31,3.3333333333333335,3.3333333333333335,476.24,-6.75,0.0,-7.18,-1.4058,-0.04686
2023-08-07,2023-09-01,V,241.51,240.0,2.63,1.089,1,31,3.3333333333333335,3.3333333333333335,248.11,2.73,8.11,5.48,2.2711,0.075703
2023-08-07,2023-09-01,WFC,45.06,45.0,0.93,2.0639,1,31,3.3333333333333335,3.3333333333333335,41.65,-7.57,0.0,-0.93,-2.0639,-0.068797
2023-08-07,2023-09-01,WMT,160.49,160.0,2.91,1.8132,1,31,3.3333333333333335,3.3333333333333335,161.57,0.67,1.57,-1.34,-0.8318,-0.027727
2023-08-07,2023-09-01,XOM,107.2,107.0,2.77,2.584,1,31,3.3333333333333335,3.3333333333333335,113.52,5.9,6.52,3.75,3.4981,0.116603
2023-08-31,2023-09-29,TMO,557.1,560.0,11.95,2.145,1,1,3.3333333333333335,3.3333333333333335,506.17,-9.14,0.0,-11.95,-2.145,-0.0715
2023-09-01,2023-09-29,AAPL,189.46,190.0,3.97,2.0954,1,19,3.3333333333333335,3.3333333333333335,173.75,-8.29,0.0,-3.97,-2.0954,-0.069847
2023-09-01,2023-09-29,ADBE,563.21,565.0,24.71,4.3874,1,19,3.3333333333333335,3.3333333333333335,521.13,-7.47,0.0,-24.71,-4.3882,-0.146273
2023-09-01,2023-09-29,BX,104.49,104.0,0.86,0.823,1,19,3.3333333333333335,3.3333333333333335,107.16,2.56,3.16,2.31,2.206,0.073533
2023-09-01,2023-09-29,CMCSA,45.73,46.0,1.23,2.6897,1,19,3.3333333333333335,3.3333333333333335,44.49,-2.71,0.0,-1.23,-2.7006,-0.09002
2023-09-01,2023-09-29,CRM,221.53,220.0,3.84,1.7334,1,19,3.3333333333333335,3.3333333333333335,203.71,-8.04,0.0,-3.84,-1.7311,-0.057703
2023-09-01,2023-09-29,CVX,164.3,165.0,3.54,2.1546,1,19,3.3333333333333335,3.3333333333333335,168.62,2.63,3.62,0.08,0.0487,0.001623
2023-09-01,2023-09-29,GOOG,136.8,137.0,3.4,2.4854,1,19,3.3333333333333335,3.3333333333333335,135.17,-1.19,0.0,-3.4,-2.4854,-0.082847
2023-09-01,2023-09-29,GOOGL,135.66,136.0,3.67,2.7053,1,19,3.3333333333333335,3.3333333333333335,134.17,-1.1,0.0,-3.67,-2.7053,-0.090177
2023-09-01,2023-09-29,HD,333.08,335.0,8.06,2.4198,1,19,3.3333333333333335,3.3333333333333335,299.83,-9.98,0.0,-8.06,-2.4198,-0.08066
2023-09-01,2023-09-29,IBM,147.94,148.0,2.18,1.4736,1,19,3.3333333333333335,3.3333333333333335,140.8,-4.83,0.0,-2.18,-1.4736,-0.04912
2023-09-01,2023-09-29,INTU,549.6,550.0,15.95,2.9021,1,19,3.3333333333333335,3.3333333333333335,517.8,-5.79,0.0,-15.95,-2.9021,-0.096737
2023-09-01,2023-09-29,LLY,557.11,555.0,8.3,1.4898,1,19,3.3333333333333335,3.3333333333333335,538.29,-3.38,0.0,-8.3,-1.4889,-0.04963
2023-09-01,2023-09-29,MA,415.57,415.0,5.96,1.4342,1,19,3.3333333333333335,3.3333333333333335,395.85,-4.75,0.0,-5.96,-1.4354,-0.047847
2023-09-01,2023-09-29,MRK,109.84,110.0,3.53,3.2138,1,19,3.3333333333333335,3.3333333333333335,102.55,-6.64,0.0,-3.53,-3.2138,-0.107127
2023-09-01,2023-09-29,NVDA,485.09,485.0,19.76,4.0735,1,19,3.3333333333333335,3.3333333333333335,447.82,-7.68,0.0,-19.76,-4.0724,-0.135747
2023-09-01,2023-09-29,ORCL,120.93,121.0,3.08,2.5469,1,19,3.3333333333333335,3.3333333333333335,106.71,-11.76,0.0,-3.08,-2.5511,-0.085037
2023-09-01,2023-09-29,V,248.11,250.0,5.44,2.1926,1,19,3.3333333333333335,3.3333333333333335,231.27,-6.79,0.0,-5.44,-2.1946,-0.073153
2023-09-01,2023-09-29,WMT,161.57,160.0,0.53,0.328,1,19,3.3333333333333335,3.3333333333333335,160.1,-0.91,0.1,-0.42,-0.263,-0.008767
2023-09-01,2023-09-29,XOM,113.52,114.0,2.63,2.3168,1,19,3.3333333333333335,3.3333333333333335,115.63,1.86,1.63,-1.0,-0.8809,-0.029363
2023-10-02,2023-10-27,ABBV,148.25,148.0,4.12,2.7791,1,9,3.3333333333333335,3.3333333333333335,141.89,-4.29,0.0,-4.12,-2.7825,-0.09275
2023-10-02,2023-10-27,BX,107.16,107.0,3.52,3.2848,1,9,3.3333333333333335,3.3333333333333335,92.38,-13.79,0.0,-3.52,-3.2848,-0.109493
2023-10-02,2023-10-27,COST,571.31,570.0,8.65,1.5141,1,9,3.3333333333333335,3.3333333333333335,554.88,-2.88,0.0,-8.65,-1.5132,-0.05044
2023-10-02,2023-10-27,DIS,81.67,82.0,2.49,3.0489,1,9,3.3333333333333335,3.3333333333333335,80.68,-1.21,0.0,-2.49,-3.0427,-0.101423
2023-10-02,2023-10-27,META,306.82,305.0,13.36,4.3543,1,9,3.3333333333333335,3.3333333333333335,302.66,-1.36,0.0,-13.36,-4.3543,-0.145143
2023-10-02,2023-10-27,NOW,555.23,555.0,30.47,5.4878,1,9,3.3333333333333335,3.3333333333333335,568.54,2.4,13.54,-16.93,-3.0483,-0.10161
2023-10-02,2023-10-27,TSLA,251.6,250.0,12.45,4.9483,1,9,3.3333333333333335,3.3333333333333335,197.36,-21.56,0.0,-12.45,-4.9483,-0.164943
2023-10-02,2023-10-27,UNH,514.57,515.0,14.7,2.8568,1,9,3.3333333333333335,3.3333333333333335,529.99,3.0,14.99,0.28,0.0554,0.001847
2023-10-02,2023-10-27,XOM,115.63,116.0,3.28,2.8366,1,9,3.3333333333333335,3.3333333333333335,105.88,-8.43,0.0,-3.28,-2.8323,-0.09441
2023-10-27,2023-11-24,LLY,560.23,565.0,27.17,4.8498,1,1,3.3333333333333335,3.3333333333333335,591.53,5.59,26.53,-0.63,-0.1133,-0.003777
2023-10-30,2023-11-24,ADBE,526.94,525.0,14.38,2.729,1,14,3.3333333333333335,3.3333333333333335,619.27,17.52,94.27,79.89,15.1611,0.50537
2023-10-30,2023-11-24,AMZN,132.71,133.0,4.39,3.308,1,14,3.3333333333333335,3.3333333333333335,147.73,11.32,14.73,10.33,7.7877,0.25959
2023-10-30,2023-11-24,AVGO,841.25,840.0,29.82,3.5447,1,14,3.3333333333333335,3.3333333333333335,950.24,12.96,110.24,80.42,9.559,0.318633
2023-10-30,2023-11-24,IBM,142.63,143.0,3.27,2.2926,1,14,3.3333333333333335,3.3333333333333335,155.57,9.07,12.57,9.3,6.5169,0.21723
2023-10-30,2023-11-24,KO,56.15,56.0,0.73,1.3001,1,14,3.3333333333333335,3.3333333333333335,58.46,4.11,2.46,1.72,3.0721,0.102403
2023-10-30,2023-11-24,MRK,102.68,103.0,2.29,2.2302,1,14,3.3333333333333335,3.3333333333333335,101.43,-1.22,0.0,-2.29,-2.2302,-0.07434
2023-10-30,2023-11-24,MSFT,337.31,335.0,6.48,1.9211,1,14,3.3333333333333335,3.3333333333333335,378.61,12.24,43.61,37.13,11.0092,0.366973
2023-10-30,2023-11-24,NFLX,410.08,410.0,13.36,3.2579,1,14,3.3333333333333335,3.3333333333333335,479.17,16.85,69.17,55.81,13.6095,0.45365
2023-10-30,2023-11-24,NKE,101.8,102.0,2.86,2.8094,1,14,3.3333333333333335,3.3333333333333335,107.96,6.05,5.96,3.1,3.0452,0.101507
2023-10-30,2023-11-24,NOW,568.54,570.0,15.23,2.6788,1,14,3.3333333333333335,3.3333333333333335,670.55,17.94,100.55,85.32,15.0069,0.50023
2023-10-30,2023-11-24,PG,149.26,149.0,1.97,1.3198,1,14,3.3333333333333335,3.3333333333333335,151.24,1.33,2.24,0.27,0.1809,0.00603
2023-10-30,2023-11-24,UNH,529.99,530.0,9.21,1.7378,1,14,3.3333333333333335,3.3333333333333335,543.59,2.57,13.59,4.39,0.8274,0.02758
2023-10-30,2023-11-24,V,233.08,235.0,6.43,2.7587,1,14,3.3333333333333335,3.3333333333333335,254.14,9.04,19.14,12.71,5.4531,0.18177
2023-10-30,2023-11-24,WMT,163.02,165.0,5.64,3.4597,1,14,3.3333333333333335,3.3333333333333335,156.77,-3.83,0.0,-5.64,-3.4597,-0.115323
2023-11-27,2023-12-22,AAPL,189.79,190.0,3.04,1.6018,1,34,3.3333333333333335,3.3333333333333335,193.6,2.01,3.6,0.57,0.2977,0.009923
2023-11-27,2023-12-22,ABT,102.71,103.0,2.11,2.0543,1,34,3.3333333333333335,3.3333333333333335,109.03,6.15,6.03,3.92,3.8214,0.12738
2023-11-27,2023-12-22,ADBE,619.27,620.0,21.21,3.425,1,34,3.3333333333333335,3.3333333333333335,598.75,-3.31,0.0,-21.21,-3.4258,-0.114193
2023-11-27,2023-12-22,AMZN,147.73,148.0,3.79,2.5655,1,34,3.3333333333333335,3.3333333333333335,153.42,3.85,5.42,1.63,1.1067,0.03689
2023-11-27,2023-12-22,AVGO,950.24,950.0,30.88,3.2497,1,34,3.3333333333333335,3.3333333333333335,1121.98,18.07,171.98,141.1,14.8489,0.494963
2023-11-27,2023-12-22,BAC,29.56,30.0,1.18,3.9919,1,34,3.3333333333333335,3.3333333333333335,33.43,13.09,3.43,2.25,7.6116,0.25372
2023-11-27,2023-12-22,BX,106.75,106.0,0.71,0.6651,0,34,0.0,0.0,130.69,22.43,24.69,23.99,22.4684,0.0
2023-11-27,2023-12-22,CMCSA,42.09,42.0,0.75,1.7819,1,34,3.3333333333333335,3.3333333333333335,44.0,4.54,2.0,1.25,2.9579,0.098597
2023-11-27,2023-12-22,COST,594.9,595.0,10.92,1.8356,1,34,3.3333333333333335,3.3333333333333335,671.6,12.89,76.6,65.68,11.0405,0.368017
2023-11-27,2023-12-22,CRM,224.79,225.0,6.84,3.0428,1,34,3.3333333333333335,3.3333333333333335,266.34,18.48,41.34,34.5,15.3499,0.511663
2023-11-27,2023-12-22,DIS,95.17,95.0,1.72,1.8073,1,34,3.3333333333333335,3.3333333333333335,91.02,-4.36,0.0,-1.72,-1.802,-0.060067
2023-11-27,2023-12-22,GOOG,138.05,138.0,2.49,1.8037,1,34,3.3333333333333335,3.3333333333333335,142.72,3.38,4.72,2.23,1.6117,0.053723
2023-11-27,2023-12-22,GOOGL,136.41,136.0,2.13,1.5615,1,34,3.3333333333333335,3.3333333333333335,141.49,3.72,5.49,3.36,2.4595,0.081983
2023-11-27,2023-12-22,HD,310.92,310.0,4.46,1.4345,1,34,3.3333333333333335,3.3333333333333335,348.59,12.12,38.59,34.13,10.9771,0.365903
2023-11-27,2023-12-22,IBM,155.57,155.0,1.13,0.7264,1,34,3.3333333333333335,3.3333333333333335,162.14,4.22,7.14,6.01,3.86,0.128667
2023-11-27,2023-12-22,JNJ,151.28,150.0,0.93,0.6148,0,34,0.0,0.0,155.46,2.76,5.46,4.53,2.9945,0.0
2023-11-27,2023-12-22,JPM,153.19,152.5,1.67,1.0901,1,34,3.3333333333333335,3.3333333333333335,167.4,9.28,14.9,13.22,8.6331,0.28777
2023-11-27,2023-12-22,KO,58.46,58.0,0.4,0.6842,0,34,0.0,0.0,58.32,-0.24,0.32,-0.08,-0.1368,0.0
2023-11-27,2023-12-22,LLY,591.53,590.0,11.48,1.9407,1,34,3.3333333333333335,3.3333333333333335,570.39,-3.57,0.0,-11.48,-1.9416,-0.06472
2023-11-27,2023-12-22,MA,408.97,410.0,5.58,1.3644,1,34,3.3333333333333335,3.3333333333333335,424.1,3.7,14.1,8.52,2.0821,0.069403
2023-11-27,2023-12-22,META,334.7,335.0,8.05,2.4051,1,34,3.3333333333333335,3.3333333333333335,353.39,5.58,18.39,10.34,3.0893,0.102977
2023-11-27,2023-12-22,MSFT,378.61,380.0,7.77,2.0522,1,34,3.3333333333333335,3.3333333333333335,374.58,-1.06,0.0,-7.77,-2.0509,-0.068363
2023-11-27,2023-12-22,NFLX,479.17,480.0,11.62,2.425,1,34,3.3333333333333335,3.3333333333333335,486.76,1.58,6.76,-4.86,-1.0132,-0.033773
2023-11-27,2023-12-22,NKE,107.96,108.0,3.72,3.4457,1,34,3.3333333333333335,3.3333333333333335,108.04,0.07,0.04,-3.68,-3.4087,-0.113623
2023-11-27,2023-12-22,NOW,670.55,670.0,13.97,2.0834,1,34,3.3333333333333335,3.3333333333333335,697.55,4.03,27.55,13.57,2.0245,0.067483
2023-11-27,2023-12-22,NVDA,482.42,480.0,13.74,2.8481,1,34,3.3333333333333335,3.3333333333333335,488.3,1.22,8.3,-5.44,-1.1276,-0.037587
2023-11-27,2023-12-22,ORCL,116.47,116.0,3.3,2.8333,1,34,3.3333333333333335,3.3333333333333335,106.2,-8.82,0.0,-3.3,-2.8376,-0.094587
2023-11-27,2023-12-22,PEP,168.32,170.0,3.85,2.2873,1,34,3.3333333333333335,3.3333333333333335,167.68,-0.38,0.0,-3.85,-2.2873,-0.076243
2023-11-27,2023-12-22,PG,151.24,150.0,0.63,0.4166,0,34,0.0,0.0,145.28,-3.94,0.0,-0.63,-0.4166,0.0
2023-11-27,2023-12-22,QCOM,128.2,128.0,4.12,3.2137,1,34,3.3333333333333335,3.3333333333333335,143.49,11.93,15.49,11.37,8.869,0.295633
2023-11-27,2023-12-22,TSLA,236.08,235.0,9.11,3.8589,1,34,3.3333333333333335,3.3333333333333335,252.54,6.97,17.54,8.43,3.5708,0.119027
2023-11-27,2023-12-22,UNH,543.59,545.0,8.2,1.5085,1,34,3.3333333333333335,3.3333333333333335,520.31,-4.28,0.0,-8.2,-1.5094,-0.050313
2023-11-27,2023-12-22,V,254.14,255.0,4.3,1.692,1,34,3.3333333333333335,3.3333333333333335,258.43,1.69,3.43,-0.87,-0.3423,-0.01141
2023-11-27,2023-12-22,WFC,43.02,43.0,0.71,1.6504,1,34,3.3333333333333335,3.3333333333333335,49.18,14.32,6.18,5.47,12.715,0.423833
2023-12-22,2024-01-19,AAPL,193.6,192.5,2.25,1.1622,1,29,3.3333333333333335,3.3333333333333335,193.89,0.15,1.39,-0.86,-0.4442,-0.014807
2023-12-22,2024-01-19,ABBV,154.94,155.0,3.53,2.2783,1,29,3.3333333333333335,3.3333333333333335,165.39,6.74,10.39,6.86,4.4275,0.147583
2023-12-22,2024-01-19,ABT,109.03,109.0,2.13,1.9536,1,29,3.3333333333333335,3.3333333333333335,114.19,4.73,5.19,3.07,2.8112,0.093707
2023-12-22,2024-01-19,AMZN,153.42,152.5,2.89,1.8837,1,29,3.3333333333333335,3.3333333333333335,154.78,0.89,2.28,-0.61,-0.3976,-0.013253
2023-12-22,2024-01-19,AVGO,1121.98,1120.0,29.08,2.5918,1,29,3.3333333333333335,3.3333333333333335,1220.5,8.78,100.5,71.42,6.3655,0.212183
2023-12-22,2024-01-19,BAC,33.43,33.5,0.98,2.9315,1,29,3.3333333333333335,3.3333333333333335,32.55,-2.63,0.0,-0.98,-2.9465,-0.098217
2023-12-22,2024-01-19,BX,130.69,131.0,4.15,3.1755,1,29,3.3333333333333335,3.3333333333333335,120.97,-7.44,0.0,-4.15,-3.1793,-0.105977
2023-12-22,2024-01-19,CMCSA,44.0,44.0,1.1,2.5,1,29,3.3333333333333335,3.3333333333333335,43.62,-0.86,0.0,-1.1,-2.5,-0.083333
2023-12-22,2024-01-19,COST,671.6,670.0,9.7,1.4443,1,29,3.3333333333333335,3.3333333333333335,692.51,3.11,22.51,12.81,1.9074,0.06358
2023-12-22,2024-01-19,CRM,266.34,267.5,6.73,2.5268,1,29,3.3333333333333335,3.3333333333333335,280.3,5.24,12.8,6.07,2.279,0.075967
2023-12-22,2024-01-19,CVX,151.05,150.0,2.29,1.5161,1,29,3.3333333333333335,3.3333333333333335,142.49,-5.67,0.0,-2.29,-1.5194,-0.050647
2023-12-22,2024-01-19,GOOG,142.72,142.5,3.12,2.1861,1,29,3.3333333333333335,3.3333333333333335,147.71,3.5,5.21,2.09,1.4644,0.048813
2023-12-22,2024-01-19,GOOGL,141.49,141.5,3.65,2.5797,1,29,3.3333333333333335,3.3333333333333335,145.99,3.18,4.49,0.84,0.5902,0.019673
2023-12-22,2024-01-19,HD,348.59,347.5,4.86,1.3942,1,29,3.3333333333333335,3.3333333333333335,356.69,2.32,9.19,4.34,1.2436,0.041453
2023-12-22,2024-01-19,IBM,162.14,162.5,2.74,1.6899,1,29,3.3333333333333335,3.3333333333333335,172.83,6.59,10.33,7.59,4.6811,0.156037
2023-12-22,2024-01-19,INTU,624.07,625.0,14.76,2.3651,1,29,3.3333333333333335,3.3333333333333335,630.61,1.05,5.61,-9.16,-1.467,-0.0489
2023-12-22,2024-01-19,JNJ,155.46,155.0,1.86,1.1964,1,29,3.3333333333333335,3.3333333333333335,162.47,4.51,7.47,5.61,3.6086,0.120287
2023-12-22,2024-01-19,JPM,167.4,167.5,3.77,2.2521,1,29,3.3333333333333335,3.3333333333333335,170.11,1.62,2.61,-1.16,-0.693,-0.0231
2023-12-22,2024-01-19,MA,424.1,425.0,7.6,1.792,1,29,3.3333333333333335,3.3333333333333335,439.75,3.69,14.75,7.15,1.6859,0.056197
2023-12-22,2024-01-19,META,353.39,352.5,8.75,2.476,1,29,3.3333333333333335,3.3333333333333335,381.78,8.03,29.28,20.53,5.808,0.1936
2023-12-22,2024-01-19,MRK,107.7,108.0,2.19,2.0334,1,29,3.3333333333333335,3.3333333333333335,119.43,10.89,11.43,9.24,8.5794,0.28598
2023-12-22,2024-01-19,NFLX,486.76,487.5,14.02,2.8803,1,29,3.3333333333333335,3.3333333333333335,485.71,-0.22,0.0,-14.02,-2.8803,-0.09601
2023-12-22,2024-01-19,NKE,108.04,108.0,2.31,2.1381,1,29,3.3333333333333335,3.3333333333333335,100.56,-6.92,0.0,-2.31,-2.1381,-0.07127
2023-12-22,2024-01-19,NOW,697.55,697.5,18.48,2.6493,1,29,3.3333333333333335,3.3333333333333335,752.45,7.87,54.95,36.48,5.229,0.1743
2023-12-22,2024-01-19,NVDA,488.3,487.5,16.11,3.2992,1,29,3.3333333333333335,3.3333333333333335,596.54,22.17,109.04,92.93,19.0313,0.634377
2023-12-22,2024-01-19,QCOM,143.49,143.0,2.8,1.9514,1,29,3.3333333333333335,3.3333333333333335,152.87,6.54,9.87,7.06,4.9237,0.164123
2023-12-22,2024-01-19,TSLA,252.54,252.5,11.63,4.6052,1,29,3.3333333333333335,3.3333333333333335,208.8,-17.32,0.0,-11.63,-4.6052,-0.153507
2023-12-22,2024-01-19,V,258.43,257.5,2.45,0.948,1,29,3.3333333333333335,3.3333333333333335,271.2,4.94,13.7,11.26,4.3551,0.14517
2023-12-22,2024-01-19,WFC,49.18,49.0,1.12,2.2773,1,29,3.3333333333333335,3.3333333333333335,48.53,-1.32,0.0,-1.12,-2.2773,-0.07591
2024-01-22,2024-02-16,AAPL,193.89,195.0,5.56,2.8676,1,30,3.3333333333333335,3.3333333333333335,182.31,-5.97,0.0,-5.56,-2.865,-0.0955
2024-01-22,2024-02-16,ABBV,165.39,165.0,3.31,2.0013,1,30,3.3333333333333335,3.3333333333333335,177.49,7.32,12.49,9.19,5.5535,0.185117
2024-01-22,2024-02-16,ABT,114.19,114.0,2.0,1.7515,1,30,3.3333333333333335,3.3333333333333335,114.01,-0.16,0.01,-1.99,-1.7471,-0.058237
2024-01-22,2024-02-16,ADBE,603.59,602.5,14.45,2.394,1,30,3.3333333333333335,3.3333333333333335,546.66,-9.43,0.0,-14.45,-2.3948,-0.079827
2024-01-22,2024-02-16,AMZN,154.78,155.0,6.06,3.9152,1,30,3.3333333333333335,3.3333333333333335,169.51,9.52,14.51,8.45,5.4594,0.18198
2024-01-22,2024-02-16,AVGO,1220.5,1220.0,35.25,2.8882,1,30,3.3333333333333335,3.3333333333333335,1245.5,2.05,25.5,-9.75,-0.7989,-0.02663
2024-01-22,2024-02-16,COST,692.51,695.0,13.99,2.0202,1,30,3.3333333333333335,3.3333333333333335,723.99,4.55,28.99,14.99,2.1653,0.072177
2024-01-22,2024-02-16,CRM,280.3,280.0,5.99,2.137,1,30,3.3333333333333335,3.3333333333333335,289.72,3.36,9.72,3.73,1.3307,0.044357
2024-01-22,2024-02-16,DIS,95.08,95.0,3.18,3.3446,1,30,3.3333333333333335,3.3333333333333335,111.6,17.37,16.6,13.42,14.1144,0.47048
2024-01-22,2024-02-16,GOOG,147.71,148.0,4.46,3.0194,1,30,3.3333333333333335,3.3333333333333335,141.76,-4.03,0.0,-4.46,-3.0228,-0.10076
2024-01-22,2024-02-16,GOOGL,145.99,146.0,4.03,2.7605,1,30,3.3333333333333335,3.3333333333333335,140.52,-3.75,0.0,-4.03,-2.7639,-0.09213
2024-01-22,2024-02-16,HD,356.69,357.5,6.3,1.7662,1,30,3.3333333333333335,3.3333333333333335,362.35,1.59,4.85,-1.45,-0.4079,-0.013597
2024-01-22,2024-02-16,IBM,172.83,172.5,4.58,2.65,1,30,3.3333333333333335,3.3333333333333335,187.64,8.57,15.14,10.56,6.1072,0.203573
2024-01-22,2024-02-16,INTU,630.61,630.0,14.2,2.2518,1,30,3.3333333333333335,3.3333333333333335,655.74,3.99,25.74,11.54,1.8308,0.061027
2024-01-22,2024-02-16,JNJ,162.47,162.5,3.11,1.9142,1,30,3.3333333333333335,3.3333333333333335,156.55,-3.64,0.0,-3.11,-1.9173,-0.06391
2024-01-22,2024-02-16,JPM,170.11,170.0,2.44,1.4344,1,30,3.3333333333333335,3.3333333333333335,179.03,5.24,9.03,6.58,3.871,0.129033
2024-01-22,2024-02-16,KO,59.57,60.0,1.24,2.0816,1,30,3.3333333333333335,3.3333333333333335,59.39,-0.3,0.0,-1.24,-2.0732,-0.069107
2024-01-22,2024-02-16,LLY,630.88,630.0,21.41,3.3937,1,30,3.3333333333333335,3.3333333333333335,782.06,23.96,152.06,130.65,20.7092,0.690307
2024-01-22,2024-02-16,MA,439.75,440.0,9.12,2.0739,1,30,3.3333333333333335,3.3333333333333335,468.13,6.45,28.13,19.01,4.3218,0.14406
2024-01-22,2024-02-16,META,381.78,382.5,17.06,4.4685,1,30,3.3333333333333335,3.3333333333333335,473.32,23.98,90.82,73.76,19.32,0.644
2024-01-22,2024-02-16,MRK,119.43,119.0,1.73,1.4485,1,30,3.3333333333333335,3.3333333333333335,127.79,7.0,8.79,7.06,5.9072,0.196907
2024-01-22,2024-02-16,MSFT,396.51,397.5,11.79,2.9734,1,30,3.3333333333333335,3.3333333333333335,404.06,1.9,6.56,-5.23,-1.3203,-0.04401
2024-01-22,2024-02-16,NOW,752.45,750.0,22.27,2.9597,1,30,3.3333333333333335,3.3333333333333335,765.0,1.67,15.0,-7.27,-0.9662,-0.032207
2024-01-22,2024-02-16,NVDA,596.54,595.0,19.68,3.299,1,30,3.3333333333333335,3.3333333333333335,726.13,21.72,131.13,111.45,18.6827,0.622757
2024-01-22,2024-02-16,ORCL,110.1,110.0,2.09,1.8983,1,30,3.3333333333333335,3.3333333333333335,111.31,1.1,1.31,-0.78,-0.7084,-0.023613
2024-01-22,2024-02-16,PG,147.86,148.0,2.61,1.7652,1,30,3.3333333333333335,3.3333333333333335,157.51,6.53,9.51,6.9,4.6666,0.155553
2024-01-22,2024-02-16,QCOM,152.87,152.5,4.92,3.2184,1,30,3.3333333333333335,3.3333333333333335,152.69,-0.12,0.19,-4.72,-3.0909,-0.10303
2024-01-22,2024-02-16,TMO,553.39,550.0,11.1,2.0058,1,30,3.3333333333333335,3.3333333333333335,547.84,-1.0,0.0,-11.1,-2.0067,-0.06689
2024-01-22,2024-02-16,V,271.2,270.0,4.0,1.4749,1,30,3.3333333333333335,3.3333333333333335,278.56,2.71,8.56,4.56,1.6814,0.056047
2024-01-22,2024-02-16,WMT,162.39,162.5,2.25,1.3856,1,30,3.3333333333333335,3.3333333333333335,170.36,4.91,7.86,5.61,3.4516,0.115053
2024-02-16,2024-03-15,ABBV,177.49,175.0,0.63,0.3549,1,27,3.3333333333333335,3.3333333333333335,178.49,0.56,3.49,2.86,1.6085,0.053617
2024-02-16,2024-03-15,AMZN,169.51,170.0,5.04,2.9733,1,27,3.3333333333333335,3.3333333333333335,174.48,2.93,4.48,-0.56,-0.3274,-0.010913
2024-02-16,2024-03-15,BAC,34.09,34.0,0.87,2.5521,1,27,3.3333333333333335,3.3333333333333335,36.01,5.63,2.01,1.13,3.3294,0.11098
2024-02-16,2024-03-15,BX,127.89,130.0,5.83,4.5586,1,27,3.3333333333333335,3.3333333333333335,123.43,-3.49,0.0,-5.83,-4.5547,-0.151823
2024-02-16,2024-03-15,COST,723.99,725.0,18.66,2.5774,1,27,3.3333333333333335,3.3333333333333335,731.54,1.04,6.54,-12.12,-1.6734,-0.05578
2024-02-16,2024-03-15,CRM,289.72,290.0,12.63,4.3594,1,27,3.3333333333333335,3.3333333333333335,300.51,3.72,10.51,-2.12,-0.7317,-0.02439
2024-02-16,2024-03-15,CVX,154.63,155.0,3.33,2.1535,1,27,3.3333333333333335,3.3333333333333335,155.41,0.5,0.41,-2.92,-1.8916,-0.063053
2024-02-16,2024-03-15,DIS,111.6,110.0,1.2,1.0753,1,27,3.3333333333333335,3.3333333333333335,113.85,2.02,3.85,2.65,2.3745,0.07915
2024-02-16,2024-03-15,HD,362.35,360.0,8.22,2.2685,1,27,3.3333333333333335,3.3333333333333335,371.91,2.64,11.91,3.69,1.017,0.0339
2024-02-16,2024-03-15,IBM,187.64,190.0,5.98,3.187,1,27,3.3333333333333335,3.3333333333333335,191.69,2.16,1.69,-4.29,-2.2863,-0.07621
2024-02-16,2024-03-15,JPM,179.03,180.0,4.14,2.3125,1,27,3.3333333333333335,3.3333333333333335,192.66,7.61,12.66,8.53,4.7618,0.158727
2024-02-16,2024-03-15,LLY,782.06,780.0,23.82,3.0458,1,27,3.3333333333333335,3.3333333333333335,762.66,-2.48,0.0,-23.82,-3.0458,-0.101527
2024-02-16,2024-03-15,MA,468.13,470.0,8.98,1.9183,1,27,3.3333333333333335,3.3333333333333335,478.89,2.3,8.89,-0.09,-0.0203,-0.000677
2024-02-16,2024-03-15,META,473.32,475.0,15.99,3.3783,1,27,3.3333333333333335,3.3333333333333335,496.98,5.0,21.98,5.99,1.2655,0.042183
2024-02-16,2024-03-15,MRK,127.79,130.0,4.95,3.8735,1,27,3.3333333333333335,3.3333333333333335,121.44,-4.97,0.0,-4.95,-3.8775,-0.12925
2024-02-16,2024-03-15,MSFT,404.06,405.0,9.22,2.2818,1,27,3.3333333333333335,3.3333333333333335,417.32,3.28,12.32,3.1,0.7672,0.025573
2024-02-16,2024-03-15,NFLX,583.95,585.0,17.87,3.0602,1,27,3.3333333333333335,3.3333333333333335,618.39,5.9,33.39,15.52,2.6569,0.088563
2024-02-16,2024-03-15,NKE,103.51,105.0,4.24,4.0962,1,27,3.3333333333333335,3.3333333333333335,98.74,-4.61,0.0,-4.24,-4.1011,-0.136703
2024-02-16,2024-03-15,NVDA,726.13,725.0,47.99,6.609,1,27,3.3333333333333335,3.3333333333333335,884.55,21.82,159.55,111.57,15.3643,0.512143
2024-02-16,2024-03-15,ORCL,111.31,110.0,3.2,2.8749,1,27,3.3333333333333335,3.3333333333333335,127.8,14.81,17.8,14.61,13.121,0.437367
2024-02-16,2024-03-15,PEP,166.32,165.0,1.61,0.968,1,27,3.3333333333333335,3.3333333333333335,171.26,2.97,6.26,4.65,2.7958,0.093193
2024-02-16,2024-03-15,PG,157.51,160.0,4.31,2.7363,1,27,3.3333333333333335,3.3333333333333335,161.21,2.35,1.21,-3.09,-1.965,-0.0655
2024-02-16,2024-03-15,UNH,521.55,520.0,8.48,1.6259,1,27,3.3333333333333335,3.3333333333333335,487.05,-6.61,0.0,-8.48,-1.625,-0.054167
2024-02-16,2024-03-15,V,278.56,280.0,5.57,1.9996,1,27,3.3333333333333335,3.3333333333333335,285.05,2.33,5.05,-0.52,-0.1867,-0.006223
2024-02-16,2024-03-15,WFC,51.91,52.5,1.98,3.8143,1,27,3.3333333333333335,3.3333333333333335,57.77,11.29,5.27,3.3,6.3475,0.211583
2024-02-16,2024-03-15,WMT,170.36,170.0,3.92,2.301,1,27,3.3333333333333335,3.3333333333333335,182.58,7.17,12.58,8.66,5.0834,0.169447
2024-02-16,2024-03-15,XOM,103.73,105.0,3.55,3.4223,1,27,3.3333333333333335,3.3333333333333335,112.3,8.26,7.3,3.75,3.6103,0.120343
2024-03-18,2024-04-12,ABBV,178.49,180.0,5.05,2.8293,1,30,3.3333333333333335,3.3333333333333335,161.67,-9.42,0.0,-5.05,-2.8321,-0.094403
2024-03-18,2024-04-12,AMZN,174.48,175.0,4.71,2.6994,1,30,3.3333333333333335,3.3333333333333335,183.62,5.24,8.62,3.91,2.2409,0.074697
2024-03-18,2024-04-12,AVGO,1237.24,1235.0,42.71,3.452,1,30,3.3333333333333335,3.3333333333333335,1310.69,5.94,75.69,32.98,2.6656,0.088853
2024-03-18,2024-04-12,BAC,36.01,36.0,0.74,2.055,1,30,3.3333333333333335,3.3333333333333335,35.95,-0.17,0.0,-0.74,-2.0411,-0.068037
2024-03-18,2024-04-12,CMCSA,43.12,43.0,1.0,2.3191,1,30,3.3333333333333335,3.3333333333333335,39.43,-8.56,0.0,-1.0,-2.3191,-0.077303
2024-03-18,2024-04-12,COST,731.54,730.0,9.94,1.3588,1,30,3.3333333333333335,3.3333333333333335,718.28,-1.81,0.0,-9.94,-1.3588,-0.045293
2024-03-18,2024-04-12,CRM,300.51,300.0,7.75,2.5789,1,30,3.3333333333333335,3.3333333333333335,272.9,-9.19,0.0,-7.75,-2.5806,-0.08602
2024-03-18,2024-04-12,CVX,155.41,155.0,2.21,1.422,1,30,3.3333333333333335,3.3333333333333335,157.59,1.4,2.59,0.37,0.2413,0.008043
2024-03-18,2024-04-12,DIS,113.85,114.0,2.77,2.433,1,30,3.3333333333333335,3.3333333333333335,112.95,-0.79,0.0,-2.77,-2.4286,-0.080953
2024-03-18,2024-04-12,GOOG,148.48,148.0,3.06,2.0609,1,30,3.3333333333333335,3.3333333333333335,156.33,5.29,8.33,5.27,3.5493,0.11831
2024-03-18,2024-04-12,GOOGL,147.68,148.0,3.89,2.6341,1,30,3.3333333333333335,3.3333333333333335,154.86,4.86,6.86,2.97,2.0111,0.067037
2024-03-18,2024-04-12,HD,371.91,370.0,4.19,1.1266,1,30,3.3333333333333335,3.3333333333333335,337.93,-9.14,0.0,-4.19,-1.128,-0.0376
2024-03-18,2024-04-12,IBM,191.69,190.0,1.7,0.8868,1,30,3.3333333333333335,3.3333333333333335,181.25,-5.45,0.0,-1.7,-0.8895,-0.02965
2024-03-18,2024-04-12,JNJ,156.76,155.0,0.66,0.421,1,30,3.3333333333333335,3.3333333333333335,147.59,-5.85,0.0,-0.66,-0.421,-0.014033
2024-03-18,2024-04-12,JPM,192.66,195.0,7.04,3.6541,1,30,3.3333333333333335,3.3333333333333335,182.89,-5.07,0.0,-7.04,-3.6541,-0.121803
2024-03-18,2024-04-12,KO,60.13,60.0,0.56,0.9313,1,30,3.3333333333333335,3.3333333333333335,58.14,-3.31,0.0,-0.56,-0.9396,-0.03132
2024-03-18,2024-04-12,MA,478.89,480.0,8.15,1.7019,1,30,3.3333333333333335,3.3333333333333335,459.79,-3.99,0.0,-8.15,-1.7029,-0.056763
2024-03-18,2024-04-12,META,496.98,495.0,13.27,2.6701,1,30,3.3333333333333335,3.3333333333333335,500.23,0.65,5.23,-8.04,-1.6178,-0.053927
2024-03-18,2024-04-12,MSFT,417.32,415.0,6.19,1.4833,1,30,3.3333333333333335,3.3333333333333335,413.64,-0.88,0.0,-6.19,-1.4833,-0.049443
2024-03-18,2024-04-12,NFLX,618.39,620.0,18.2,2.9431,1,30,3.3333333333333335,3.3333333333333335,607.15,-1.82,0.0,-18.2,-2.9439,-0.09813
2024-03-18,2024-04-12,NOW,755.8,755.0,17.4,2.3022,1,30,3.3333333333333335,3.3333333333333335,735.81,-2.64,0.0,-17.4,-2.3022,-0.07674
2024-03-18,2024-04-12,NVDA,884.55,885.0,54.43,6.1534,1,30,3.3333333333333335,3.3333333333333335,860.01,-2.77,0.0,-54.43,-6.154,-0.205133
2024-03-18,2024-04-12,ORCL,127.8,128.0,3.3,2.5822,1,30,3.3333333333333335,3.3333333333333335,119.88,-6.2,0.0,-3.3,-2.5822,-0.086073
2024-03-18,2024-04-12,PEP,171.26,170.0,1.17,0.6832,1,30,3.3333333333333335,3.3333333333333335,166.95,-2.52,0.0,-1.17,-0.6832,-0.022773
2024-03-18,2024-04-12,PG,161.21,160.0,0.52,0.3226,1,30,3.3333333333333335,3.3333333333333335,155.45,-3.57,0.0,-0.52,-0.3257,-0.010857
2024-03-18,2024-04-12,QCOM,166.92,167.5,5.04,3.0194,1,30,3.3333333333333335,3.3333333333333335,169.84,1.75,2.34,-2.7,-1.6175,-0.053917
2024-03-18,2024-04-12,TMO,580.05,580.0,11.18,1.9274,1,30,3.3333333333333335,3.3333333333333335,557.87,-3.82,0.0,-11.18,-1.9266,-0.06422
2024-03-18,2024-04-12,V,285.05,285.0,3.83,1.3436,1,30,3.3333333333333335,3.3333333333333335,271.28,-4.83,0.0,-3.83,-1.3419,-0.04473
2024-03-18,2024-04-12,WFC,57.77,58.0,1.88,3.2543,1,30,3.3333333333333335,3.3333333333333335,56.97,-1.38,0.0,-1.88,-3.2629,-0.108763
2024-03-18,2024-04-12,XOM,112.3,112.0,1.81,1.6118,1,30,3.3333333333333335,3.3333333333333335,119.68,6.57,7.68,5.87,5.2271,0.174237
2024-04-15,2024-05-10,AMZN,183.62,185.0,8.91,4.8524,1,9,3.3333333333333335,3.3333333333333335,186.57,1.61,1.57,-7.34,-3.9974,-0.133247
2024-04-15,2024-05-10,AVGO,1310.69,1310.0,48.6,3.708,1,9,3.3333333333333335,3.3333333333333335,1337.51,2.05,27.51,-21.09,-1.6095,-0.05365
2024-04-15,2024-05-10,CVX,157.59,157.5,3.51,2.2273,1,9,3.3333333333333335,3.3333333333333335,164.53,4.4,7.03,3.52,2.2368,0.07456
2024-04-15,2024-05-10,GOOG,156.33,157.5,6.82,4.3626,1,9,3.3333333333333335,3.3333333333333335,170.9,9.32,13.4,6.57,4.2058,0.140193
2024-04-15,2024-05-10,GOOGL,154.86,155.0,5.82,3.7582,1,9,3.3333333333333335,3.3333333333333335,169.14,9.22,14.14,8.32,5.3726,0.179087
2024-04-15,2024-05-10,META,500.23,500.0,25.38,5.0737,1,9,3.3333333333333335,3.3333333333333335,468.01,-6.44,0.0,-25.38,-5.0747,-0.169157
2024-04-15,2024-05-10,MRK,126.19,126.0,2.62,2.0762,1,9,3.3333333333333335,3.3333333333333335,129.29,2.46,3.29,0.66,0.527,0.017567
2024-04-15,2024-05-10,QCOM,169.84,170.0,7.98,4.6985,1,9,3.3333333333333335,3.3333333333333335,184.21,8.46,14.21,6.23,3.6682,0.122273
2024-04-15,2024-05-10,XOM,119.68,120.0,3.11,2.5986,1,9,3.3333333333333335,3.3333333333333335,117.91,-1.48,0.0,-3.11,-2.5986,-0.08662
2024-05-13,2024-06-07,AAPL,186.28,185.0,1.77,0.9502,1,30,3.3333333333333335,3.3333333333333335,193.12,3.67,8.12,6.35,3.4088,0.113627
2024-05-13,2024-06-07,ADBE,483.11,485.0,13.7,2.8358,1,30,3.3333333333333335,3.3333333333333335,459.94,-4.8,0.0,-13.7,-2.8348,-0.094493
2024-05-13,2024-06-07,AMZN,186.57,185.0,2.66,1.4257,1,30,3.3333333333333335,3.3333333333333335,187.06,0.26,2.06,-0.6,-0.3243,-0.01081
2024-05-13,2024-06-07,AVGO,1337.51,1340.0,49.24,3.6815,1,30,3.3333333333333335,3.3333333333333335,1440.47,7.7,100.47,51.23,3.8299,0.127663
2024-05-13,2024-06-07,BAC,38.21,38.0,0.58,1.5179,1,30,3.3333333333333335,3.3333333333333335,39.67,3.82,1.67,1.09,2.8657,0.095523
2024-05-13,2024-06-07,BX,122.13,122.0,2.94,2.4073,1,30,3.3333333333333335,3.3333333333333335,119.7,-1.99,0.0,-2.94,-2.4032,-0.080107
2024-05-13,2024-06-07,CMCSA,39.7,40.0,1.11,2.796,1,30,3.3333333333333335,3.3333333333333335,38.79,-2.29,0.0,-1.11,-2.796,-0.0932
2024-05-13,2024-06-07,COST,775.15,775.0,18.32,2.3634,1,30,3.3333333333333335,3.3333333333333335,848.34,9.44,73.34,55.02,7.0973,0.236577
2024-05-13,2024-06-07,CRM,277.52,280.0,13.64,4.915,1,30,3.3333333333333335,3.3333333333333335,241.84,-12.86,0.0,-13.64,-4.915,-0.163833
2024-05-13,2024-06-07,CVX,164.53,165.0,4.79,2.9113,1,30,3.3333333333333335,3.3333333333333335,156.74,-4.73,0.0,-4.79,-2.9083,-0.096943
2024-05-13,2024-06-07,GOOG,170.9,170.0,3.4,1.9895,1,30,3.3333333333333335,3.3333333333333335,176.63,3.35,6.63,3.23,1.89,0.063
2024-05-13,2024-06-07,GOOGL,169.14,170.0,5.18,3.0626,1,30,3.3333333333333335,3.3333333333333335,175.01,3.47,5.01,-0.17,-0.1005,-0.00335
2024-05-13,2024-06-07,HD,340.96,340.0,8.34,2.446,1,30,3.3333333333333335,3.3333333333333335,332.56,-2.46,0.0,-8.34,-2.446,-0.081533
2024-05-13,2024-06-07,INTU,627.19,630.0,20.38,3.2494,1,30,3.3333333333333335,3.3333333333333335,567.24,-9.56,0.0,-20.38,-3.2502,-0.10834
2024-05-13,2024-06-07,JNJ,151.22,150.0,1.2,0.7935,1,30,3.3333333333333335,3.3333333333333335,147.13,-2.7,0.0,-1.2,-0.7935,-0.02645
2024-05-13,2024-06-07,JPM,198.73,200.0,4.4,2.2141,1,30,3.3333333333333335,3.3333333333333335,199.61,0.44,0.0,-4.4,-2.2115,-0.073717
2024-05-13,2024-06-07,KO,63.58,64.0,0.96,1.5099,1,30,3.3333333333333335,3.3333333333333335,63.59,0.02,0.0,-0.96,-1.5099,-0.05033
2024-05-13,2024-06-07,LLY,757.7,760.0,21.0,2.7715,1,30,3.3333333333333335,3.3333333333333335,865.0,14.16,105.0,84.0,11.0862,0.36954
2024-05-13,2024-06-07,MRK,129.29,129.0,1.92,1.485,1,30,3.3333333333333335,3.3333333333333335,131.49,1.7,2.49,0.58,0.4447,0.014823
2024-05-13,2024-06-07,MSFT,413.72,415.0,9.06,2.1899,1,30,3.3333333333333335,3.3333333333333335,427.87,3.42,12.87,3.81,0.9209,0.030697
2024-05-13,2024-06-07,NFLX,616.59,615.0,14.9,2.4165,1,30,3.3333333333333335,3.3333333333333335,644.5,4.53,29.5,14.59,2.367,0.0789
2024-05-13,2024-06-07,NVDA,903.99,905.0,55.7,6.1616,1,30,3.3333333333333335,3.3333333333333335,121.79,-86.53,0.0,-55.7,-6.1621,-0.205403
2024-05-13,2024-06-07,PEP,180.9,180.0,2.03,1.1222,1,30,3.3333333333333335,3.3333333333333335,165.9,-8.29,0.0,-2.03,-1.1222,-0.037407
2024-05-13,2024-06-07,PG,165.87,165.0,0.91,0.5486,1,30,3.3333333333333335,3.3333333333333335,167.35,0.89,2.35,1.45,0.8712,0.02904
2024-05-13,2024-06-07,QCOM,184.21,185.0,5.54,3.0074,1,30,3.3333333333333335,3.3333333333333335,209.35,13.65,24.35,18.81,10.2085,0.340283
2024-05-13,2024-06-07,TSLA,171.89,170.0,5.23,3.0426,1,30,3.3333333333333335,3.3333333333333335,173.79,1.11,3.79,-1.44,-0.8348,-0.027827
2024-05-13,2024-06-07,UNH,511.74,510.0,6.13,1.1979,1,30,3.3333333333333335,3.3333333333333335,495.0,-3.27,0.0,-6.13,-1.1979,-0.03993
2024-05-13,2024-06-07,V,279.39,280.0,3.87,1.3852,1,30,3.3333333333333335,3.3333333333333335,275.04,-1.56,0.0,-3.87,-1.3869,-0.04623
2024-05-13,2024-06-07,WFC,61.26,61.0,0.79,1.2896,1,30,3.3333333333333335,3.3333333333333335,57.93,-5.44,0.0,-0.79,-1.2896,-0.042987
2024-05-13,2024-06-07,WMT,60.41,60.0,1.05,1.7381,1,30,3.3333333333333335,3.3333333333333335,66.96,10.84,6.96,5.91,9.7914,0.32638
2024-06-10,2024-07-05,AAPL,193.12,195.0,5.64,2.9205,1,24,3.3333333333333335,3.3333333333333335,227.82,17.97,32.82,27.18,14.0742,0.46914
2024-06-10,2024-07-05,ABBV,170.46,170.0,3.52,2.065,1,24,3.3333333333333335,3.3333333333333335,166.52,-2.31,0.0,-3.52,-2.065,-0.068833
2024-06-10,2024-07-05,ABT,107.49,107.0,1.66,1.5443,1,24,3.3333333333333335,3.3333333333333335,102.12,-5.0,0.0,-1.66,-1.5397,-0.051323
2024-06-10,2024-07-05,AMZN,187.06,185.0,1.97,1.0531,1,24,3.3333333333333335,3.3333333333333335,199.29,6.54,14.29,12.32,6.5861,0.219537
2024-06-10,2024-07-05,AVGO,1440.47,1440.0,70.17,4.8713,1,24,3.3333333333333335,3.3333333333333335,170.33,-88.18,0.0,-70.17,-4.871,-0.162367
2024-06-10,2024-07-05,BAC,39.67,40.0,1.12,2.8233,1,24,3.3333333333333335,3.3333333333333335,40.62,2.39,0.62,-0.5,-1.2478,-0.041593
2024-06-10,2024-07-05,COST,848.34,850.0,15.07,1.7764,1,24,3.3333333333333335,3.3333333333333335,880.84,3.83,30.84,15.77,1.8589,0.061963
2024-06-10,2024-07-05,GOOG,176.63,175.0,1.93,1.0927,1,24,3.3333333333333335,3.3333333333333335,190.48,7.84,15.48,13.54,7.6686,0.25562
2024-06-10,2024-07-05,GOOGL,175.01,175.0,3.5,1.9999,1,24,3.3333333333333335,3.3333333333333335,189.03,8.01,14.03,10.53,6.0197,0.200657
2024-06-10,2024-07-05,IBM,170.38,170.0,2.38,1.3969,1,24,3.3333333333333335,3.3333333333333335,177.64,4.26,7.64,5.26,3.0872,0.102907
2024-06-10,2024-07-05,JPM,199.61,200.0,4.39,2.1993,1,24,3.3333333333333335,3.3333333333333335,205.17,2.79,5.17,0.77,0.3883,0.012943
2024-06-10,2024-07-05,KO,63.59,64.0,1.5,2.3589,1,24,3.3333333333333335,3.3333333333333335,62.96,-0.99,0.0,-1.5,-2.3667,-0.07889
2024-06-10,2024-07-05,LLY,865.0,865.0,22.99,2.6578,1,24,3.3333333333333335,3.3333333333333335,918.0,6.13,53.0,30.01,3.4694,0.115647
2024-06-10,2024-07-05,META,502.6,505.0,16.1,3.2033,1,24,3.3333333333333335,3.3333333333333335,529.32,5.32,24.32,8.22,1.6355,0.054517
2024-06-10,2024-07-05,MRK,131.49,129.0,0.07,0.0532,1,24,3.3333333333333335,3.3333333333333335,125.78,-4.34,0.0,-0.07,-0.057,-0.0019
2024-06-10,2024-07-05,MSFT,427.87,430.0,9.72,2.2717,1,24,3.3333333333333335,3.3333333333333335,466.24,8.97,36.24,26.52,6.1993,0.206643
2024-06-10,2024-07-05,NFLX,644.5,645.0,16.15,2.5058,1,24,3.3333333333333335,3.3333333333333335,685.74,6.4,40.74,24.59,3.8154,0.12718
2024-06-10,2024-07-05,NKE,96.0,96.0,3.61,3.7604,1,24,3.3333333333333335,3.3333333333333335,73.05,-23.91,0.0,-3.61,-3.7604,-0.125347
2024-06-10,2024-07-05,ORCL,124.5,124.0,4.36,3.502,1,24,3.3333333333333335,3.3333333333333335,145.03,16.49,21.03,16.67,13.3896,0.44632
2024-06-10,2024-07-05,PG,167.35,165.0,,,1,24,3.3333333333333335,3.3333333333333335,166.52,-0.5,1.52,1.52,0.9083,0.030277
2024-06-10,2024-07-05,QCOM,209.35,210.0,6.17,2.9472,1,24,3.3333333333333335,3.3333333333333335,207.89,-0.7,0.0,-6.17,-2.9496,-0.09832
2024-06-10,2024-07-05,TMO,581.48,580.0,14.8,2.5452,1,24,3.3333333333333335,3.3333333333333335,540.1,-7.12,0.0,-14.8,-2.5452,-0.08484
2024-06-10,2024-07-05,TSLA,173.79,175.0,10.21,5.8749,1,24,3.3333333333333335,3.3333333333333335,252.94,45.54,77.94,67.73,38.9752,1.299173
2024-06-10,2024-07-05,WMT,66.96,67.0,0.82,1.2246,1,24,3.3333333333333335,3.3333333333333335,69.68,4.06,2.68,1.86,2.7778,0.092593
2024-07-08,2024-08-02,AAPL,227.82,230.0,8.09,3.551,1,22,3.3333333333333335,3.3333333333333335,209.27,-8.14,0.0,-8.09,-3.551,-0.118367
2024-07-08,2024-08-02,ADBE,575.4,575.0,13.6,2.3636,1,22,3.3333333333333335,3.3333333333333335,509.32,-11.48,0.0,-13.6,-2.3636,-0.078787
2024-07-08,2024-08-02,AMZN,199.29,200.0,8.89,4.4608,1,22,3.3333333333333335,3.3333333333333335,161.02,-19.2,0.0,-8.89,-4.4583,-0.14861
2024-07-08,2024-08-02,BAC,40.62,41.0,1.39,3.422,1,22,3.3333333333333335,3.3333333333333335,36.65,-9.77,0.0,-1.39,-3.422,-0.114067
2024-07-08,2024-08-02,BX,120.77,121.0,4.37,3.6184,1,22,3.3333333333333335,3.3333333333333335,129.51,7.24,8.51,4.14,3.4321,0.114403
2024-07-08,2024-08-02,COST,880.84,880.0,14.43,1.6382,1,22,3.3333333333333335,3.3333333333333335,801.83,-8.97,0.0,-14.43,-1.6382,-0.054607
2024-07-08,2024-08-02,CRM,257.37,255.0,3.38,1.3133,1,22,3.3333333333333335,3.3333333333333335,239.01,-7.13,0.0,-3.38,-1.3113,-0.04371
2024-07-08,2024-08-02,GOOG,190.48,190.0,5.68,2.9819,1,22,3.3333333333333335,3.3333333333333335,160.64,-15.67,0.0,-5.68,-2.9819,-0.099397
2024-07-08,2024-08-02,GOOGL,189.03,190.0,7.29,3.8565,1,22,3.3333333333333335,3.3333333333333335,159.25,-15.75,0.0,-7.29,-3.8539,-0.128463
2024-07-08,2024-08-02,HD,339.6,340.0,7.35,2.1643,1,22,3.3333333333333335,3.3333333333333335,350.01,3.07,10.01,2.66,0.7833,0.02611
2024-07-08,2024-08-02,IBM,177.64,180.0,8.23,4.633,1,22,3.3333333333333335,3.3333333333333335,183.31,3.19,3.31,-4.92,-2.7696,-0.09232
2024-07-08,2024-08-02,JPM,205.17,205.0,4.57,2.2274,1,22,3.3333333333333335,3.3333333333333335,194.9,-5.01,0.0,-4.57,-2.225,-0.074167
2024-07-08,2024-08-02,LLY,918.0,920.0,23.75,2.5871,1,22,3.3333333333333335,3.3333333333333335,775.26,-15.55,0.0,-23.75,-2.5871,-0.086237
2024-07-08,2024-08-02,META,529.32,530.0,27.84,5.2596,1,22,3.3333333333333335,3.3333333333333335,475.73,-10.12,0.0,-27.84,-5.2596,-0.17532
2024-07-08,2024-08-02,MSFT,466.24,465.0,10.73,2.3014,1,22,3.3333333333333335,3.3333333333333335,395.15,-15.25,0.0,-10.73,-2.3014,-0.076713
2024-07-08,2024-08-02,NFLX,685.74,685.0,31.08,4.5323,1,22,3.3333333333333335,3.3333333333333335,598.55,-12.71,0.0,-31.08,-4.5323,-0.151077
2024-07-08,2024-08-02,NOW,766.2,765.0,29.37,3.8332,1,22,3.3333333333333335,3.3333333333333335,781.27,1.97,16.27,-13.1,-1.7097,-0.05699
2024-07-08,2024-08-02,NVDA,128.2,128.0,6.2,4.8362,1,22,3.3333333333333335,3.3333333333333335,100.45,-21.65,0.0,-6.2,-4.8362,-0.161207
2024-07-08,2024-08-02,ORCL,145.03,145.0,3.19,2.1995,1,22,3.3333333333333335,3.3333333333333335,127.86,-11.84,0.0,-3.19,-2.1961,-0.073203
2024-07-08,2024-08-02,TSLA,252.94,255.0,19.85,7.8477,1,22,3.3333333333333335,3.3333333333333335,198.88,-21.37,0.0,-19.85,-7.8477,-0.26159
2024-07-08,2024-08-02,WFC,59.01,59.0,1.58,2.6775,1,22,3.3333333333333335,3.3333333333333335,52.12,-11.68,0.0,-1.58,-2.669,-0.088967
2024-07-08,2024-08-02,WMT,69.68,70.0,1.36,1.9518,1,22,3.3333333333333335,3.3333333333333335,67.59,-3.0,0.0,-1.36,-1.9518,-0.06506
2024-08-02,2024-08-30,ABT,111.31,109.0,1.38,1.2398,1,1,3.3333333333333335,3.3333333333333335,113.27,1.76,4.27,2.89,2.6008,0.086693
2024-08-05,2024-08-30,ABBV,184.36,185.0,5.72,3.1026,1,14,3.3333333333333335,3.3333333333333335,196.31,6.48,11.31,5.59,3.0321,0.10107
2024-08-05,2024-08-30,BX,129.51,130.0,5.3,4.0923,1,14,3.3333333333333335,3.3333333333333335,142.36,9.92,12.36,7.06,5.4552,0.18184
2024-08-05,2024-08-30,CMCSA,39.18,39.0,1.19,3.0373,1,14,3.3333333333333335,3.3333333333333335,39.57,1.0,0.57,-0.62,-1.5824,-0.052747
2024-08-05,2024-08-30,HD,350.01,350.0,14.29,4.0827,1,14,3.3333333333333335,3.3333333333333335,368.5,5.28,18.5,4.21,1.2014,0.040047
2024-08-05,2024-08-30,IBM,183.31,185.0,7.74,4.2224,1,14,3.3333333333333335,3.3333333333333335,202.13,10.27,17.13,9.4,5.1252,0.17084
2024-08-05,2024-08-30,INTU,602.97,600.0,26.06,4.3219,1,14,3.3333333333333335,3.3333333333333335,630.26,4.53,30.26,4.2,0.6974,0.023247
2024-08-05,2024-08-30,JNJ,161.25,160.0,3.1,1.9225,1,14,3.3333333333333335,3.3333333333333335,165.86,2.86,5.86,2.77,1.7147,0.057157
2024-08-05,2024-08-30,KO,68.1,68.0,1.39,2.0411,1,14,3.3333333333333335,3.3333333333333335,72.47,6.42,4.47,3.08,4.5228,0.15076
2024-08-05,2024-08-30,NOW,781.27,780.0,31.99,4.0946,1,14,3.3333333333333335,3.3333333333333335,855.0,9.44,75.0,43.01,5.5051,0.183503
2024-08-05,2024-08-30,PEP,174.04,175.0,5.26,3.0223,1,14,3.3333333333333335,3.3333333333333335,172.88,-0.67,0.0,-5.26,-3.0223,-0.100743
2024-08-05,2024-08-30,PG,168.06,170.0,5.47,3.2548,1,14,3.3333333333333335,3.3333333333333335,171.54,2.07,1.54,-3.93,-2.3385,-0.07795
2024-08-05,2024-08-30,TMO,598.03,600.0,16.98,2.8393,1,14,3.3333333333333335,3.3333333333333335,615.07,2.85,15.07,-1.91,-0.3202,-0.010673
2024-08-05,2024-08-30,UNH,569.96,570.0,15.52,2.723,1,14,3.3333333333333335,3.3333333333333335,590.2,3.55,20.2,4.68,0.8211,0.02737
2024-08-05,2024-08-30,XOM,114.77,115.0,3.87,3.372,1,14,3.3333333333333335,3.3333333333333335,117.94,2.76,2.94,-0.92,-0.806,-0.026867
2024-08-30,2024-09-27,AAPL,229.0,230.0,6.35,2.7729,1,38,3.3333333333333335,3.3333333333333335,233.0,1.75,3.0,-3.35,-1.4629,-0.048763
2024-08-30,2024-09-27,ABBV,196.31,195.0,3.0,1.5282,1,38,3.3333333333333335,3.3333333333333335,197.48,0.6,2.48,-0.52,-0.2623,-0.008743
2024-08-30,2024-09-27,ABT,113.27,113.0,1.27,1.1212,0,38,0.0,0.0,114.01,0.65,1.01,-0.25,-0.2251,0.0
2024-08-30,2024-09-27,ADBE,574.41,575.0,24.12,4.1991,1,38,3.3333333333333335,3.3333333333333335,517.78,-9.86,0.0,-24.12,-4.1982,-0.13994
2024-08-30,2024-09-27,AMZN,178.5,180.0,5.88,3.2941,1,38,3.3333333333333335,3.3333333333333335,186.33,4.39,6.33,0.45,0.2521,0.008403
2024-08-30,2024-09-27,AVGO,162.82,165.0,12.09,7.4254,1,38,3.3333333333333335,3.3333333333333335,172.5,5.95,7.5,-4.59,-2.8191,-0.09397
2024-08-30,2024-09-27,BAC,40.75,41.0,1.21,2.9693,1,38,3.3333333333333335,3.3333333333333335,39.68,-2.63,0.0,-1.21,-2.9571,-0.09857
2024-08-30,2024-09-27,BX,142.36,142.0,4.04,2.8379,1,38,3.3333333333333335,3.3333333333333335,153.13,7.57,11.13,7.09,4.9803,0.16601
2024-08-30,2024-09-27,CMCSA,39.57,40.0,1.4,3.538,1,38,3.3333333333333335,3.3333333333333335,41.77,5.56,1.77,0.37,0.9477,0.03159
2024-08-30,2024-09-27,COST,892.38,890.0,20.41,2.2871,1,38,3.3333333333333335,3.3333333333333335,886.52,-0.66,0.0,-20.41,-2.2871,-0.076237
2024-08-30,2024-09-27,CRM,252.9,255.0,8.75,3.4599,1,38,3.3333333333333335,3.3333333333333335,273.71,8.23,18.71,9.96,3.9383,0.131277
2024-08-30,2024-09-27,CVX,147.95,150.0,5.63,3.8053,1,38,3.3333333333333335,3.3333333333333335,147.27,-0.46,0.0,-5.63,-3.802,-0.126733
2024-08-30,2024-09-27,DIS,90.38,90.0,1.5,1.6597,1,38,3.3333333333333335,3.3333333333333335,96.19,6.43,6.19,4.69,5.1892,0.172973
2024-08-30,2024-09-27,GOOG,165.11,165.0,4.14,2.5074,1,38,3.3333333333333335,3.3333333333333335,167.19,1.26,2.19,-1.95,-1.1841,-0.03947
2024-08-30,2024-09-27,GOOGL,163.38,165.0,5.36,3.2807,1,38,3.3333333333333335,3.3333333333333335,165.85,1.51,0.85,-4.51,-2.7604,-0.092013
2024-08-30,2024-09-27,HD,368.5,370.0,8.93,2.4233,1,38,3.3333333333333335,3.3333333333333335,405.2,9.96,35.2,26.27,7.1289,0.23763
2024-08-30,2024-09-27,IBM,202.13,200.0,1.83,0.9054,0,38,0.0,0.0,221.08,9.38,21.08,19.25,9.5211,0.0
2024-08-30,2024-09-27,INTU,630.26,630.0,16.37,2.5973,1,38,3.3333333333333335,3.3333333333333335,621.0,-1.47,0.0,-16.37,-2.5973,-0.086577
2024-08-30,2024-09-27,JNJ,165.86,165.0,1.25,0.7536,0,38,0.0,0.0,162.06,-2.29,0.0,-1.25,-0.7536,0.0
2024-08-30,2024-09-27,JPM,224.8,225.0,4.1,1.8238,1,38,3.3333333333333335,3.3333333333333335,210.86,-6.2,0.0,-4.1,-1.8238,-0.060793
2024-08-30,2024-09-27,KO,72.47,72.0,0.61,0.8417,0,38,0.0,0.0,71.86,-0.84,0.0,-0.61,-0.8486,0.0
2024-08-30,2024-09-27,LLY,960.02,960.0,32.83,3.4197,1,38,3.3333333333333335,3.3333333333333335,885.94,-7.72,0.0,-32.83,-3.4197,-0.11399
2024-08-30,2024-09-27,MA,483.34,480.0,5.82,1.2041,0,38,0.0,0.0,493.8,2.16,13.8,7.98,1.651,0.0
2024-08-30,2024-09-27,META,521.31,520.0,14.06,2.6971,1,38,3.3333333333333335,3.3333333333333335,572.44,9.81,52.44,38.39,7.3632,0.24544
2024-08-30,2024-09-27,MRK,118.45,118.0,2.98,2.5158,1,38,3.3333333333333335,3.3333333333333335,113.56,-4.13,0.0,-2.98,-2.5116,-0.08372
2024-08-30,2024-09-27,MSFT,417.14,415.0,6.93,1.6613,1,38,3.3333333333333335,3.3333333333333335,430.3,3.15,15.3,8.37,2.0065,0.066883
2024-08-30,2024-09-27,NFLX,701.35,700.0,16.52,2.3555,1,38,3.3333333333333335,3.3333333333333335,709.27,1.13,9.27,-7.25,-1.0344,-0.03448
2024-08-30,2024-09-27,NKE,83.32,83.0,3.44,4.1287,1,38,3.3333333333333335,3.3333333333333335,88.4,6.1,5.4,1.96,2.3524,0.078413
2024-08-30,2024-09-27,NVDA,119.37,119.0,5.52,4.6243,1,38,3.3333333333333335,3.3333333333333335,121.44,1.73,2.44,-3.08,-2.5844,-0.086147
2024-08-30,2024-09-27,ORCL,141.29,141.0,6.16,4.3598,1,38,3.3333333333333335,3.3333333333333335,170.4,20.6,29.4,23.24,16.452,0.5484
2024-08-30,2024-09-27,PG,171.54,170.0,0.98,0.5713,0,38,0.0,0.0,173.2,0.97,3.2,2.22,1.2942,0.0
2024-08-30,2024-09-27,QCOM,175.3,175.0,6.65,3.7935,1,38,3.3333333333333335,3.3333333333333335,170.05,-2.99,0.0,-6.65,-3.7935,-0.12645
2024-08-30,2024-09-27,TSLA,214.11,215.0,11.04,5.1562,1,38,3.3333333333333335,3.3333333333333335,261.63,22.19,46.63,35.59,16.62,0.554
2024-08-30,2024-09-27,UNH,590.2,590.0,14.0,2.3721,1,38,3.3333333333333335,3.3333333333333335,584.68,-0.94,0.0,-14.0,-2.3721,-0.07907
2024-08-30,2024-09-27,V,276.37,275.0,3.03,1.0964,0,38,0.0,0.0,274.95,-0.51,0.0,-3.03,-1.0945,0.0
2024-08-30,2024-09-27,WFC,58.47,58.0,0.84,1.4366,1,38,3.3333333333333335,3.3333333333333335,56.49,-3.39,0.0,-0.84,-1.4452,-0.048173
2024-08-30,2024-09-27,WMT,77.23,77.0,0.79,1.0229,0,38,0.0,0.0,80.75,4.56,3.75,2.96,3.8262,0.0
2024-08-30,2024-09-27,XOM,117.94,118.0,2.68,2.2723,1,38,3.3333333333333335,3.3333333333333335,117.22,-0.61,0.0,-2.68,-2.2723,-0.075743
2024-09-30,2024-10-25,AAPL,233.0,235.0,6.73,2.8884,1,25,3.3333333333333335,3.3333333333333335,233.4,0.17,0.0,-6.73,-2.8884,-0.09628
2024-09-30,2024-10-25,ABBV,197.48,195.0,2.26,1.1444,1,25,3.3333333333333335,3.3333333333333335,189.68,-3.95,0.0,-2.26,-1.1444,-0.038147
2024-09-30,2024-10-25,ABT,114.01,114.0,3.54,3.105,1,25,3.3333333333333335,3.3333333333333335,114.07,0.05,0.07,-3.47,-3.048,-0.1016
2024-09-30,2024-10-25,AMZN,186.33,185.0,4.03,2.1628,1,25,3.3333333333333335,3.3333333333333335,188.39,1.11,3.39,-0.64,-0.3462,-0.01154
2024-09-30,2024-10-25,AVGO,172.5,170.0,5.05,2.9275,1,25,3.3333333333333335,3.3333333333333335,172.02,-0.28,2.02,-3.03,-1.7565,-0.05855
2024-09-30,2024-10-25,BX,153.13,152.5,4.53,2.9583,1,25,3.3333333333333335,3.3333333333333335,169.97,11.0,17.47,12.94,8.4471,0.28157
2024-09-30,2024-10-25,CMCSA,41.77,42.0,1.47,3.5193,1,25,3.3333333333333335,3.3333333333333335,41.84,0.17,0.0,-1.47,-3.5073,-0.11691
2024-09-30,2024-10-25,CRM,273.71,275.0,9.87,3.606,1,25,3.3333333333333335,3.3333333333333335,293.77,7.33,18.77,8.9,3.2534,0.108447
2024-09-30,2024-10-25,DIS,96.19,96.0,2.1,2.1832,1,25,3.3333333333333335,3.3333333333333335,96.2,0.01,0.2,-1.91,-1.9805,-0.066017
2024-09-30,2024-10-25,GOOG,167.19,165.0,3.4,2.0336,1,25,3.3333333333333335,3.3333333333333335,168.34,0.69,3.34,-0.07,-0.0389,-0.001297
2024-09-30,2024-10-25,GOOGL,165.85,165.0,4.42,2.6651,1,25,3.3333333333333335,3.3333333333333335,166.72,0.52,1.72,-2.7,-1.631,-0.054367
2024-09-30,2024-10-25,HD,405.2,405.0,7.5,1.8509,1,25,3.3333333333333335,3.3333333333333335,402.89,-0.57,0.0,-7.5,-1.8509,-0.061697
2024-09-30,2024-10-25,IBM,221.08,220.0,7.01,3.1708,1,25,3.3333333333333335,3.3333333333333335,212.91,-3.7,0.0,-7.01,-3.1708,-0.105693
2024-09-30,2024-10-25,MA,493.8,495.0,11.01,2.2296,1,25,3.3333333333333335,3.3333333333333335,508.21,2.92,13.21,2.2,0.4455,0.01485
2024-09-30,2024-10-25,META,572.44,570.0,15.97,2.7898,1,25,3.3333333333333335,3.3333333333333335,578.16,1.0,8.16,-7.81,-1.3643,-0.045477
2024-09-30,2024-10-25,MSFT,430.3,430.0,9.52,2.2124,1,25,3.3333333333333335,3.3333333333333335,426.59,-0.86,0.0,-9.52,-2.2124,-0.073747
2024-09-30,2024-10-25,NFLX,709.27,710.0,34.13,4.812,1,25,3.3333333333333335,3.3333333333333335,749.12,5.62,39.12,4.99,0.7028,0.023427
2024-09-30,2024-10-25,NKE,88.4,88.0,3.4,3.8462,1,25,3.3333333333333335,3.3333333333333335,78.91,-10.74,0.0,-3.4,-3.8462,-0.128207
2024-09-30,2024-10-25,NOW,894.39,895.0,19.6,2.1914,1,25,3.3333333333333335,3.3333333333333335,945.0,5.66,50.0,30.4,3.3984,0.11328
2024-09-30,2024-10-25,NVDA,121.44,121.0,5.04,4.1502,1,25,3.3333333333333335,3.3333333333333335,140.52,15.71,19.52,14.48,11.9236,0.397453
2024-09-30,2024-10-25,ORCL,170.4,170.0,3.9,2.2887,1,25,3.3333333333333335,3.3333333333333335,172.42,1.19,2.42,-1.48,-0.8685,-0.02895
2024-09-30,2024-10-25,PG,173.2,175.0,5.4,3.1178,1,25,3.3333333333333335,3.3333333333333335,169.3,-2.25,0.0,-5.4,-3.1178,-0.103927
2024-09-30,2024-10-25,TMO,618.57,620.0,18.61,3.0086,1,25,3.3333333333333335,3.3333333333333335,552.54,-10.67,0.0,-18.61,-3.0094,-0.100313
2024-09-30,2024-10-25,TSLA,261.63,260.0,18.71,7.1513,1,25,3.3333333333333335,3.3333333333333335,262.51,0.34,2.51,-16.2,-6.1939,-0.206463
2024-09-30,2024-10-25,WMT,80.75,81.0,1.65,2.0433,1,25,3.3333333333333335,3.3333333333333335,82.75,2.48,1.75,0.1,0.13,0.004333
2024-10-28,2024-11-22,AAPL,233.4,235.0,7.9,3.3847,1,26,3.3333333333333335,3.3333333333333335,232.87,-0.23,0.0,-7.9,-3.3847,-0.112823
2024-10-28,2024-11-22,ABT,114.07,114.0,2.64,2.3144,1,26,3.3333333333333335,3.3333333333333335,118.13,3.56,4.13,1.49,1.3106,0.043687
2024-10-28,2024-11-22,AMZN,188.39,190.0,9.36,4.9684,1,26,3.3333333333333335,3.3333333333333335,201.45,6.93,11.45,2.09,1.1121,0.03707
2024-10-28,2024-11-22,BAC,42.62,43.0,1.46,3.4256,1,26,3.3333333333333335,3.3333333333333335,47.5,11.45,4.5,3.04,7.1328,0.23776
2024-10-28,2024-11-22,BX,169.97,170.0,5.14,3.0241,1,26,3.3333333333333335,3.3333333333333335,193.12,13.62,23.12,17.97,10.5754,0.352513
2024-10-28,2024-11-22,CMCSA,41.84,42.0,0.62,1.4818,1,26,3.3333333333333335,3.3333333333333335,43.2,3.25,1.2,0.58,1.3862,0.046207
2024-10-28,2024-11-22,COST,890.96,890.0,18.73,2.1022,1,26,3.3333333333333335,3.3333333333333335,960.89,7.85,70.89,52.16,5.8544,0.195147
2024-10-28,2024-11-22,CRM,293.77,295.0,9.52,3.2406,1,26,3.3333333333333335,3.3333333333333335,339.11,15.43,44.11,34.59,11.7762,0.39254
2024-10-28,2024-11-22,CVX,150.54,150.0,4.4,2.9228,1,26,3.3333333333333335,3.3333333333333335,160.36,6.52,10.36,5.96,3.9591,0.13197
2024-10-28,2024-11-22,DIS,96.2,96.0,3.69,3.8358,1,26,3.3333333333333335,3.3333333333333335,116.0,20.58,20.0,16.31,16.9543,0.565143
2024-10-28,2024-11-22,GOOG,168.34,170.0,8.55,5.079,1,26,3.3333333333333335,3.3333333333333335,169.43,0.65,0.0,-8.55,-5.079,-0.1693
2024-10-28,2024-11-22,GOOGL,166.72,165.0,5.27,3.161,1,26,3.3333333333333335,3.3333333333333335,167.65,0.56,2.65,-2.62,-1.5715,-0.052383
2024-10-28,2024-11-22,JPM,225.5,225.0,4.95,2.1951,1,26,3.3333333333333335,3.3333333333333335,250.29,10.99,25.29,20.34,9.02,0.300667
2024-10-28,2024-11-22,LLY,895.59,895.0,34.3,3.8299,1,26,3.3333333333333335,3.3333333333333335,755.0,-15.7,0.0,-34.3,-3.8304,-0.12768
2024-10-28,2024-11-22,MA,508.21,510.0,11.5,2.2628,1,26,3.3333333333333335,3.3333333333333335,526.6,3.62,16.6,5.1,1.0045,0.033483
2024-10-28,2024-11-22,META,578.16,580.0,30.97,5.3566,1,26,3.3333333333333335,3.3333333333333335,565.11,-2.26,0.0,-30.97,-5.3567,-0.178557
2024-10-28,2024-11-22,NFLX,749.12,750.0,19.44,2.595,1,26,3.3333333333333335,3.3333333333333335,865.59,15.55,115.59,96.15,12.8351,0.427837
2024-10-28,2024-11-22,NOW,945.0,945.0,20.3,2.1481,1,26,3.3333333333333335,3.3333333333333335,1052.71,11.4,107.71,87.41,9.2497,0.308323
2024-10-28,2024-11-22,NVDA,140.52,141.0,9.34,6.6467,1,26,3.3333333333333335,3.3333333333333335,136.02,-3.2,0.0,-9.34,-6.6467,-0.221557
2024-10-28,2024-11-22,ORCL,172.42,170.0,2.17,1.2586,1,26,3.3333333333333335,3.3333333333333335,187.99,9.03,17.99,15.82,9.1753,0.305843
2024-10-28,2024-11-22,QCOM,172.22,170.0,6.25,3.6291,1,26,3.3333333333333335,3.3333333333333335,158.82,-7.78,0.0,-6.25,-3.6291,-0.12097
2024-10-28,2024-11-22,TSLA,262.51,265.0,17.39,6.6245,1,26,3.3333333333333335,3.3333333333333335,338.59,28.98,73.59,56.2,21.4068,0.71356
2024-10-28,2024-11-22,V,284.19,285.0,7.85,2.7622,1,26,3.3333333333333335,3.3333333333333335,313.19,10.2,28.19,20.34,7.1554,0.238513
2024-10-28,2024-11-22,WFC,65.61,66.0,2.68,4.0847,1,26,3.3333333333333335,3.3333333333333335,76.9,17.21,10.9,8.22,12.521,0.417367
2024-10-28,2024-11-22,WMT,82.75,83.0,2.62,3.1662,1,26,3.3333333333333335,3.3333333333333335,89.5,8.16,6.5,3.88,4.6828,0.156093
2024-10-28,2024-11-22,XOM,118.9,119.0,3.54,2.9773,1,26,3.3333333333333335,3.3333333333333335,119.97,0.9,0.97,-2.57,-2.1615,-0.07205
2024-11-25,2024-12-20,ABT,118.13,118.0,1.85,1.5661,1,28,3.3333333333333335,3.3333333333333335,114.31,-3.23,0.0,-1.85,-1.5618,-0.05206
2024-11-25,2024-12-20,ADBE,518.73,517.5,23.29,4.4898,1,28,3.3333333333333335,3.3333333333333335,446.74,-13.88,0.0,-23.29,-4.4888,-0.149627
2024-11-25,2024-12-20,AMZN,201.45,202.5,6.63,3.2911,1,28,3.3333333333333335,3.3333333333333335,225.06,11.72,22.56,15.93,7.9101,0.26367
2024-11-25,2024-12-20,BAC,47.5,47.5,1.09,2.2947,1,28,3.3333333333333335,3.3333333333333335,43.89,-7.6,0.0,-1.09,-2.2947,-0.07649
2024-11-25,2024-12-20,BX,193.12,192.5,3.69,1.9107,1,28,3.3333333333333335,3.3333333333333335,172.19,-10.84,0.0,-3.69,-1.9107,-0.06369
2024-11-25,2024-12-20,CMCSA,43.2,43.0,0.56,1.2963,1,28,3.3333333333333335,3.3333333333333335,37.98,-12.08,0.0,-0.56,-1.2963,-0.04321
2024-11-25,2024-12-20,COST,960.89,960.0,23.55,2.4509,1,28,3.3333333333333335,3.3333333333333335,949.91,-1.14,0.0,-23.55,-2.4514,-0.081713
2024-11-25,2024-12-20,CRM,339.11,340.0,15.05,4.4381,1,28,3.3333333333333335,3.3333333333333335,342.9,1.12,2.9,-12.15,-3.5814,-0.11938
2024-11-25,2024-12-20,CVX,160.36,160.0,2.33,1.453,1,28,3.3333333333333335,3.3333333333333335,142.97,-10.84,0.0,-2.33,-1.453,-0.048433
2024-11-25,2024-12-20,DIS,116.0,116.0,2.39,2.0603,1,28,3.3333333333333335,3.3333333333333335,111.4,-3.97,0.0,-2.39,-2.0603,-0.068677
2024-11-25,2024-12-20,GOOG,169.43,170.0,4.52,2.6678,1,28,3.3333333333333335,3.3333333333333335,195.99,15.68,25.99,21.48,12.6749,0.422497
2024-11-25,2024-12-20,GOOGL,167.65,167.5,3.88,2.3143,1,28,3.3333333333333335,3.3333333333333335,194.63,16.09,27.13,23.26,13.8712,0.462373
2024-11-25,2024-12-20,HD,428.67,427.5,8.84,2.0622,1,28,3.3333333333333335,3.3333333333333335,392.45,-8.45,0.0,-8.84,-2.0634,-0.06878
2024-11-25,2024-12-20,IBM,226.13,225.0,3.73,1.6495,1,28,3.3333333333333335,3.3333333333333335,221.93,-1.86,0.0,-3.73,-1.6517,-0.055057
2024-11-25,2024-12-20,INTU,634.62,635.0,14.79,2.3305,1,28,3.3333333333333335,3.3333333333333335,638.3,0.58,3.3,-11.49,-1.8105,-0.06035
2024-11-25,2024-12-20,JPM,250.29,250.0,4.36,1.742,1,28,3.3333333333333335,3.3333333333333335,238.39,-4.75,0.0,-4.36,-1.74,-0.058
2024-11-25,2024-12-20,MA,526.6,527.5,10.1,1.918,1,28,3.3333333333333335,3.3333333333333335,528.96,0.45,1.46,-8.64,-1.6407,-0.05469
2024-11-25,2024-12-20,NFLX,865.59,865.0,20.71,2.3926,1,28,3.3333333333333335,3.3333333333333335,911.45,5.3,46.45,25.74,2.9743,0.099143
2024-11-25,2024-12-20,NKE,79.26,79.0,3.33,4.2014,1,28,3.3333333333333335,3.3333333333333335,76.76,-3.15,0.0,-3.33,-4.2014,-0.140047
2024-11-25,2024-12-20,NOW,1052.71,1055.0,25.14,2.3881,1,28,3.3333333333333335,3.3333333333333335,1088.26,3.38,33.26,8.11,0.7709,0.025697
2024-11-25,2024-12-20,ORCL,187.99,187.5,7.68,4.0853,1,28,3.3333333333333335,3.3333333333333335,169.14,-10.03,0.0,-7.68,-4.088,-0.136267
2024-11-25,2024-12-20,PG,177.39,177.5,2.36,1.3304,1,28,3.3333333333333335,3.3333333333333335,168.11,-5.23,0.0,-2.36,-1.3276,-0.044253
2024-11-25,2024-12-20,TSLA,338.59,337.5,18.41,5.4373,1,28,3.3333333333333335,3.3333333333333335,430.6,27.17,93.1,74.7,22.0606,0.735353
2024-11-25,2024-12-20,UNH,605.83,605.0,13.78,2.2746,1,28,3.3333333333333335,3.3333333333333335,506.34,-16.42,0.0,-13.78,-2.2754,-0.075847
2024-11-25,2024-12-20,V,313.19,312.5,3.95,1.2612,1,28,3.3333333333333335,3.3333333333333335,317.22,1.29,4.72,0.77,0.2443,0.008143
2024-11-25,2024-12-20,WFC,76.9,77.0,2.04,2.6528,1,28,3.3333333333333335,3.3333333333333335,70.54,-8.27,0.0,-2.04,-2.6528,-0.088427
2024-11-25,2024-12-20,WMT,89.5,89.0,1.31,1.4637,1,28,3.3333333333333335,3.3333333333333335,90.35,0.95,1.35,0.04,0.0447,0.00149
2024-11-25,2024-12-20,XOM,119.97,120.0,2.41,2.0088,1,28,3.3333333333333335,3.3333333333333335,106.3,-11.39,0.0,-2.41,-2.013,-0.0671
2024-12-23,2025-01-17,AAPL,255.27,255.0,3.96,1.5513,1,19,3.3333333333333335,3.3333333333333335,229.98,-9.91,0.0,-3.96,-1.5533,-0.051777
2024-12-23,2025-01-17,ABBV,178.39,180.0,6.01,3.369,1,19,3.3333333333333335,3.3333333333333335,171.56,-3.83,0.0,-6.01,-3.3662,-0.112207
2024-12-23,2025-01-17,AMZN,225.06,225.0,5.57,2.4749,1,19,3.3333333333333335,3.3333333333333335,225.94,0.39,0.94,-4.63,-2.0572,-0.068573
2024-12-23,2025-01-17,AVGO,232.35,232.5,10.07,4.334,1,19,3.3333333333333335,3.3333333333333335,237.44,2.19,4.94,-5.13,-2.21,-0.073667
2024-12-23,2025-01-17,CRM,342.9,342.5,7.95,2.3185,1,19,3.3333333333333335,3.3333333333333335,324.56,-5.35,0.0,-7.95,-2.3185,-0.077283
2024-12-23,2025-01-17,GOOG,195.99,195.0,3.85,1.9644,1,19,3.3333333333333335,3.3333333333333335,197.55,0.8,2.55,-1.3,-0.6658,-0.022193
2024-12-23,2025-01-17,GOOGL,194.63,195.0,5.18,2.6615,1,19,3.3333333333333335,3.3333333333333335,196.0,0.7,1.0,-4.18,-2.1502,-0.071673
2024-12-23,2025-01-17,INTU,638.3,637.5,16.78,2.6289,1,19,3.3333333333333335,3.3333333333333335,604.13,-5.35,0.0,-16.78,-2.6289,-0.08763
2024-12-23,2025-01-17,LLY,796.28,795.0,21.29,2.6737,1,19,3.3333333333333335,3.3333333333333335,725.72,-8.86,0.0,-21.29,-2.6737,-0.089123
2024-12-23,2025-01-17,MA,528.96,530.0,11.25,2.1268,1,19,3.3333333333333335,3.3333333333333335,524.7,-0.81,0.0,-11.25,-2.1268,-0.070893
2024-12-23,2025-01-17,META,599.85,600.0,17.46,2.9107,1,19,3.3333333333333335,3.3333333333333335,612.77,2.15,12.77,-4.68,-0.781,-0.026033
2024-12-23,2025-01-17,MSFT,435.25,435.0,7.57,1.7392,1,19,3.3333333333333335,3.3333333333333335,429.03,-1.43,0.0,-7.57,-1.7381,-0.057937
2024-12-23,2025-01-17,NFLX,911.45,912.5,24.18,2.6529,1,19,3.3333333333333335,3.3333333333333335,858.1,-5.85,0.0,-24.18,-2.6524,-0.088413
2024-12-23,2025-01-17,NOW,1088.26,1090.0,21.77,2.0004,1,19,3.3333333333333335,3.3333333333333335,1071.48,-1.54,0.0,-21.77,-2.0004,-0.06668
2024-12-23,2025-01-17,NVDA,139.67,140.0,6.27,4.4892,1,19,3.3333333333333335,3.3333333333333335,137.71,-1.4,0.0,-6.27,-4.4856,-0.14952
2024-12-23,2025-01-17,TMO,525.29,525.0,12.06,2.2959,1,19,3.3333333333333335,3.3333333333333335,559.65,6.54,34.65,22.6,4.3014,0.14338
2024-12-23,2025-01-17,TSLA,430.6,430.0,26.9,6.2471,1,19,3.3333333333333335,3.3333333333333335,426.5,-0.95,0.0,-26.9,-6.2471,-0.208237
2024-12-23,2025-01-17,V,317.22,317.5,5.94,1.8725,1,19,3.3333333333333335,3.3333333333333335,319.62,0.76,2.12,-3.82,-1.2042,-0.04014
2024-12-23,2025-01-17,WMT,90.35,90.0,1.26,1.3946,1,19,3.3333333333333335,3.3333333333333335,91.94,1.76,1.94,0.69,0.7582,0.025273
2025-01-17,2025-02-14,AMZN,225.94,225.0,7.88,3.4877,1,19,3.3333333333333335,3.3333333333333335,228.68,1.21,3.68,-4.2,-1.8589,-0.061963
2025-01-17,2025-02-14,AVGO,237.44,235.0,6.59,2.7754,1,19,3.3333333333333335,3.3333333333333335,233.04,-1.85,0.0,-6.59,-2.7754,-0.092513
2025-01-17,2025-02-14,BAC,46.53,47.0,1.47,3.1593,1,19,3.3333333333333335,3.3333333333333335,46.96,0.92,0.0,-1.47,-3.1485,-0.10495
2025-01-17,2025-02-14,CVX,161.47,162.5,4.51,2.7931,1,19,3.3333333333333335,3.3333333333333335,155.34,-3.8,0.0,-4.51,-2.7962,-0.093207
2025-01-17,2025-02-14,GOOG,197.55,200.0,9.37,4.7431,1,19,3.3333333333333335,3.3333333333333335,186.87,-5.41,0.0,-9.37,-4.7456,-0.158187
2025-01-17,2025-02-14,GOOGL,196.0,195.0,5.8,2.9592,1,19,3.3333333333333335,3.3333333333333335,185.23,-5.49,0.0,-5.8,-2.9592,-0.09864
2025-01-17,2025-02-14,HD,409.38,410.0,8.23,2.0104,1,19,3.3333333333333335,3.3333333333333335,409.5,0.03,0.0,-8.23,-2.0104,-0.067013
2025-01-17,2025-02-14,IBM,224.79,225.0,9.56,4.2529,1,19,3.3333333333333335,3.3333333333333335,261.28,16.23,36.28,26.72,11.8889,0.396297
2025-01-17,2025-02-14,JNJ,147.03,147.0,2.55,1.7343,1,19,3.3333333333333335,3.3333333333333335,156.15,6.2,9.15,6.6,4.4923,0.149743
2025-01-17,2025-02-14,JPM,259.16,260.0,5.72,2.2071,1,19,3.3333333333333335,3.3333333333333335,276.59,6.73,16.59,10.87,4.1943,0.13981
2025-01-17,2025-02-14,KO,62.71,63.0,1.55,2.4717,1,19,3.3333333333333335,3.3333333333333335,68.87,9.82,5.87,4.33,6.8968,0.229893
2025-01-17,2025-02-14,META,612.77,615.0,31.76,5.183,1,19,3.3333333333333335,3.3333333333333335,736.67,20.22,121.67,89.9,14.6719,0.489063
2025-01-17,2025-02-14,QCOM,164.56,165.0,7.07,4.2963,1,19,3.3333333333333335,3.3333333333333335,172.23,4.66,7.23,0.16,0.0972,0.00324
2025-01-17,2025-02-14,TMO,559.65,560.0,13.92,2.4873,1,19,3.3333333333333335,3.3333333333333335,531.85,-4.97,0.0,-13.92,-2.4882,-0.08294
2025-01-17,2025-02-14,UNH,509.76,510.0,9.77,1.9166,1,19,3.3333333333333335,3.3333333333333335,523.51,2.7,13.51,3.74,0.7337,0.024457
2025-01-17,2025-02-14,V,319.62,320.0,5.49,1.7177,1,19,3.3333333333333335,3.3333333333333335,353.81,10.7,33.81,28.32,8.8605,0.29535
2025-01-17,2025-02-14,WFC,77.08,77.0,2.17,2.8153,1,19,3.3333333333333335,3.3333333333333335,79.98,3.76,2.98,0.81,1.0509,0.03503
2025-01-17,2025-02-14,WMT,91.94,92.0,1.73,1.8817,1,19,3.3333333333333335,3.3333333333333335,104.04,13.16,12.04,10.31,11.2138,0.373793
2025-01-17,2025-02-14,XOM,112.32,112.0,2.4,2.1368,1,19,3.3333333333333335,3.3333333333333335,108.24,-3.63,0.0,-2.4,-2.1368,-0.071227
2025-02-14,2025-03-14,AAPL,244.6,245.0,5.6,2.2895,1,27,3.3333333333333335,3.3333333333333335,214.0,-12.51,0.0,-5.6,-2.2895,-0.076317
2025-02-14,2025-03-14,ABBV,192.87,195.0,5.62,2.9139,1,27,3.3333333333333335,3.3333333333333335,214.47,11.2,19.47,13.85,7.1836,0.239453
2025-02-14,2025-03-14,ABT,130.61,131.0,2.65,2.0289,1,27,3.3333333333333335,3.3333333333333335,127.64,-2.27,0.0,-2.65,-2.0328,-0.06776
2025-02-14,2025-03-14,ADBE,460.16,460.0,21.09,4.5832,1,27,3.3333333333333335,3.3333333333333335,399.34,-13.22,0.0,-21.09,-4.5832,-0.152773
2025-02-14,2025-03-14,AMZN,228.68,230.0,7.16,3.131,1,27,3.3333333333333335,3.3333333333333335,195.74,-14.4,0.0,-7.16,-3.131,-0.104367
2025-02-14,2025-03-14,BAC,46.96,47.0,1.24,2.6405,1,27,3.3333333333333335,3.3333333333333335,41.44,-11.75,0.0,-1.24,-2.6405,-0.088017
2025-02-14,2025-03-14,COST,1071.85,1070.0,26.33,2.4565,1,27,3.3333333333333335,3.3333333333333335,916.61,-14.48,0.0,-26.33,-2.456,-0.081867
2025-02-14,2025-03-14,CRM,326.54,325.0,14.66,4.4895,1,27,3.3333333333333335,3.3333333333333335,280.75,-14.02,0.0,-14.66,-4.4895,-0.14965
2025-02-14,2025-03-14,DIS,110.38,110.0,1.86,1.6851,1,27,3.3333333333333335,3.3333333333333335,99.36,-9.98,0.0,-1.86,-1.6851,-0.05617
2025-02-14,2025-03-14,HD,409.5,410.0,10.9,2.6618,1,27,3.3333333333333335,3.3333333333333335,354.13,-13.52,0.0,-10.9,-2.6618,-0.088727
2025-02-14,2025-03-14,IBM,261.28,260.0,4.71,1.8027,1,27,3.3333333333333335,3.3333333333333335,252.97,-3.18,0.0,-4.71,-1.8027,-0.06009
2025-02-14,2025-03-14,JNJ,156.15,155.0,1.44,0.9222,1,27,3.3333333333333335,3.3333333333333335,162.84,4.28,7.84,6.4,4.1018,0.136727
2025-02-14,2025-03-14,JPM,276.59,275.0,3.71,1.3413,1,27,3.3333333333333335,3.3333333333333335,233.93,-15.42,0.0,-3.71,-1.3395,-0.04465
2025-02-14,2025-03-14,KO,68.87,69.0,1.22,1.7715,1,27,3.3333333333333335,3.3333333333333335,70.12,1.82,1.12,-0.1,-0.1525,-0.005083
2025-02-14,2025-03-14,LLY,844.27,845.0,20.78,2.4613,1,27,3.3333333333333335,3.3333333333333335,813.48,-3.65,0.0,-20.78,-2.4619,-0.082063
2025-02-14,2025-03-14,MA,564.76,565.0,9.32,1.6503,1,27,3.3333333333333335,3.3333333333333335,531.99,-5.8,0.0,-9.32,-1.6503,-0.05501
2025-02-14,2025-03-14,META,736.67,735.0,18.87,2.5615,1,27,3.3333333333333335,3.3333333333333335,604.9,-17.89,0.0,-18.87,-2.5608,-0.08536
2025-02-14,2025-03-14,NFLX,1058.6,1060.0,29.15,2.7536,1,27,3.3333333333333335,3.3333333333333335,950.02,-10.26,0.0,-29.15,-2.7536,-0.091787
2025-02-14,2025-03-14,NKE,73.04,73.0,2.15,2.9436,1,27,3.3333333333333335,3.3333333333333335,73.7,0.9,0.7,-1.45,-1.9852,-0.066173
2025-02-14,2025-03-14,NVDA,138.85,139.0,8.59,6.1865,1,27,3.3333333333333335,3.3333333333333335,119.53,-13.91,0.0,-8.59,-6.1901,-0.206337
2025-02-14,2025-03-14,ORCL,174.16,175.0,9.81,5.6328,1,27,3.3333333333333335,3.3333333333333335,154.01,-11.57,0.0,-9.81,-5.6328,-0.18776
2025-02-14,2025-03-14,PG,162.89,165.0,4.46,2.738,1,27,3.3333333333333335,3.3333333333333335,169.76,4.22,4.76,0.3,0.1872,0.00624
2025-02-14,2025-03-14,QCOM,172.23,170.0,3.07,1.7825,1,27,3.3333333333333335,3.3333333333333335,157.95,-8.29,0.0,-3.07,-1.7796,-0.05932
2025-02-14,2025-03-14,UNH,523.51,525.0,15.34,2.9302,1,27,3.3333333333333335,3.3333333333333335,499.02,-4.68,0.0,-15.34,-2.9312,-0.097707
2025-02-14,2025-03-14,V,353.81,355.0,6.6,1.8654,1,27,3.3333333333333335,3.3333333333333335,334.55,-5.44,0.0,-6.6,-1.864,-0.062133
2025-02-14,2025-03-14,WFC,79.98,80.0,1.99,2.4881,1,27,3.3333333333333335,3.3333333333333335,70.84,-11.43,0.0,-1.99,-2.4881,-0.082937
2025-02-14,2025-03-14,WMT,104.04,104.0,3.33,3.2007,1,27,3.3333333333333335,3.3333333333333335,87.46,-15.94,0.0,-3.33,-3.2007,-0.10669
2025-03-17,2025-04-11,ABBV,214.47,215.0,4.65,2.1681,1,11,3.3333333333333335,3.3333333333333335,179.1,-16.49,0.0,-4.65,-2.1705,-0.07235
2025-03-17,2025-04-11,CMCSA,35.75,36.0,1.49,4.1678,1,11,3.3333333333333335,3.3333333333333335,34.15,-4.48,0.0,-1.49,-4.1538,-0.13846
2025-03-17,2025-04-11,CVX,158.72,157.5,1.95,1.2286,1,11,3.3333333333333335,3.3333333333333335,135.32,-14.74,0.0,-1.95,-1.2286,-0.040953
2025-03-17,2025-04-11,INTU,602.11,600.0,8.45,1.4034,1,11,3.3333333333333335,3.3333333333333335,593.55,-1.42,0.0,-8.45,-1.4026,-0.046753
2025-03-17,2025-04-11,JNJ,162.84,162.5,2.09,1.2835,1,11,3.3333333333333335,3.3333333333333335,154.36,-5.21,0.0,-2.09,-1.2835,-0.042783
2025-03-17,2025-04-11,KO,70.12,70.0,1.0,1.4261,1,11,3.3333333333333335,3.3333333333333335,72.45,3.32,2.45,1.45,2.0679,0.06893
2025-03-17,2025-04-11,MRK,94.79,95.0,2.55,2.6902,1,11,3.3333333333333335,3.3333333333333335,79.17,-16.48,0.0,-2.55,-2.6954,-0.089847
2025-03-17,2025-04-11,NKE,73.7,74.0,4.4,5.9701,1,11,3.3333333333333335,3.3333333333333335,55.41,-24.82,0.0,-4.4,-5.9702,-0.199007
2025-03-17,2025-04-11,PEP,151.34,150.0,2.07,1.3678,1,11,3.3333333333333335,3.3333333333333335,146.75,-3.03,0.0,-2.07,-1.3678,-0.045593
2025-03-17,2025-04-11,PG,169.76,170.0,3.03,1.7849,1,11,3.3333333333333335,3.3333333333333335,169.13,-0.37,0.0,-3.03,-1.7849,-0.059497
2025-03-17,2025-04-11,XOM,113.76,114.0,2.56,2.2504,1,11,3.3333333333333335,3.3333333333333335,103.39,-9.12,0.0,-2.56,-2.2504,-0.075013
2025-04-14,2025-05-09,ABT,127.96,128.0,2.5,1.9537,1,9,3.3333333333333335,3.3333333333333335,131.99,3.15,3.99,1.49,1.1644,0.038813
2025-04-14,2025-05-09,COST,979.32,980.0,30.88,3.1532,1,9,3.3333333333333335,3.3333333333333335,1016.15,3.76,36.15,5.27,0.5381,0.017937
2025-04-14,2025-05-09,HD,357.2,355.0,10.65,2.9815,1,9,3.3333333333333335,3.3333333333333335,376.59,5.43,21.59,10.94,3.0627,0.10209
2025-04-14,2025-05-09,JPM,234.72,235.0,7.37,3.1399,1,9,3.3333333333333335,3.3333333333333335,260.05,10.79,25.05,17.68,7.5324,0.25108
2025-04-14,2025-05-09,KO,72.45,72.0,1.19,1.6425,1,9,3.3333333333333335,3.3333333333333335,69.53,-4.03,0.0,-1.19,-1.6356,-0.05452
2025-04-14,2025-05-09,TSLA,252.35,250.0,18.28,7.2439,1,9,3.3333333333333335,3.3333333333333335,318.38,26.17,68.38,50.1,19.8514,0.661713
2025-04-14,2025-05-09,UNH,587.06,585.0,21.0,3.5771,1,9,3.3333333333333335,3.3333333333333335,378.75,-35.48,0.0,-21.0,-3.5771,-0.119237
2025-04-14,2025-05-09,V,335.18,335.0,10.34,3.0849,1,9,3.3333333333333335,3.3333333333333335,355.85,6.17,20.85,10.51,3.1356,0.10452
2025-04-14,2025-05-09,WMT,94.73,95.0,2.83,2.9874,1,9,3.3333333333333335,3.3333333333333335,96.75,2.13,1.75,-1.08,-1.1454,-0.03818
2025-05-09,2025-06-06,INTU,653.88,660.0,31.66,4.8419,1,1,3.3333333333333335,3.3333333333333335,771.58,18.0,111.58,79.92,12.2224,0.407413
2025-05-12,2025-06-06,AAPL,210.79,210.0,4.86,2.3056,1,31,3.3333333333333335,3.3333333333333335,203.92,-3.26,0.0,-4.86,-2.3032,-0.076773
2025-05-12,2025-06-06,ABBV,190.07,190.0,6.65,3.4987,1,31,3.3333333333333335,3.3333333333333335,189.83,-0.13,0.0,-6.65,-3.5013,-0.11671
2025-05-12,2025-06-06,ABT,131.99,132.0,2.61,1.9774,1,31,3.3333333333333335,3.3333333333333335,133.58,1.2,1.58,-1.03,-0.7841,-0.026137
2025-05-12,2025-06-06,ADBE,395.94,395.0,9.18,2.3185,1,31,3.3333333333333335,3.3333333333333335,416.92,5.3,21.92,12.74,3.2177,0.107257
2025-05-12,2025-06-06,AMZN,208.64,210.0,6.98,3.3455,1,31,3.3333333333333335,3.3333333333333335,213.57,2.36,3.57,-3.41,-1.6344,-0.05448
2025-05-12,2025-06-06,AVGO,221.58,220.0,9.86,4.4499,1,31,3.3333333333333335,3.3333333333333335,246.93,11.44,26.93,17.07,7.7038,0.256793
2025-05-12,2025-06-06,BAC,43.36,43.0,0.7,1.6144,1,31,3.3333333333333335,3.3333333333333335,44.97,3.71,1.97,1.27,2.929,0.097633
2025-05-12,2025-06-06,BX,149.0,148.0,4.05,2.7181,1,31,3.3333333333333335,3.3333333333333335,140.45,-5.74,0.0,-4.05,-2.7181,-0.090603
2025-05-12,2025-06-06,CMCSA,34.72,35.0,1.09,3.1394,1,31,3.3333333333333335,3.3333333333333335,32.52,-6.34,0.0,-1.09,-3.1394,-0.104647
2025-05-12,2025-06-06,COST,1016.15,1015.0,26.92,2.6492,1,31,3.3333333333333335,3.3333333333333335,1014.94,-0.12,0.0,-26.92,-2.6497,-0.088323
2025-05-12,2025-06-06,CRM,288.82,290.0,15.84,5.4844,1,31,3.3333333333333335,3.3333333333333335,274.51,-4.95,0.0,-15.84,-5.4844,-0.182813
2025-05-12,2025-06-06,CVX,141.62,140.0,2.12,1.497,0,31,0.0,0.0,140.21,-1.0,0.21,-1.91,-1.3487,0.0
2025-05-12,2025-06-06,DIS,110.49,110.0,2.06,1.8644,1,31,3.3333333333333335,3.3333333333333335,113.9,3.09,3.9,1.84,1.6698,0.05566
2025-05-12,2025-06-06,HD,376.59,375.0,11.51,3.0564,1,31,3.3333333333333335,3.3333333333333335,367.33,-2.46,0.0,-11.51,-3.055,-0.101833
2025-05-12,2025-06-06,IBM,253.69,255.0,9.75,3.8433,1,31,3.3333333333333335,3.3333333333333335,268.87,5.98,13.87,4.12,1.6221,0.05407
2025-05-12,2025-06-06,JPM,260.05,260.0,5.22,2.0073,1,31,3.3333333333333335,3.3333333333333335,265.73,2.18,5.73,0.51,0.198,0.0066
2025-05-12,2025-06-06,LLY,755.57,755.0,32.91,4.3557,1,31,3.3333333333333335,3.3333333333333335,769.88,1.89,14.88,-18.03,-2.3869,-0.079563
2025-05-12,2025-06-06,MA,578.27,580.0,11.61,2.0077,1,31,3.3333333333333335,3.3333333333333335,590.12,2.05,10.12,-1.49,-0.2585,-0.008617
2025-05-12,2025-06-06,META,639.43,640.0,19.36,3.0277,1,31,3.3333333333333335,3.3333333333333335,697.71,9.11,57.71,38.35,5.9983,0.199943
2025-05-12,2025-06-06,MRK,80.43,80.0,2.27,2.8223,1,31,3.3333333333333335,3.3333333333333335,78.97,-1.82,0.0,-2.27,-2.8285,-0.094283
2025-05-12,2025-06-06,MSFT,449.26,450.0,9.92,2.2081,1,31,3.3333333333333335,3.3333333333333335,470.38,4.7,20.38,10.46,2.3283,0.07761
2025-05-12,2025-06-06,NFLX,1110.0,1110.0,33.45,3.0135,1,31,3.3333333333333335,3.3333333333333335,1241.5,11.85,131.5,98.05,8.8333,0.294443
2025-05-12,2025-06-06,NKE,62.58,63.0,2.71,4.3305,1,31,3.3333333333333335,3.3333333333333335,62.8,0.35,0.0,-2.71,-4.3305,-0.14435
2025-05-12,2025-06-06,NVDA,123.0,123.0,6.75,5.4878,1,31,3.3333333333333335,3.3333333333333335,141.72,15.22,18.72,11.97,9.7317,0.32439
2025-05-12,2025-06-06,ORCL,157.22,157.5,4.85,3.0848,1,31,3.3333333333333335,3.3333333333333335,174.02,10.69,16.52,11.67,7.4227,0.247423
2025-05-12,2025-06-06,QCOM,152.12,150.0,3.39,2.2285,1,31,3.3333333333333335,3.3333333333333335,149.24,-1.89,0.0,-3.39,-2.2285,-0.074283
2025-05-12,2025-06-06,TSLA,318.38,320.0,20.79,6.5299,1,31,3.3333333333333335,3.3333333333333335,295.14,-7.3,0.0,-20.79,-6.5299,-0.217663
2025-05-12,2025-06-06,V,355.85,355.0,5.6,1.5737,1,31,3.3333333333333335,3.3333333333333335,370.22,4.04,15.22,9.62,2.702,0.090067
2025-05-12,2025-06-06,WFC,74.88,75.0,1.45,1.9364,1,31,3.3333333333333335,3.3333333333333335,76.33,1.94,1.33,-0.12,-0.1603,-0.005343
2025-05-12,2025-06-06,WMT,96.75,97.0,3.52,3.6382,1,31,3.3333333333333335,3.3333333333333335,97.47,0.74,0.47,-3.06,-3.1576,-0.105253
2025-05-12,2025-06-06,XOM,109.16,109.0,2.82,2.5834,1,31,3.3333333333333335,3.3333333333333335,104.27,-4.48,0.0,-2.82,-2.5834,-0.086113
2025-07-07,2025-08-01,ABT,133.7,134.0,4.24,3.1713,1,30,3.3333333333333335,3.3333333333333335,129.93,-2.82,0.0,-4.24,-3.1713,-0.10571
2025-07-07,2025-08-01,AMZN,223.47,225.0,10.22,4.5733,1,30,3.3333333333333335,3.3333333333333335,211.65,-5.29,0.0,-10.22,-4.5756,-0.15252
2025-07-07,2025-08-01,AVGO,274.18,275.0,11.36,4.1433,1,30,3.3333333333333335,3.3333333333333335,297.72,8.59,22.72,11.36,4.1433,0.13811
2025-07-07,2025-08-01,BAC,48.66,49.0,1.68,3.4525,1,30,3.3333333333333335,3.3333333333333335,45.85,-5.77,0.0,-1.68,-3.4525,-0.115083
2025-07-07,2025-08-01,BX,152.99,152.5,5.05,3.3009,1,30,3.3333333333333335,3.3333333333333335,170.5,11.45,18.0,12.95,8.4613,0.282043
2025-07-07,2025-08-01,CMCSA,35.44,35.0,0.75,2.1163,1,30,3.3333333333333335,3.3333333333333335,32.56,-8.13,0.0,-0.75,-2.1163,-0.070543
2025-07-07,2025-08-01,CVX,147.4,147.0,3.95,2.6798,1,30,3.3333333333333335,3.3333333333333335,151.04,2.47,4.04,0.09,0.0611,0.002037
2025-07-07,2025-08-01,DIS,123.16,123.0,2.34,1.9,1,30,3.3333333333333335,3.3333333333333335,119.35,-3.09,0.0,-2.34,-1.9,-0.063333
2025-07-07,2025-08-01,GOOG,177.56,180.0,9.47,5.3334,1,30,3.3333333333333335,3.3333333333333335,195.75,10.24,15.75,6.28,3.5368,0.117893
2025-07-07,2025-08-01,GOOGL,176.79,175.0,5.34,3.0205,1,30,3.3333333333333335,3.3333333333333335,195.04,10.32,20.04,14.7,8.3178,0.27726
2025-07-07,2025-08-01,IBM,292.47,290.0,9.16,3.1319,1,30,3.3333333333333335,3.3333333333333335,251.98,-13.84,0.0,-9.16,-3.1337,-0.104457
2025-07-07,2025-08-01,INTU,783.61,785.0,19.5,2.4885,1,30,3.3333333333333335,3.3333333333333335,776.15,-0.95,0.0,-19.5,-2.4878,-0.082927
2025-07-07,2025-08-01,JNJ,155.27,155.0,2.76,1.7775,1,30,3.3333333333333335,3.3333333333333335,171.04,10.16,16.04,13.27,8.5496,0.284987
2025-07-07,2025-08-01,JPM,291.97,290.0,6.11,2.0927,1,30,3.3333333333333335,3.3333333333333335,294.26,0.78,4.26,-1.85,-0.6353,-0.021177
2025-07-07,2025-08-01,KO,71.01,71.0,1.49,2.0983,1,30,3.3333333333333335,3.3333333333333335,68.96,-2.89,0.0,-1.49,-2.1053,-0.070177
2025-07-07,2025-08-01,LLY,772.87,775.0,29.0,3.7522,1,30,3.3333333333333335,3.3333333333333335,769.0,-0.5,0.0,-29.0,-3.7516,-0.125053
2025-07-07,2025-08-01,META,718.35,720.0,30.23,4.2083,1,30,3.3333333333333335,3.3333333333333335,776.37,8.08,56.37,26.14,3.6396,0.12132
2025-07-07,2025-08-01,MRK,80.9,81.0,2.85,3.5229,1,30,3.3333333333333335,3.3333333333333335,79.86,-1.29,0.0,-2.85,-3.5229,-0.11743
2025-07-07,2025-08-01,MSFT,497.72,500.0,15.89,3.1926,1,30,3.3333333333333335,3.3333333333333335,535.64,7.62,35.64,19.75,3.9681,0.13227
2025-07-07,2025-08-01,NFLX,1289.62,1290.0,60.31,4.6766,1,30,3.3333333333333335,3.3333333333333335,1170.99,-9.2,0.0,-60.31,-4.6766,-0.155887
2025-07-07,2025-08-01,NKE,76.53,77.0,2.84,3.711,1,30,3.3333333333333335,3.3333333333333335,74.82,-2.23,0.0,-2.84,-3.7044,-0.12348
2025-07-07,2025-08-01,NOW,1035.01,1035.0,48.4,4.6763,1,30,3.3333333333333335,3.3333333333333335,923.0,-10.82,0.0,-48.4,-4.6758,-0.15586
2025-07-07,2025-08-01,NVDA,158.24,157.5,4.99,3.1534,1,30,3.3333333333333335,3.3333333333333335,180.0,13.75,22.5,17.51,11.0655,0.36885
2025-07-07,2025-08-01,ORCL,232.26,232.5,8.47,3.6468,1,30,3.3333333333333335,3.3333333333333335,252.53,8.73,20.03,11.56,4.9772,0.165907
2025-07-07,2025-08-01,PEP,134.45,134.0,3.25,2.4173,1,30,3.3333333333333335,3.3333333333333335,139.56,3.8,5.56,2.31,1.7218,0.057393
2025-07-07,2025-08-01,QCOM,158.09,160.0,8.54,5.402,1,30,3.3333333333333335,3.3333333333333335,147.51,-6.69,0.0,-8.54,-5.3988,-0.17996
2025-07-07,2025-08-01,V,356.64,355.0,7.85,2.2011,1,30,3.3333333333333335,3.3333333333333335,342.15,-4.06,0.0,-7.85,-2.2011,-0.07337
2025-07-07,2025-08-01,WFC,82.34,82.0,2.44,2.9633,1,30,3.3333333333333335,3.3333333333333335,77.58,-5.78,0.0,-2.44,-2.9633,-0.098777
2025-07-07,2025-08-01,WMT,99.35,99.0,1.75,1.7614,1,30,3.3333333333333335,3.3333333333333335,99.59,0.24,0.59,-1.16,-1.1626,-0.038753
2025-07-07,2025-08-01,XOM,111.11,111.0,2.88,2.592,1,30,3.3333333333333335,3.3333333333333335,107.37,-3.37,0.0,-2.88,-2.5965,-0.08655
2025-08-04,2025-08-29,ABBV,197.19,195.0,2.54,1.2881,1,18,3.3333333333333335,3.3333333333333335,210.4,6.7,15.4,12.85,6.5191,0.217303
2025-08-04,2025-08-29,AVGO,297.72,300.0,14.59,4.9006,1,18,3.3333333333333335,3.3333333333333335,297.39,-0.11,0.0,-14.59,-4.9006,-0.163353
2025-08-04,2025-08-29,BX,170.5,170.0,4.4,2.5806,1,18,3.3333333333333335,3.3333333333333335,171.4,0.53,1.4,-3.0,-1.7595,-0.05865
2025-08-04,2025-08-29,CVX,151.04,150.0,2.98,1.973,1,18,3.3333333333333335,3.3333333333333335,160.6,6.33,10.6,7.62,5.045,0.168167
2025-08-04,2025-08-29,GOOG,195.75,195.0,5.33,2.7229,1,18,3.3333333333333335,3.3333333333333335,213.53,9.08,18.53,13.2,6.7458,0.22486
2025-08-04,2025-08-29,GOOGL,195.04,195.0,6.13,3.1429,1,18,3.3333333333333335,3.3333333333333335,212.91,9.16,17.91,11.78,6.0398,0.201327
2025-08-04,2025-08-29,HD,380.82,380.0,9.02,2.3686,1,18,3.3333333333333335,3.3333333333333335,406.77,6.81,26.77,17.75,4.661,0.155367
2025-08-04,2025-08-29,JNJ,171.04,170.0,2.18,1.2746,1,18,3.3333333333333335,3.3333333333333335,177.17,3.58,7.17,4.99,2.9174,0.097247
2025-08-04,2025-08-29,JPM,294.26,295.0,7.42,2.5216,1,18,3.3333333333333335,3.3333333333333335,301.42,2.43,6.42,-1.0,-0.3398,-0.011327
2025-08-04,2025-08-29,MA,569.81,570.0,12.5,2.1937,1,18,3.3333333333333335,3.3333333333333335,595.29,4.47,25.29,12.79,2.2455,0.07485
2025-08-04,2025-08-29,META,776.37,775.0,19.9,2.5632,1,18,3.3333333333333335,3.3333333333333335,738.7,-4.85,0.0,-19.9,-2.5626,-0.08542
2025-08-04,2025-08-29,MSFT,535.64,535.0,9.28,1.7325,1,18,3.3333333333333335,3.3333333333333335,506.69,-5.4,0.0,-9.28,-1.7325,-0.05775
2025-08-04,2025-08-29,NVDA,180.0,180.0,8.6,4.7778,1,18,3.3333333333333335,3.3333333333333335,174.18,-3.23,0.0,-8.6,-4.7778,-0.15926
2025-08-04,2025-08-29,ORCL,252.53,255.0,11.77,4.6608,1,18,3.3333333333333335,3.3333333333333335,226.13,-10.45,0.0,-11.77,-4.6589,-0.155297
2025-08-04,2025-08-29,PEP,139.56,140.0,3.04,2.1783,1,18,3.3333333333333335,3.3333333333333335,148.65,6.51,8.65,5.61,4.0198,0.133993
2025-08-04,2025-08-29,TMO,466.57,465.0,1.32,0.2829,1,18,3.3333333333333335,3.3333333333333335,492.72,5.6,27.72,26.4,5.6572,0.188573
2025-08-04,2025-08-29,TSLA,309.26,310.0,15.37,4.9699,1,18,3.3333333333333335,3.3333333333333335,333.87,7.96,23.87,8.5,2.7485,0.091617
2025-08-04,2025-08-29,WMT,99.59,100.0,3.23,3.2433,1,18,3.3333333333333335,3.3333333333333335,96.98,-2.62,0.0,-3.23,-3.2383,-0.107943
2025-08-29,2025-09-26,AAPL,232.14,230.0,3.59,1.5465,1,28,3.3333333333333335,3.3333333333333335,254.43,9.6,24.43,20.84,8.9773,0.299243
2025-08-29,2025-09-26,ABBV,210.4,210.0,4.05,1.9249,1,28,3.3333333333333335,3.3333333333333335,223.16,6.06,13.16,9.11,4.3298,0.144327
2025-08-29,2025-09-26,ABT,132.66,133.0,2.96,2.2313,1,28,3.3333333333333335,3.3333333333333335,133.11,0.34,0.11,-2.85,-2.1483,-0.07161
2025-08-29,2025-09-26,ADBE,356.7,355.0,17.8,4.9902,1,28,3.3333333333333335,3.3333333333333335,359.42,0.76,4.42,-13.38,-3.751,-0.125033
2025-08-29,2025-09-26,AMZN,229.0,230.0,6.5,2.8384,1,28,3.3333333333333335,3.3333333333333335,222.17,-2.98,0.0,-6.5,-2.8384,-0.094613
2025-08-29,2025-09-26,BAC,50.74,51.0,1.48,2.9168,1,28,3.3333333333333335,3.3333333333333335,52.42,3.31,1.42,-0.06,-0.1183,-0.003943
2025-08-29,2025-09-26,BX,171.4,172.5,6.99,4.0782,1,28,3.3333333333333335,3.3333333333333335,176.14,2.77,3.64,-3.35,-1.9545,-0.06515
2025-08-29,2025-09-26,CMCSA,33.97,34.0,0.92,2.7083,1,28,3.3333333333333335,3.3333333333333335,31.49,-7.3,0.0,-0.92,-2.6936,-0.089787
2025-08-29,2025-09-26,CRM,256.25,255.0,10.99,4.2888,1,28,3.3333333333333335,3.3333333333333335,245.1,-4.35,0.0,-10.99,-4.2907,-0.143023
2025-08-29,2025-09-26,CVX,160.6,160.0,2.57,1.6002,1,28,3.3333333333333335,3.3333333333333335,156.1,-2.8,0.0,-2.57,-1.6002,-0.05334
2025-08-29,2025-09-26,GOOG,213.53,215.0,8.55,4.0041,1,28,3.3333333333333335,3.3333333333333335,244.36,14.44,29.36,20.82,9.748,0.324933
2025-08-29,2025-09-26,GOOGL,212.91,215.0,9.34,4.3868,1,28,3.3333333333333335,3.3333333333333335,244.05,14.63,29.05,19.71,9.2551,0.308503
2025-08-29,2025-09-26,HD,406.77,405.0,7.11,1.7479,1,28,3.3333333333333335,3.3333333333333335,406.8,0.01,1.8,-5.31,-1.3042,-0.043473
2025-08-29,2025-09-26,JNJ,177.17,175.0,0.54,0.3048,1,28,3.3333333333333335,3.3333333333333335,181.62,2.51,6.62,6.08,3.4346,0.114487
2025-08-29,2025-09-26,JPM,301.42,300.0,5.24,1.7384,1,28,3.3333333333333335,3.3333333333333335,315.69,4.73,15.69,10.45,3.4669,0.115563
2025-08-29,2025-09-26,KO,68.99,69.0,1.38,2.0003,1,28,3.3333333333333335,3.3333333333333335,66.04,-4.28,0.0,-1.38,-1.993,-0.066433
2025-08-29,2025-09-26,MA,595.29,595.0,10.06,1.6899,1,28,3.3333333333333335,3.3333333333333335,568.14,-4.56,0.0,-10.06,-1.6891,-0.056303
2025-08-29,2025-09-26,MRK,84.12,84.0,2.32,2.758,1,28,3.3333333333333335,3.3333333333333335,78.58,-6.59,0.0,-2.32,-2.758,-0.091933
2025-08-29,2025-09-26,NFLX,1208.25,1210.0,33.25,2.7519,1,28,3.3333333333333335,3.3333333333333335,1206.41,-0.15,0.0,-33.25,-2.7515,-0.091717
2025-08-29,2025-09-26,NKE,77.37,77.0,2.05,2.6496,1,28,3.3333333333333335,3.3333333333333335,69.55,-10.11,0.0,-2.05,-2.6561,-0.088537
2025-08-29,2025-09-26,PEP,148.65,149.0,4.1,2.7582,1,28,3.3333333333333335,3.3333333333333335,140.17,-5.7,0.0,-4.1,-2.7548,-0.091827
2025-08-29,2025-09-26,PG,157.04,155.0,0.85,0.5413,1,28,3.3333333333333335,3.3333333333333335,153.53,-2.24,0.0,-0.85,-0.5413,-0.018043
2025-08-29,2025-09-26,QCOM,160.73,160.0,3.84,2.3891,1,28,3.3333333333333335,3.3333333333333335,165.3,2.84,5.3,1.47,0.9115,0.030383
2025-08-29,2025-09-26,TSLA,333.87,335.0,16.12,4.8282,1,28,3.3333333333333335,3.3333333333333335,443.21,32.75,108.21,92.09,27.5841,0.91947
2025-08-29,2025-09-26,UNH,309.87,310.0,11.8,3.808,1,28,3.3333333333333335,3.3333333333333335,345.18,11.4,35.18,23.38,7.5467,0.251557
2025-08-29,2025-09-26,V,351.78,350.0,4.91,1.3958,1,28,3.3333333333333335,3.3333333333333335,340.16,-3.3,0.0,-4.91,-1.3958,-0.046527
2025-08-29,2025-09-26,WFC,82.18,82.0,1.94,2.3607,1,28,3.3333333333333335,3.3333333333333335,84.65,3.01,2.65,0.71,0.864,0.0288
2025-08-29,2025-09-26,XOM,114.29,114.0,1.88,1.6449,1,28,3.3333333333333335,3.3333333333333335,114.22,-0.06,0.22,-1.66,-1.4568,-0.04856
2025-09-29,2025-10-24,AAPL,254.43,255.0,6.23,2.4486,1,23,3.3333333333333335,3.3333333333333335,268.81,5.65,13.81,7.58,2.9812,0.099373
2025-09-29,2025-10-24,ABBV,223.16,225.0,7.25,3.2488,1,23,3.3333333333333335,3.3333333333333335,228.03,2.18,3.03,-4.22,-1.891,-0.063033
2025-09-29,2025-10-24,ABT,133.11,133.0,3.78,2.8398,1,23,3.3333333333333335,3.3333333333333335,127.18,-4.45,0.0,-3.78,-2.8435,-0.094783
2025-09-29,2025-10-24,ADBE,359.42,360.0,11.29,3.1412,1,23,3.3333333333333335,3.3333333333333335,357.8,-0.45,0.0,-11.29,-3.1412,-0.104707
2025-09-29,2025-10-24,AVGO,327.9,330.0,15.7,4.788,1,23,3.3333333333333335,3.3333333333333335,362.05,10.41,32.05,16.35,4.9863,0.16621
2025-09-29,2025-10-24,BAC,52.42,52.0,0.99,1.8886,1,23,3.3333333333333335,3.3333333333333335,53.02,1.14,1.02,0.03,0.0572,0.001907
2025-09-29,2025-10-24,BX,176.14,175.0,5.03,2.8557,1,23,3.3333333333333335,3.3333333333333335,153.85,-12.65,0.0,-5.03,-2.8557,-0.09519
2025-09-29,2025-10-24,GOOG,244.36,245.0,8.77,3.589,1,23,3.3333333333333335,3.3333333333333335,269.93,10.46,24.93,16.16,6.6132,0.22044
2025-09-29,2025-10-24,GOOGL,244.05,245.0,9.06,3.7124,1,23,3.3333333333333335,3.3333333333333335,269.27,10.33,24.27,15.2,6.2303,0.207677
2025-09-29,2025-10-24,HD,406.8,405.0,6.37,1.5659,1,23,3.3333333333333335,3.3333333333333335,385.27,-5.29,0.0,-6.37,-1.5659,-0.052197
2025-09-29,2025-10-24,IBM,279.8,280.0,10.83,3.8706,1,23,3.3333333333333335,3.3333333333333335,313.09,11.9,33.09,22.26,7.9557,0.26519
2025-09-29,2025-10-24,JNJ,181.62,180.0,1.84,1.0131,1,23,3.3333333333333335,3.3333333333333335,190.3,4.78,10.3,8.46,4.6581,0.15527
2025-09-29,2025-10-24,JPM,315.69,315.0,9.02,2.8572,1,23,3.3333333333333335,3.3333333333333335,304.15,-3.66,0.0,-9.02,-2.8588,-0.095293
2025-09-29,2025-10-24,META,743.4,745.0,23.43,3.1517,1,23,3.3333333333333335,3.3333333333333335,750.82,1.0,5.82,-17.61,-2.3688,-0.07896
2025-09-29,2025-10-24,MSFT,514.6,515.0,10.56,2.0521,1,23,3.3333333333333335,3.3333333333333335,531.52,3.29,16.52,5.96,1.1582,0.038607
2025-09-29,2025-10-24,NOW,940.85,940.0,40.2,4.2727,1,23,3.3333333333333335,3.3333333333333335,946.29,0.58,6.29,-33.91,-3.6037,-0.120123
2025-09-29,2025-10-24,NVDA,181.85,180.0,4.52,2.4856,1,23,3.3333333333333335,3.3333333333333335,191.49,5.3,11.49,6.97,3.8301,0.12767
2025-09-29,2025-10-24,ORCL,282.76,285.0,17.92,6.3375,1,23,3.3333333333333335,3.3333333333333335,281.4,-0.48,0.0,-17.92,-6.3375,-0.21125
2025-09-29,2025-10-24,QCOM,165.3,165.0,4.39,2.6558,1,23,3.3333333333333335,3.3333333333333335,187.68,13.54,22.68,18.29,11.0647,0.368823
2025-09-29,2025-10-24,TSLA,443.21,445.0,30.37,6.8523,1,23,3.3333333333333335,3.3333333333333335,452.42,2.08,7.42,-22.94,-5.177,-0.172567
2025-09-29,2025-10-24,UNH,345.18,345.0,12.92,3.743,1,23,3.3333333333333335,3.3333333333333335,365.98,6.03,20.98,8.06,2.335,0.077833
2025-09-29,2025-10-24,WFC,84.65,85.0,3.15,3.7212,1,23,3.3333333333333335,3.3333333333333335,87.01,2.79,2.01,-1.14,-1.3526,-0.045087
2025-09-29,2025-10-24,WMT,103.08,103.0,2.19,2.1246,1,23,3.3333333333333335,3.3333333333333335,104.47,1.35,1.47,-0.72,-0.6985,-0.023283
2025-10-27,2025-11-21,AAPL,268.81,270.0,8.7,3.2365,1,29,3.3333333333333335,3.3333333333333335,275.92,2.64,5.92,-2.77,-1.0323,-0.03441
2025-10-27,2025-11-21,ABBV,228.03,227.5,5.49,2.4076,1,29,3.3333333333333335,3.3333333333333335,229.51,0.65,2.01,-3.48,-1.5239,-0.050797
2025-10-27,2025-11-21,AMZN,226.97,227.5,9.89,4.3574,1,29,3.3333333333333335,3.3333333333333335,226.28,-0.3,0.0,-9.89,-4.3596,-0.14532
2025-10-27,2025-11-21,AVGO,362.05,362.5,17.63,4.8695,1,29,3.3333333333333335,3.3333333333333335,377.96,4.39,15.46,-2.17,-0.598,-0.019933
2025-10-27,2025-11-21,BAC,53.02,53.0,1.38,2.6028,1,29,3.3333333333333335,3.3333333333333335,51.93,-2.06,0.0,-1.38,-2.6028,-0.08676
2025-10-27,2025-11-21,COST,929.85,930.0,19.78,2.1272,1,29,3.3333333333333335,3.3333333333333335,886.12,-4.7,0.0,-19.78,-2.1267,-0.07089
2025-10-27,2025-11-21,CRM,255.47,255.0,7.79,3.0493,1,29,3.3333333333333335,3.3333333333333335,226.82,-11.21,0.0,-7.79,-3.0512,-0.101707
2025-10-27,2025-11-21,GOOG,269.93,270.0,11.42,4.2307,1,29,3.3333333333333335,3.3333333333333335,318.47,17.98,48.47,37.05,13.7276,0.457587
2025-10-27,2025-11-21,GOOGL,269.27,270.0,12.37,4.5939,1,29,3.3333333333333335,3.3333333333333335,318.58,18.31,48.58,36.21,13.4493,0.44831
2025-10-27,2025-11-21,IBM,313.09,315.0,14.14,4.5163,1,29,3.3333333333333335,3.3333333333333335,304.12,-2.86,0.0,-14.14,-4.5147,-0.15049
2025-10-27,2025-11-21,INTU,683.39,685.0,27.5,4.0241,1,29,3.3333333333333335,3.3333333333333335,653.23,-4.41,0.0,-27.5,-4.0248,-0.13416
2025-10-27,2025-11-21,JNJ,190.3,190.0,2.65,1.3925,1,29,3.3333333333333335,3.3333333333333335,206.05,8.28,16.05,13.4,7.0415,0.234717
2025-10-27,2025-11-21,KO,70.06,70.0,0.9,1.2846,1,29,3.3333333333333335,3.3333333333333335,72.59,3.61,2.59,1.69,2.4122,0.080407
2025-10-27,2025-11-21,LLY,826.41,825.0,36.05,4.3622,1,29,3.3333333333333335,3.3333333333333335,1070.16,29.5,245.16,209.12,25.304,0.843467
2025-10-27,2025-11-21,MA,572.36,572.5,14.73,2.5736,1,29,3.3333333333333335,3.3333333333333335,537.85,-6.03,0.0,-14.73,-2.5736,-0.085787
2025-10-27,2025-11-21,META,750.82,750.0,29.59,3.941,1,29,3.3333333333333335,3.3333333333333335,613.05,-18.35,0.0,-29.59,-3.941,-0.131367
2025-10-27,2025-11-21,MRK,88.0,88.0,2.81,3.1932,1,29,3.3333333333333335,3.3333333333333335,100.4,14.09,12.4,9.59,10.8977,0.363257
2025-10-27,2025-11-21,MSFT,531.52,532.5,17.09,3.2153,1,29,3.3333333333333335,3.3333333333333335,474.0,-10.82,0.0,-17.09,-3.2153,-0.107177
2025-10-27,2025-11-21,NOW,946.29,945.0,46.86,4.952,1,29,3.3333333333333335,3.3333333333333335,162.69,-82.81,0.0,-46.86,-4.9514,-0.165047
2025-10-27,2025-11-21,NVDA,191.49,192.5,10.8,5.64,1,29,3.3333333333333335,3.3333333333333335,182.55,-4.67,0.0,-10.8,-5.6426,-0.188087
2025-10-27,2025-11-21,PEP,152.63,152.5,2.66,1.7428,1,29,3.3333333333333335,3.3333333333333335,145.5,-4.67,0.0,-2.66,-1.7461,-0.058203
2025-10-27,2025-11-21,QCOM,187.68,187.5,9.33,4.9712,1,29,3.3333333333333335,3.3333333333333335,165.06,-12.05,0.0,-9.33,-4.9712,-0.165707
2025-10-27,2025-11-21,TMO,563.78,565.0,14.41,2.556,1,29,3.3333333333333335,3.3333333333333335,587.48,4.2,22.48,8.07,1.4314,0.047713
2025-10-27,2025-11-21,TSLA,452.42,452.5,24.89,5.5015,1,29,3.3333333333333335,3.3333333333333335,417.78,-7.66,0.0,-24.89,-5.5015,-0.183383
2025-10-27,2025-11-21,UNH,365.98,365.0,13.86,3.7871,1,29,3.3333333333333335,3.3333333333333335,319.05,-12.82,0.0,-13.86,-3.7871,-0.126237
2025-10-27,2025-11-21,V,347.82,347.5,8.99,2.5847,1,29,3.3333333333333335,3.3333333333333335,329.3,-5.32,0.0,-8.99,-2.5847,-0.086157
2025-10-27,2025-11-21,WFC,87.01,87.0,2.67,3.0686,1,29,3.3333333333333335,3.3333333333333335,84.66,-2.7,0.0,-2.67,-3.0744,-0.10248
2025-10-27,2025-11-21,WMT,104.47,104.0,2.67,2.5558,1,29,3.3333333333333335,3.3333333333333335,104.06,-0.39,0.06,-2.62,-2.5031,-0.083437
2025-10-27,2025-11-21,XOM,115.94,116.0,3.25,2.8032,1,29,3.3333333333333335,3.3333333333333335,115.97,0.03,0.0,-3.25,-2.8032,-0.09344
2025-11-24,2025-12-19,AAPL,275.92,275.0,5.38,1.9498,1,11,3.3333333333333335,3.3333333333333335,270.97,-1.79,0.0,-5.38,-1.9498,-0.064993
2025-11-24,2025-12-19,ABBV,229.51,230.0,6.1,2.6578,1,11,3.3333333333333335,3.3333333333333335,227.91,-0.7,0.0,-6.1,-2.6557,-0.088523
2025-11-24,2025-12-19,ABT,127.19,127.0,2.36,1.8555,1,11,3.3333333333333335,3.3333333333333335,125.2,-1.56,0.0,-2.36,-1.8594,-0.06198
2025-11-24,2025-12-19,AVGO,377.96,380.0,25.82,6.8314,1,11,3.3333333333333335,3.3333333333333335,341.45,-9.66,0.0,-25.82,-6.8314,-0.227713
2025-11-24,2025-12-19,GOOG,318.47,317.5,10.96,3.4415,1,11,3.3333333333333335,3.3333333333333335,311.33,-2.24,0.0,-10.96,-3.443,-0.114767
2025-11-24,2025-12-19,GOOGL,318.58,317.5,10.86,3.4089,1,11,3.3333333333333335,3.3333333333333335,309.78,-2.76,0.0,-10.86,-3.4089,-0.11363
2025-11-24,2025-12-19,JNJ,206.05,205.0,3.47,1.6841,1,11,3.3333333333333335,3.3333333333333335,207.32,0.62,2.32,-1.15,-0.5605,-0.018683
2025-11-24,2025-12-19,KO,72.59,72.5,1.17,1.6118,1,11,3.3333333333333335,3.3333333333333335,70.21,-3.28,0.0,-1.17,-1.6049,-0.053497
2025-11-24,2025-12-19,LLY,1070.16,1070.0,34.62,3.235,1,11,3.3333333333333335,3.3333333333333335,1076.48,0.59,6.48,-28.14,-2.6295,-0.08765
2025-11-24,2025-12-19,MRK,100.4,100.0,2.48,2.4701,1,11,3.3333333333333335,3.3333333333333335,104.72,4.3,4.72,2.24,2.2311,0.07437
2025-11-24,2025-12-19,XOM,115.97,116.0,2.41,2.0781,1,11,3.3333333333333335,3.3333333333333335,118.15,1.88,2.15,-0.26,-0.2285,-0.007617
2025-12-22,2026-01-16,ADBE,357.53,357.5,8.15,2.2795,1,27,3.3333333333333335,3.3333333333333335,296.12,-17.18,0.0,-8.15,-2.2781,-0.075937
2025-12-22,2026-01-16,AMZN,228.43,227.5,4.71,2.0619,1,27,3.3333333333333335,3.3333333333333335,239.12,4.68,11.62,6.91,3.0272,0.100907
2025-12-22,2026-01-16,BAC,55.88,56.0,1.5,2.6843,1,27,3.3333333333333335,3.3333333333333335,52.97,-5.21,0.0,-1.5,-2.6843,-0.089477
2025-12-22,2026-01-16,BX,155.83,155.0,3.58,2.2974,1,27,3.3333333333333335,3.3333333333333335,157.62,1.15,2.62,-0.97,-0.6193,-0.020643
2025-12-22,2026-01-16,CMCSA,29.26,29.5,1.23,4.2037,1,27,3.3333333333333335,3.3333333333333335,27.82,-4.92,0.0,-1.23,-4.2037,-0.140123
2025-12-22,2026-01-16,CRM,264.63,265.0,7.57,2.8606,1,27,3.3333333333333335,3.3333333333333335,227.11,-14.18,0.0,-7.57,-2.8625,-0.095417
2025-12-22,2026-01-16,CVX,149.8,150.0,2.79,1.8625,1,27,3.3333333333333335,3.3333333333333335,166.26,10.99,16.26,13.47,8.992,0.299733
2025-12-22,2026-01-16,DIS,112.38,112.0,1.86,1.6551,1,27,3.3333333333333335,3.3333333333333335,111.2,-1.05,0.0,-1.86,-1.6551,-0.05517
2025-12-22,2026-01-16,HD,346.39,347.5,7.9,2.2807,1,27,3.3333333333333335,3.3333333333333335,380.17,9.75,32.67,24.77,7.1495,0.238317
2025-12-22,2026-01-16,INTU,675.21,675.0,16.49,2.4422,1,27,3.3333333333333335,3.3333333333333335,545.29,-19.24,0.0,-16.49,-2.4429,-0.08143
2025-12-22,2026-01-16,JNJ,207.32,207.5,3.77,1.8184,1,27,3.3333333333333335,3.3333333333333335,218.66,5.47,11.16,7.39,3.5645,0.118817
2025-12-22,2026-01-16,JPM,323.09,322.5,8.26,2.5566,1,27,3.3333333333333335,3.3333333333333335,312.47,-3.29,0.0,-8.26,-2.555,-0.085167
2025-12-22,2026-01-16,LLY,1076.48,1075.0,32.54,3.0228,1,27,3.3333333333333335,3.3333333333333335,1038.4,-3.54,0.0,-32.54,-3.0228,-0.10076
2025-12-22,2026-01-16,MA,575.7,575.0,8.14,1.4139,1,27,3.3333333333333335,3.3333333333333335,539.49,-6.29,0.0,-8.14,-1.4139,-0.04713
2025-12-22,2026-01-16,META,661.5,662.5,17.2,2.6002,1,27,3.3333333333333335,3.3333333333333335,620.25,-6.24,0.0,-17.2,-2.6002,-0.086673
2025-12-22,2026-01-16,MRK,104.72,105.0,2.82,2.6929,1,27,3.3333333333333335,3.3333333333333335,108.83,3.92,3.83,1.01,0.9645,0.03215
2025-12-22,2026-01-16,MSFT,484.92,485.0,9.29,1.9158,1,27,3.3333333333333335,3.3333333333333335,459.86,-5.17,0.0,-9.29,-1.9158,-0.06386
2025-12-22,2026-01-16,NVDA,183.69,184.0,6.35,3.4569,1,27,3.3333333333333335,3.3333333333333335,186.23,1.38,2.23,-4.13,-2.2456,-0.074853
2025-12-22,2026-01-16,PEP,147.05,147.0,2.55,1.7341,1,27,3.3333333333333335,3.3333333333333335,146.32,-0.5,0.0,-2.55,-1.7375,-0.057917
2025-12-22,2026-01-16,QCOM,174.22,175.0,5.39,3.0938,1,27,3.3333333333333335,3.3333333333333335,159.42,-8.5,0.0,-5.39,-3.0938,-0.103127
2025-12-22,2026-01-16,TMO,575.7,575.0,13.25,2.3015,1,27,3.3333333333333335,3.3333333333333335,618.72,7.47,43.72,30.47,5.2927,0.176423
2025-12-22,2026-01-16,TSLA,488.73,487.5,21.23,4.3439,1,27,3.3333333333333335,3.3333333333333335,437.5,-10.48,0.0,-21.23,-4.3449,-0.14483
2025-12-22,2026-01-16,UNH,325.16,325.0,10.12,3.1123,1,27,3.3333333333333335,3.3333333333333335,331.02,1.8,6.02,-4.1,-1.2609,-0.04203
2025-12-22,2026-01-16,V,352.09,352.5,5.41,1.5365,1,27,3.3333333333333335,3.3333333333333335,328.3,-6.76,0.0,-5.41,-1.5351,-0.05117
2025-12-22,2026-01-16,WFC,94.28,94.0,2.27,2.4077,1,27,3.3333333333333335,3.3333333333333335,88.38,-6.26,0.0,-2.27,-2.4077,-0.080257
2025-12-22,2026-01-16,WMT,112.6,113.0,2.55,2.2647,1,27,3.3333333333333335,3.3333333333333335,119.7,6.31,6.7,4.15,3.6856,0.122853
2025-12-22,2026-01-16,XOM,118.15,118.0,1.93,1.6335,1,27,3.3333333333333335,3.3333333333333335,129.89,9.94,11.89,9.96,8.4257,0.280857
2026-01-09,2026-02-13,BX,157.62,165.0,15.99,10.1447,1,1,3.3333333333333335,3.3333333333333335,129.86,-17.61,0.0,-15.99,-10.1447,-0.338157
2026-01-12,2026-02-13,COST,943.08,965.0,55.21,5.8542,1,1,3.3333333333333335,3.3333333333333335,1018.48,8.0,53.48,-1.73,-0.1834,-0.006113
2026-01-16,2026-02-13,AMZN,239.12,240.0,11.19,4.6797,1,17,3.3333333333333335,3.3333333333333335,198.79,-16.87,0.0,-11.19,-4.6797,-0.15599
2026-01-16,2026-02-13,AVGO,351.71,350.0,14.05,3.9948,1,17,3.3333333333333335,3.3333333333333335,325.17,-7.55,0.0,-14.05,-3.9933,-0.13311
2026-01-16,2026-02-13,CVX,166.26,165.0,2.62,1.5758,1,17,3.3333333333333335,3.3333333333333335,183.74,10.51,18.74,16.12,9.6957,0.32319
2026-01-16,2026-02-13,GOOG,330.34,330.0,12.68,3.8385,1,17,3.3333333333333335,3.3333333333333335,306.02,-7.36,0.0,-12.68,-3.8385,-0.12795
2026-01-16,2026-02-13,GOOGL,330.0,330.0,12.91,3.9121,1,17,3.3333333333333335,3.3333333333333335,305.72,-7.36,0.0,-12.91,-3.9121,-0.130403
2026-01-16,2026-02-13,HD,380.17,380.0,8.7,2.2884,1,17,3.3333333333333335,3.3333333333333335,391.05,2.86,11.05,2.34,0.6168,0.02056
2026-01-16,2026-02-13,IBM,305.67,305.0,13.71,4.4852,1,17,3.3333333333333335,3.3333333333333335,262.38,-14.16,0.0,-13.71,-4.4869,-0.149563
2026-01-16,2026-02-13,JNJ,218.66,220.0,6.37,2.9132,1,17,3.3333333333333335,3.3333333333333335,243.45,11.34,23.45,17.08,7.8112,0.260373
2026-01-16,2026-02-13,KO,70.44,70.0,0.89,1.2635,1,17,3.3333333333333335,3.3333333333333335,78.68,11.7,8.68,7.79,11.0591,0.368637
2026-01-16,2026-02-13,MRK,108.83,109.0,2.91,2.6739,1,17,3.3333333333333335,3.3333333333333335,121.41,11.56,12.41,9.5,8.7246,0.29082
2026-01-16,2026-02-13,NKE,64.38,64.0,1.71,2.6561,1,17,3.3333333333333335,3.3333333333333335,63.13,-1.94,0.0,-1.71,-2.6561,-0.088537
2026-01-16,2026-02-13,NVDA,186.23,185.0,5.99,3.2165,1,17,3.3333333333333335,3.3333333333333335,182.81,-1.84,0.0,-5.99,-3.2138,-0.107127
2026-01-16,2026-02-13,PG,144.53,145.0,4.58,3.1689,1,17,3.3333333333333335,3.3333333333333335,160.07,10.75,15.07,10.5,7.2615,0.24205
2026-01-16,2026-02-13,TMO,618.72,620.0,16.64,2.6894,1,17,3.3333333333333335,3.3333333333333335,504.82,-18.41,0.0,-16.64,-2.6894,-0.089647
2026-01-16,2026-02-13,UNH,331.02,330.0,13.48,4.0723,1,17,3.3333333333333335,3.3333333333333335,293.19,-11.43,0.0,-13.48,-4.0723,-0.135743
2026-01-16,2026-02-13,WMT,119.7,120.0,4.1,3.4252,1,17,3.3333333333333335,3.3333333333333335,133.89,11.85,13.89,9.79,8.1788,0.272627
2026-01-16,2026-02-13,XOM,129.89,130.0,3.63,2.7947,1,17,3.3333333333333335,3.3333333333333335,148.45,14.29,18.45,14.82,11.4135,0.38045
2026-02-13,2026-03-13,AAPL,255.78,255.0,6.76,2.6429,1,15,3.3333333333333335,3.3333333333333335,250.12,-2.21,0.0,-6.76,-2.6429,-0.088097
2026-02-13,2026-03-13,ABBV,231.5,230.0,4.1,1.7711,1,15,3.3333333333333335,3.3333333333333335,219.68,-5.11,0.0,-4.1,-1.7711,-0.059037
2026-02-13,2026-03-13,CMCSA,31.57,32.0,1.37,4.3396,1,15,3.3333333333333335,3.3333333333333335,30.16,-4.47,0.0,-1.37,-4.3237,-0.144123
2026-02-13,2026-03-13,COST,1018.48,1020.0,29.94,2.9397,1,15,3.3333333333333335,3.3333333333333335,1008.43,-0.99,0.0,-29.94,-2.9397,-0.09799
2026-02-13,2026-03-13,CVX,183.74,185.0,6.77,3.6846,1,15,3.3333333333333335,3.3333333333333335,196.82,7.12,11.82,5.05,2.7485,0.091617
2026-02-13,2026-03-13,HD,391.05,390.0,11.83,3.0252,1,15,3.3333333333333335,3.3333333333333335,339.03,-13.3,0.0,-11.83,-3.0239,-0.100797
2026-02-13,2026-03-13,JNJ,243.45,245.0,7.9,3.245,1,15,3.3333333333333335,3.3333333333333335,241.52,-0.79,0.0,-7.9,-3.243,-0.1081
2026-02-13,2026-03-13,KO,78.68,79.0,2.01,2.5547,1,15,3.3333333333333335,3.3333333333333335,77.34,-1.7,0.0,-2.01,-2.5547,-0.085157
2026-02-13,2026-03-13,LLY,1040.0,1040.0,40.35,3.8798,1,15,3.3333333333333335,3.3333333333333335,985.08,-5.28,0.0,-40.35,-3.8798,-0.129327
2026-02-13,2026-03-13,META,639.77,640.0,22.74,3.5544,1,15,3.3333333333333335,3.3333333333333335,613.71,-4.07,0.0,-22.74,-3.5552,-0.118507
2026-02-13,2026-03-13,MRK,121.41,121.0,3.15,2.5945,1,15,3.3333333333333335,3.3333333333333335,115.61,-4.78,0.0,-3.15,-2.5986,-0.08662
2026-02-13,2026-03-13,PEP,165.94,165.0,6.2,3.7363,1,15,3.3333333333333335,3.3333333333333335,159.88,-3.65,0.0,-6.2,-3.7363,-0.124543
2026-02-13,2026-03-13,PG,160.07,160.0,3.11,1.9429,1,15,3.3333333333333335,3.3333333333333335,150.65,-5.88,0.0,-3.11,-1.946,-0.064867
2026-02-13,2026-03-13,WMT,133.89,134.0,5.06,3.7792,1,15,3.3333333333333335,3.3333333333333335,126.52,-5.5,0.0,-5.06,-3.7755,-0.12585
2026-02-13,2026-03-13,XOM,148.45,148.0,3.83,2.58,1,15,3.3333333333333335,3.3333333333333335,156.12,5.17,8.12,4.29,2.8932,0.09644
