period_start,period_end,ticker,premium,premium_pct,underlying_ret_in_prev_period,current_return_for_underlying,pnl_dollar,pnl_pct,stock_entry,stock_expiry,strike,payoff,atm_correction,carried
2020-10-05,2020-10-30,ABT,3.92,3.6109,1.9,-0.99,-3.92,-3.6109,108.56,107.48,109.0,0.0,0.22,False
2020-10-05,2020-10-30,AVGO,11.25,3.0729,1.8,-4.06,-11.25,-3.0729,366.1,351.25,365.0,0.0,-0.55,False
2020-10-05,2020-10-30,BX,1.9,3.4997,1.1,-5.45,-1.9,-3.5089,54.29,51.33,54.0,0.0,-0.15,False
2020-10-05,2020-10-30,CMCSA,2.07,4.5187,1.7,-9.63,-2.07,-4.5078,45.81,41.4,46.0,0.0,0.1,False
2020-10-05,2020-10-30,COST,8.28,2.3091,2.0,1.62,-1.39,-0.3876,358.58,364.39,357.5,6.89,-0.54,False
2020-10-05,2020-10-30,KO,1.39,2.8149,0.5,-1.54,-1.39,-2.8149,49.38,48.62,49.5,0.0,0.06,False
2020-10-05,2020-10-30,NKE,4.12,3.221,11.4,-4.32,-4.12,-3.2249,127.91,122.39,128.0,0.0,0.04,False
2020-10-05,2020-10-30,NOW,31.0,6.1779,0.9,-5.14,-31.0,-6.1789,501.79,476.0,500.0,0.0,-0.9,False
2020-10-05,2020-10-30,ORCL,1.79,3.0054,3.3,-5.22,-1.79,-3.0054,59.56,56.45,59.5,0.0,-0.03,False
2020-10-05,2020-10-30,PG,3.61,2.5899,0.9,-0.64,-3.61,-2.5863,139.39,138.5,139.0,0.0,-0.19,False
2020-10-05,2020-10-30,UNH,9.68,3.0426,1.7,-1.9,-9.68,-3.041,318.15,312.1,317.5,0.0,-0.32,False
2020-10-05,2020-10-30,WFC,1.18,4.8262,1.7,-10.43,-1.18,-4.8466,24.45,21.9,24.5,0.0,0.02,False
2020-11-02,2020-11-27,ABBV,3.02,3.4221,0.4,18.86,13.88,15.7224,88.25,104.89,88.0,16.89,-0.12,False
2020-11-02,2020-11-27,COST,13.4,3.6774,1.6,6.59,9.99,2.7402,364.39,388.39,365.0,23.39,0.3,False
2020-11-02,2020-11-27,GOOG,63.29,3.8923,9.4,-94.49,-63.29,-3.892,1626.03,89.66,1625.0,0.0,-0.51,False
2020-11-02,2020-11-27,GOOGL,78.24,4.8168,9.5,-94.5,-78.24,-4.8168,1624.32,89.35,1625.0,0.0,0.34,False
2020-11-02,2020-11-27,JPM,3.97,3.9601,1.2,20.92,17.24,17.202,100.25,121.22,100.0,21.22,-0.12,False
2020-11-02,2020-11-27,QCOM,8.01,6.4612,2.9,16.02,11.82,9.5305,123.97,143.83,124.0,19.83,0.01,False
2020-11-02,2020-11-27,XOM,2.14,6.296,0.7,18.24,4.05,11.9006,33.99,40.19,34.0,6.19,0.0,False
2020-12-28,2021-01-22,AAPL,5.35,3.914,25.6,4.56,0.56,0.4133,136.69,142.92,137.0,5.92,0.15,False
2020-12-28,2021-01-22,ABBV,2.86,2.7646,17.2,6.81,4.64,4.4901,103.45,110.5,103.0,7.5,-0.22,False
2020-12-28,2021-01-22,ABT,3.4,3.1543,0.3,6.43,3.32,3.0754,107.79,114.72,108.0,6.72,0.1,False
2020-12-28,2021-01-22,AMZN,101.52,3.0914,9.3,0.31,-92.52,-2.8173,3283.96,3294.0,3285.0,9.0,0.52,False
2020-12-28,2021-01-22,AVGO,11.01,2.5493,23.0,7.62,21.28,4.9273,431.88,464.79,432.5,32.29,0.31,False
2020-12-28,2021-01-22,BAC,0.89,2.9539,25.1,3.42,0.27,0.9127,30.13,31.16,30.0,1.16,-0.06,False
2020-12-28,2021-01-22,BX,2.51,3.8812,26.0,0.48,-2.51,-3.8735,64.67,64.98,65.0,0.0,0.17,False
2020-12-28,2021-01-22,CMCSA,1.86,3.6392,23.5,-4.19,-1.86,-3.649,51.11,48.97,51.0,0.0,-0.06,False
2020-12-28,2021-01-22,COST,6.65,1.7922,1.8,-2.47,-6.65,-1.7922,371.06,361.88,370.0,0.0,-0.53,False
2020-12-28,2021-01-22,CVX,3.15,3.7102,17.7,7.07,2.75,3.2391,84.9,90.9,85.0,5.9,0.05,False
2020-12-28,2021-01-22,DIS,6.76,3.7795,48.9,-3.9,-6.76,-3.7795,178.86,171.89,180.0,0.0,0.57,False
2020-12-28,2021-01-22,GOOG,81.36,4.5808,9.2,6.94,43.04,2.4236,1776.09,1899.4,1775.0,124.4,-0.54,False
2020-12-28,2021-01-22,GOOGL,75.42,4.2515,9.2,-94.67,-75.42,-4.2515,1773.96,94.63,1775.0,0.0,0.52,False
2020-12-28,2021-01-22,IBM,4.19,3.3568,10.5,-5.0,-4.19,-3.3568,124.82,118.58,125.0,0.0,0.09,False
2020-12-28,2021-01-22,INTU,10.84,2.8442,20.4,-1.76,-10.84,-2.8442,381.12,374.43,377.5,0.0,-1.81,False
2020-12-28,2021-01-22,JNJ,3.15,2.0563,10.5,8.35,10.32,6.74,153.19,165.98,152.5,13.48,-0.35,False
2020-12-28,2021-01-22,JPM,3.93,3.1355,25.0,5.41,3.19,2.5451,125.34,132.12,125.0,7.12,-0.17,False
2020-12-28,2021-01-22,KO,1.05,1.9387,11.4,-9.93,-1.05,-1.9387,54.16,48.78,54.0,0.0,-0.08,False
2020-12-28,2021-01-22,LLY,5.96,3.5796,26.5,27.54,38.89,23.3574,166.5,212.35,167.5,44.85,0.5,False
2020-12-28,2021-01-22,MA,10.46,3.0365,18.8,-4.44,-10.46,-3.038,344.47,329.19,345.0,0.0,0.26,False
2020-12-28,2021-01-22,MRK,2.18,2.7098,4.9,0.87,-1.53,-1.8956,80.45,81.15,80.5,0.65,0.03,False
2020-12-28,2021-01-22,MSFT,5.72,2.5427,11.2,2.03,-1.19,-0.529,224.96,229.53,225.0,4.53,0.02,False
2020-12-28,2021-01-22,NFLX,24.94,4.8043,7.2,7.25,11.84,2.2808,519.12,556.78,520.0,36.78,0.44,False
2020-12-28,2021-01-22,NOW,20.9,3.8437,14.2,-1.08,-20.9,-3.8437,543.74,537.88,545.0,0.0,0.63,False
2020-12-28,2021-01-22,NVDA,18.87,3.657,2.5,5.84,12.26,2.376,516.0,546.13,515.0,31.13,-0.5,False
2020-12-28,2021-01-22,PEP,2.76,1.8787,8.7,-4.58,-2.76,-1.8821,146.91,140.18,147.0,0.0,0.04,False
2020-12-28,2021-01-22,PG,5.16,3.7208,0.1,-4.64,-5.16,-3.7208,138.68,132.24,139.0,0.0,0.16,False
2020-12-28,2021-01-22,QCOM,4.38,2.9647,19.2,11.28,12.02,8.1359,147.74,164.4,148.0,16.4,0.13,False
2020-12-28,2021-01-22,TSLA,38.71,5.8325,65.7,32.71,179.6,27.0601,663.69,880.8,662.5,218.3,-0.59,False
2020-12-28,2021-01-22,UNH,14.57,4.2116,10.8,0.54,-11.76,-3.4008,345.95,347.81,345.0,2.81,-0.48,False
2020-12-28,2021-01-22,V,4.98,2.3421,15.1,-5.48,-4.98,-2.3444,212.63,200.98,212.5,0.0,-0.07,False
2020-12-28,2021-01-22,WFC,1.32,4.4103,36.7,7.72,0.92,3.0571,29.93,32.24,30.0,2.24,0.03,False
2020-12-28,2021-01-22,WMT,3.14,2.1622,3.4,0.67,-1.94,-1.3359,145.22,146.2,145.0,1.2,-0.11,False
2020-12-28,2021-01-22,XOM,1.4,3.3541,22.8,12.36,4.0,9.5831,41.74,46.9,41.5,5.4,-0.12,False
2021-01-25,2021-02-19,AAPL,7.44,5.2057,4.6,-11.84,-7.44,-5.2057,142.92,126.0,143.0,0.0,0.04,False
2021-01-25,2021-02-19,ABBV,3.0,2.7149,6.8,-3.11,-3.0,-2.7149,110.5,107.06,110.0,0.0,-0.25,False
2021-01-25,2021-02-19,ABT,3.98,3.4693,6.4,6.83,3.57,3.1119,114.72,122.55,115.0,7.55,0.14,False
2021-01-25,2021-02-19,ADBE,14.48,3.0585,6.4,-1.29,-14.48,-3.0585,473.44,467.33,472.5,0.0,-0.47,False
2021-01-25,2021-02-19,AMZN,139.2,4.2259,0.3,-3.44,-139.2,-4.2259,3294.0,3180.74,3295.0,0.0,0.5,False
2021-01-25,2021-02-19,AVGO,13.76,2.9605,7.6,2.49,-2.4,-0.5174,464.79,476.36,465.0,11.36,0.1,False
2021-01-25,2021-02-19,BAC,0.9,2.8883,3.4,12.8,3.25,10.43,31.16,35.15,31.0,4.15,-0.08,False
2021-01-25,2021-02-19,BX,2.37,3.6473,0.5,6.99,2.15,3.3087,64.98,69.52,65.0,4.52,0.01,False
2021-01-25,2021-02-19,CRM,7.03,3.1117,0.6,6.65,8.92,3.9483,225.92,240.95,225.0,15.95,-0.46,False
2021-01-25,2021-02-19,CVX,4.78,5.2585,7.1,8.24,2.61,2.8713,90.9,98.39,91.0,7.39,0.05,False
2021-01-25,2021-02-19,GOOG,82.6,4.3487,6.9,-94.47,-82.6,-4.3487,1899.4,105.06,1900.0,0.0,0.3,False
2021-01-25,2021-02-19,HD,7.17,2.5151,5.9,-3.24,-7.17,-2.5151,285.08,275.85,285.0,0.0,-0.04,False
2021-01-25,2021-02-19,JNJ,4.37,2.6328,8.3,-2.48,-4.37,-2.6328,165.98,161.87,165.0,0.0,-0.49,False
2021-01-25,2021-02-19,JPM,3.76,2.8459,5.4,13.09,13.65,10.3315,132.12,149.41,132.0,17.41,-0.06,False
2021-01-25,2021-02-19,LLY,5.77,2.7172,27.5,-5.5,-5.77,-2.7196,212.35,200.68,210.0,0.0,-1.18,False
2021-01-25,2021-02-19,MRK,1.97,2.4276,0.9,-7.66,-1.97,-2.4214,81.15,74.93,81.0,0.0,-0.07,False
2021-01-25,2021-02-19,MSFT,8.64,3.7642,2.0,2.17,-4.13,-1.7972,229.53,234.51,230.0,4.51,0.24,False
2021-01-25,2021-02-19,NFLX,19.66,3.531,7.3,-4.13,-19.66,-3.531,556.78,533.78,555.0,0.0,-0.89,False
2021-01-25,2021-02-19,NVDA,23.64,4.3286,5.8,5.15,5.59,1.0245,546.13,574.23,545.0,29.23,-0.56,False
2021-01-25,2021-02-19,ORCL,1.84,3.0213,7.9,5.83,1.61,2.6437,60.9,64.45,61.0,3.45,0.05,False
2021-01-25,2021-02-19,QCOM,8.95,5.444,11.3,-15.17,-8.95,-5.444,164.4,139.46,165.0,0.0,0.3,False
2021-01-25,2021-02-19,TSLA,75.85,8.6115,32.7,-70.43,-75.85,-8.6115,880.8,260.43,880.0,0.0,-0.4,False
2021-01-25,2021-02-19,UNH,10.55,3.0333,0.5,-5.8,-10.55,-3.0318,347.81,327.64,347.5,0.0,-0.15,False
2021-01-25,2021-02-19,WFC,1.05,3.2568,7.7,15.57,4.21,13.0583,32.24,37.26,32.0,5.26,-0.12,False
2021-01-25,2021-02-19,WMT,4.38,2.9959,0.7,-5.82,-4.38,-2.9959,146.2,137.69,146.0,0.0,-0.1,False
2021-01-25,2021-02-19,XOM,2.54,5.4158,12.4,15.78,4.76,10.1493,46.9,54.3,47.0,7.3,0.05,False
2021-02-22,2021-03-19,ABT,3.72,3.0355,6.8,-0.88,-3.72,-3.0396,122.55,121.47,123.0,0.0,0.22,False
2021-02-22,2021-03-19,AVGO,24.02,5.0424,2.5,-0.23,-24.02,-5.0424,476.36,475.28,480.0,0.0,1.82,False
2021-02-22,2021-03-19,BAC,1.07,3.0441,12.8,7.14,1.59,4.5092,35.15,37.66,35.0,2.66,-0.08,False
2021-02-22,2021-03-19,BX,2.44,3.5098,7.0,5.8,1.11,1.5967,69.52,73.55,70.0,3.55,0.24,False
2021-02-22,2021-03-19,CMCSA,1.33,2.5333,7.2,7.37,2.54,4.8381,52.5,56.37,52.5,3.87,0.0,False
2021-02-22,2021-03-19,CRM,9.33,3.8722,6.7,-10.7,-9.33,-3.8701,240.95,215.17,240.0,0.0,-0.47,False
2021-02-22,2021-03-19,CVX,3.31,3.3642,8.2,4.22,0.74,0.747,98.39,102.54,98.5,4.04,0.06,False
2021-02-22,2021-03-19,IBM,3.77,3.1193,1.9,8.02,5.78,4.7824,120.86,130.55,121.0,9.55,0.07,False
2021-02-22,2021-03-19,INTU,10.73,2.6721,7.2,-4.61,-10.73,-2.6709,401.55,383.02,400.0,0.0,-0.77,False
2021-02-22,2021-03-19,JPM,3.79,2.5366,13.1,1.04,-1.82,-1.2215,149.41,150.97,149.0,1.97,-0.21,False
2021-02-22,2021-03-19,KO,1.24,2.4491,3.8,0.73,-0.74,-1.4715,50.63,51.0,50.5,0.5,-0.07,False
2021-02-22,2021-03-19,MA,8.17,2.3983,3.5,5.21,10.23,3.003,340.66,358.4,340.0,18.4,-0.33,False
2021-02-22,2021-03-19,MSFT,6.46,2.7547,2.2,0.63,-5.46,-2.3304,234.51,235.99,235.0,0.99,0.25,False
2021-02-22,2021-03-19,NKE,5.62,4.1121,11.7,1.17,-4.34,-3.1792,136.67,138.27,137.0,1.27,0.17,False
2021-02-22,2021-03-19,NOW,19.97,3.6292,2.3,-13.38,-19.97,-3.6292,550.26,476.65,550.0,0.0,-0.13,False
2021-02-22,2021-03-19,NVDA,32.52,5.6632,5.1,-8.15,-32.52,-5.6641,574.23,527.45,575.0,0.0,0.38,False
2021-02-22,2021-03-19,ORCL,2.74,4.2514,5.8,2.9,-1.42,-2.1955,64.45,66.32,65.0,1.32,0.28,False
2021-02-22,2021-03-19,V,4.48,2.1505,3.7,-0.15,-3.98,-1.9105,208.32,208.0,207.5,0.5,-0.41,False
2021-02-22,2021-03-19,WFC,1.7,4.5625,15.6,4.59,-0.23,-0.6173,37.26,38.97,37.5,1.47,0.12,False
2021-02-22,2021-03-19,XOM,2.22,4.0884,15.8,2.97,-0.81,-1.4917,54.3,55.91,54.5,1.41,0.1,False
2021-03-22,2021-04-16,BAC,1.04,2.7616,7.1,4.01,0.63,1.6729,37.66,39.17,37.5,1.67,-0.08,False
2021-03-22,2021-04-16,BX,1.86,2.5289,5.8,7.82,4.44,6.0299,73.55,79.3,73.0,6.3,-0.28,False
2021-03-22,2021-04-16,CMCSA,1.76,3.1222,7.4,-3.96,-1.76,-3.1134,56.37,54.14,56.5,0.0,0.07,False
2021-03-22,2021-04-16,CVX,3.33,3.2475,4.2,0.7,-3.07,-2.994,102.54,103.26,103.0,0.26,0.23,False
2021-03-22,2021-04-16,DIS,5.62,2.914,12.2,-2.82,-5.62,-2.914,192.86,187.43,192.5,0.0,-0.18,False
2021-03-22,2021-04-16,GOOG,49.71,2.4385,7.3,12.94,212.7,10.4334,2038.59,2302.4,2040.0,262.4,0.71,False
2021-03-22,2021-04-16,GOOGL,51.78,2.5499,14.5,-94.38,-51.78,-2.5501,2030.69,114.14,2030.0,0.0,-0.35,False
2021-03-22,2021-04-16,HD,7.01,2.4261,4.7,13.12,29.84,10.3274,288.94,326.85,290.0,36.85,0.53,False
2021-03-22,2021-04-16,IBM,2.99,2.2903,8.0,1.97,-0.86,-0.6626,130.55,133.12,131.0,2.12,0.23,False
2021-03-22,2021-04-16,JPM,3.66,2.4243,1.0,1.11,-1.02,-0.6723,150.97,152.65,150.0,2.65,-0.49,False
2021-03-22,2021-04-16,KO,1.0,1.9608,0.7,5.88,2.0,3.9216,51.0,54.0,51.0,3.0,0.0,False
2021-03-22,2021-04-16,MA,9.25,2.5809,5.2,6.63,15.41,4.2997,358.4,382.16,357.5,24.66,-0.45,False
2021-03-22,2021-04-16,MRK,1.45,1.8707,3.4,0.19,-1.29,-1.6579,77.51,77.66,77.5,0.16,-0.0,False
2021-03-22,2021-04-16,MSFT,4.4,1.8645,0.6,9.64,19.33,8.1931,235.99,258.74,235.0,23.74,-0.5,False
2021-03-22,2021-04-16,NKE,3.02,2.1841,1.2,-4.12,-3.02,-2.1877,138.27,132.57,138.0,0.0,-0.14,False
2021-03-22,2021-04-16,ORCL,1.74,2.6236,2.9,18.74,10.51,15.8474,66.32,78.75,66.5,12.25,0.09,False
2021-03-22,2021-04-16,PEP,2.95,2.1408,4.4,5.04,3.8,2.7576,137.8,144.75,138.0,6.75,0.1,False
2021-03-22,2021-04-16,PG,2.05,1.5747,2.8,4.94,4.56,3.5028,130.18,136.61,130.0,6.61,-0.09,False
2021-03-22,2021-04-16,UNH,9.78,2.6659,12.0,6.26,12.56,3.4236,366.86,389.84,367.5,22.34,0.32,False
2021-03-22,2021-04-16,WFC,1.43,3.6695,4.6,12.6,3.45,8.8401,38.97,43.88,39.0,4.88,0.01,False
2021-03-22,2021-04-16,XOM,1.88,3.3625,3.0,1.02,-1.4,-2.4951,55.91,56.48,56.0,0.48,0.05,False
2021-04-19,2021-05-14,AAPL,5.08,3.7674,9.3,-6.36,-5.08,-3.7674,134.84,126.27,135.0,0.0,0.08,False
2021-04-19,2021-05-14,ABBV,3.75,3.4527,2.6,7.62,4.13,3.8072,108.61,116.89,109.0,7.89,0.19,False
2021-04-19,2021-05-14,ABT,5.47,4.3925,2.5,-6.26,-5.47,-4.3885,124.53,116.74,123.0,0.0,-0.76,False
2021-04-19,2021-05-14,ADBE,11.6,2.2473,14.1,-6.48,-11.6,-2.2464,516.17,482.74,515.0,0.0,-0.58,False
2021-04-19,2021-05-14,AMZN,117.0,3.4697,8.4,-3.01,-117.0,-3.4696,3372.01,3270.39,3370.0,0.0,-1.0,False
2021-04-19,2021-05-14,BAC,0.9,2.2977,4.0,9.11,2.85,7.2632,39.17,42.74,39.0,3.74,-0.08,False
2021-04-19,2021-05-14,BX,1.92,2.4212,7.8,10.69,6.86,8.6507,79.3,87.78,79.0,8.78,-0.15,False
2021-04-19,2021-05-14,COST,6.53,1.767,10.5,3.9,7.43,2.0119,369.55,383.96,370.0,13.96,0.23,False
2021-04-19,2021-05-14,CRM,5.25,2.2777,7.1,-6.7,-5.25,-2.2777,230.5,215.06,230.0,0.0,-0.25,False
2021-04-19,2021-05-14,CVX,2.87,2.7794,0.7,7.31,4.94,4.784,103.26,110.81,103.0,7.81,-0.13,False
2021-04-19,2021-05-14,GOOG,73.8,3.2054,12.9,0.83,-52.39,-2.2754,2302.4,2321.41,2300.0,21.41,-1.2,False
2021-04-19,2021-05-14,HD,6.47,1.9795,13.1,-2.09,-6.47,-1.981,326.85,320.01,327.5,0.0,0.32,False
2021-04-19,2021-05-14,IBM,4.54,3.4105,2.0,9.01,7.57,5.6866,133.12,145.11,133.0,12.11,-0.06,False
2021-04-19,2021-05-14,INTU,4.75,1.1807,5.0,4.26,14.67,3.6454,402.29,419.42,400.0,19.42,-1.15,False
2021-04-19,2021-05-14,JNJ,2.63,1.6166,1.4,4.73,5.26,3.2301,162.69,170.39,162.5,7.89,-0.1,False
2021-04-19,2021-05-14,JPM,3.21,2.1028,1.1,7.87,8.96,5.8729,152.65,164.67,152.5,12.17,-0.07,False
2021-04-19,2021-05-14,KO,0.9,1.6667,5.9,1.19,-0.26,-0.4815,54.0,54.64,54.0,0.64,0.0,False
2021-04-19,2021-05-14,LLY,6.42,3.3854,2.0,3.11,-0.89,-0.4693,189.64,195.53,190.0,5.53,0.18,False
2021-04-19,2021-05-14,MA,11.02,2.8836,6.6,-4.94,-11.02,-2.8836,382.16,363.3,382.5,0.0,0.17,False
2021-04-19,2021-05-14,MRK,2.1,2.7041,0.2,2.85,0.27,0.3477,77.66,79.87,77.5,2.37,-0.08,False
2021-04-19,2021-05-14,MSFT,5.73,2.2146,9.6,-5.24,-5.73,-2.2146,258.74,245.18,257.5,0.0,-0.62,False
2021-04-19,2021-05-14,NFLX,27.55,4.969,6.0,-11.81,-27.55,-4.969,554.44,488.94,555.0,0.0,0.28,False
2021-04-19,2021-05-14,NOW,27.16,4.9438,15.3,-17.29,-27.16,-4.9448,549.37,454.4,550.0,0.0,0.31,False
2021-04-19,2021-05-14,NVDA,24.27,3.9497,16.5,-7.79,-24.27,-3.9489,614.47,566.62,615.0,0.0,0.27,False
2021-04-19,2021-05-14,ORCL,1.82,2.3111,18.7,0.42,-1.74,-2.2159,78.75,79.08,79.0,0.08,0.12,False
2021-04-19,2021-05-14,PEP,2.46,1.6995,5.0,0.98,-1.29,-0.8877,144.75,146.17,145.0,1.17,0.12,False
2021-04-19,2021-05-14,PG,3.49,2.5547,4.9,0.82,-2.77,-2.024,136.61,137.73,137.0,0.73,0.19,False
2021-04-19,2021-05-14,QCOM,5.42,4.0074,0.9,-4.03,-5.42,-4.0111,135.25,129.8,135.0,0.0,-0.12,False
2021-04-19,2021-05-14,TSLA,52.48,7.3437,6.7,-19.28,-52.48,-7.3444,714.63,576.83,715.0,0.0,0.18,False
2021-04-19,2021-05-14,UNH,7.58,1.9444,6.3,4.82,11.05,2.8345,389.84,408.63,390.0,18.63,0.08,False
2021-04-19,2021-05-14,V,4.84,2.1436,8.6,0.29,-3.4,-1.5036,225.79,226.44,225.0,1.44,-0.39,False
2021-04-19,2021-05-14,WFC,1.56,3.5552,12.6,9.16,2.34,5.3327,43.88,47.9,44.0,3.9,0.06,False
2021-04-19,2021-05-14,WMT,2.9,2.0757,5.5,-0.59,-2.9,-2.0721,139.71,138.89,140.0,0.0,0.15,False
2021-04-19,2021-05-14,XOM,2.13,3.7712,1.0,10.11,3.56,6.3031,56.48,62.19,56.5,5.69,0.01,False
2021-05-17,2021-06-11,ABBV,2.25,1.9249,7.6,-1.27,-2.25,-1.9206,116.89,115.4,117.0,0.0,0.06,False
2021-05-17,2021-06-11,BAC,1.02,2.3865,9.1,-3.23,-1.02,-2.3865,42.74,41.36,42.5,0.0,-0.12,False
2021-05-17,2021-06-11,BX,2.61,2.9733,10.7,8.92,5.0,5.6961,87.78,95.61,88.0,7.61,0.11,False
2021-05-17,2021-06-11,CMCSA,0.45,0.8114,2.4,3.28,1.33,2.3981,55.46,57.28,55.5,1.78,0.02,False
2021-05-17,2021-06-11,COST,9.47,2.4664,3.9,-0.05,-9.47,-2.4664,383.96,383.76,385.0,0.0,0.52,False
2021-05-17,2021-06-11,CVX,6.9,6.2269,7.3,-2.56,-6.9,-6.2224,110.81,107.97,111.0,0.0,0.1,False
2021-05-17,2021-06-11,GOOG,120.32,5.1831,0.8,8.86,86.71,3.7354,2321.41,2527.04,2320.0,207.04,-0.71,False
2021-05-17,2021-06-11,GOOGL,57.14,2.4964,12.7,6.99,101.77,4.4462,2288.92,2448.91,2290.0,158.91,0.54,False
2021-05-17,2021-06-11,IBM,2.57,1.7711,9.0,3.39,2.47,1.6987,145.11,150.03,145.0,5.03,-0.05,False
2021-05-17,2021-06-11,INTU,19.99,4.7661,4.3,13.72,36.98,8.8169,419.42,476.97,420.0,56.97,0.29,False
2021-05-17,2021-06-11,JNJ,2.91,1.7078,4.7,-2.95,-2.91,-1.7049,170.39,165.37,170.0,0.0,-0.19,False
2021-05-17,2021-06-11,JPM,4.32,2.6234,7.9,-4.31,-4.32,-2.6204,164.67,157.57,165.0,0.0,0.17,False
2021-05-17,2021-06-11,KO,0.73,1.336,1.2,1.67,0.32,0.5856,54.64,55.55,54.5,1.05,-0.07,False
2021-05-17,2021-06-11,LLY,5.39,2.7566,3.1,15.63,25.72,13.1514,195.53,226.1,195.0,31.1,-0.26,False
2021-05-17,2021-06-11,MRK,1.45,1.8155,2.8,-5.53,-1.45,-1.8092,79.87,75.45,79.5,0.0,-0.18,False
2021-05-17,2021-06-11,NKE,3.22,2.3605,2.9,-3.7,-3.22,-2.3642,136.41,131.36,136.0,0.0,-0.21,False
2021-05-17,2021-06-11,ORCL,1.84,2.3268,0.4,4.48,1.78,2.2509,79.08,82.62,79.0,3.62,-0.04,False
2021-05-17,2021-06-11,PEP,2.7,1.8472,1.0,1.64,-0.12,-0.0855,146.17,148.57,146.0,2.57,-0.08,False
2021-05-17,2021-06-11,PG,2.48,1.8006,0.8,-2.05,-2.48,-1.797,137.73,134.91,138.0,0.0,0.14,False
2021-05-17,2021-06-11,UNH,7.73,1.8917,4.8,-2.32,-7.73,-1.8929,408.63,399.16,407.5,0.0,-0.57,False
2021-05-17,2021-06-11,V,5.98,2.6409,0.3,3.37,0.6,0.265,226.44,234.08,227.5,6.58,0.53,False
2021-05-17,2021-06-11,WFC,1.7,3.5491,9.2,-5.74,-1.7,-3.5491,47.9,45.15,48.0,0.0,0.05,False
2021-05-17,2021-06-11,XOM,1.89,3.0391,10.1,-0.19,-1.82,-2.9185,62.19,62.07,62.0,0.07,-0.09,False
2021-06-14,2021-07-09,AAPL,2.28,1.7474,3.3,10.74,12.22,9.3654,130.48,144.5,130.0,14.5,-0.24,False
2021-06-14,2021-07-09,ADBE,16.12,2.8943,15.4,7.77,29.08,5.2204,556.95,600.2,555.0,45.2,-0.98,False
2021-06-14,2021-07-09,AVGO,15.58,3.2743,8.2,2.08,-4.83,-1.0161,475.83,485.75,475.0,10.75,-0.42,False
2021-06-14,2021-07-09,BX,2.41,2.5207,8.9,6.61,3.52,3.6764,95.61,101.93,96.0,5.93,0.19,False
2021-06-14,2021-07-09,CMCSA,1.25,2.1823,3.3,1.71,0.01,0.0175,57.28,58.26,57.0,1.26,-0.14,False
2021-06-14,2021-07-09,CRM,7.42,3.0131,14.5,-1.36,-7.42,-3.0131,246.26,242.91,247.5,0.0,0.62,False
2021-06-14,2021-07-09,DIS,3.21,1.8015,4.8,3.48,3.67,2.0597,178.18,184.38,177.5,6.88,-0.34,False
2021-06-14,2021-07-09,GOOG,49.24,1.9485,8.9,3.33,37.04,1.4657,2527.04,2611.28,2525.0,86.28,-1.02,False
2021-06-14,2021-07-09,GOOGL,81.3,3.3198,7.0,-94.87,-81.3,-3.32,2448.91,125.52,2450.0,0.0,0.54,False
2021-06-14,2021-07-09,IBM,2.59,1.7263,3.4,-6.07,-2.59,-1.7297,150.03,140.92,150.0,0.0,-0.02,False
2021-06-14,2021-07-09,INTU,15.52,3.2539,13.7,5.9,12.08,2.5316,476.97,505.1,477.5,27.6,0.26,False
2021-06-14,2021-07-09,KO,0.89,1.6022,1.7,-1.93,-0.89,-1.5932,55.55,54.48,55.5,0.0,-0.02,False
2021-06-14,2021-07-09,LLY,4.53,2.0035,15.6,4.38,6.48,2.866,226.1,236.01,225.0,11.01,-0.55,False
2021-06-14,2021-07-09,MA,9.49,2.5892,0.9,2.47,-1.43,-0.3902,366.52,375.56,367.5,8.06,0.49,False
2021-06-14,2021-07-09,MSFT,4.71,1.8123,6.0,6.71,12.61,4.8501,259.89,277.32,260.0,17.32,0.05,False
2021-06-14,2021-07-09,NFLX,10.91,2.1825,2.2,7.49,26.4,5.2822,499.89,537.31,500.0,37.31,0.06,False
2021-06-14,2021-07-09,NOW,15.05,2.9548,12.1,10.33,36.88,7.2407,509.34,561.93,510.0,51.93,0.33,False
2021-06-14,2021-07-09,NVDA,22.98,3.1883,27.2,13.84,77.53,10.7562,720.75,820.5,720.0,100.5,-0.37,False
2021-06-14,2021-07-09,ORCL,2.34,2.8322,4.5,5.4,2.24,2.7112,82.62,87.08,82.5,4.58,-0.06,False
2021-06-14,2021-07-09,PEP,2.92,1.9654,1.6,0.63,-2.42,-1.6255,148.57,149.51,149.0,0.51,0.21,False
2021-06-14,2021-07-09,QCOM,3.35,2.4397,5.8,3.76,2.12,1.5476,137.31,142.47,137.0,5.47,-0.15,False
2021-06-14,2021-07-09,TSLA,32.51,5.2632,7.1,11.01,35.68,5.7772,617.69,685.7,617.5,68.2,-0.1,False
2021-06-14,2021-07-09,V,5.51,2.3539,3.4,1.62,-2.64,-1.1278,234.08,237.87,235.0,2.87,0.46,False
2021-06-14,2021-07-09,WMT,3.01,2.1414,1.2,-0.36,-3.01,-2.1414,140.56,140.05,141.0,0.0,0.22,False
2021-07-12,2021-08-06,AAPL,3.83,2.6505,10.7,1.1,-1.74,-1.2042,144.5,146.09,144.0,2.09,-0.25,False
2021-07-12,2021-08-06,ABBV,5.16,4.3866,1.9,-3.03,-5.16,-4.3824,117.63,114.06,118.0,0.0,0.19,False
2021-07-12,2021-08-06,ABT,2.85,2.3988,7.5,3.66,1.32,1.1068,118.81,123.16,119.0,4.16,0.1,False
2021-07-12,2021-08-06,ADBE,13.8,2.2992,7.8,4.84,15.42,2.5691,600.2,629.22,600.0,29.22,-0.1,False
2021-07-12,2021-08-06,AMZN,131.72,3.5422,13.7,-10.13,-131.72,-3.5424,3718.55,3341.87,3720.0,0.0,0.72,False
2021-07-12,2021-08-06,AVGO,12.32,2.5363,2.1,-0.22,-12.32,-2.5373,485.75,484.68,485.0,0.0,-0.38,False
2021-07-12,2021-08-06,BX,3.32,3.2571,6.6,12.08,8.91,8.7462,101.93,114.24,102.0,12.24,0.03,False
2021-07-12,2021-08-06,CMCSA,1.9,3.2612,1.7,0.03,-1.9,-3.2612,58.26,58.28,58.5,0.0,0.12,False
2021-07-12,2021-08-06,COST,6.05,1.4833,6.3,7.99,26.92,6.6,407.88,440.47,407.5,32.97,-0.19,False
2021-07-12,2021-08-06,DIS,5.28,2.8637,3.5,-4.15,-5.28,-2.8636,184.38,176.72,185.0,0.0,0.31,False
2021-07-12,2021-08-06,GOOG,73.42,2.8116,3.3,5.7,76.62,2.9342,2611.28,2760.04,2610.0,150.04,-0.64,False
2021-07-12,2021-08-06,HD,7.48,2.3249,4.0,2.18,-1.22,-0.3792,321.74,328.76,322.5,6.26,0.38,False
2021-07-12,2021-08-06,INTU,12.2,2.4154,5.9,5.97,18.03,3.5696,505.1,535.23,505.0,30.23,-0.05,False
2021-07-12,2021-08-06,JNJ,3.41,2.012,2.5,2.5,0.3,0.177,169.48,173.71,170.0,3.71,0.26,False
2021-07-12,2021-08-06,JPM,3.11,1.9684,0.3,-0.42,-3.11,-1.9684,158.0,157.33,157.5,0.0,-0.25,False
2021-07-12,2021-08-06,LLY,7.45,3.1566,4.4,13.2,24.72,10.472,236.01,267.16,235.0,32.16,-0.5,False
2021-07-12,2021-08-06,MA,8.52,2.2686,2.5,-1.3,-8.52,-2.2686,375.56,370.68,375.0,0.0,-0.28,False
2021-07-12,2021-08-06,MRK,1.47,1.8956,2.8,-2.88,-1.47,-1.902,77.55,75.32,77.5,0.0,-0.03,False
2021-07-12,2021-08-06,MSFT,6.34,2.2862,6.7,3.97,4.49,1.6191,277.32,288.33,277.5,10.83,0.09,False
2021-07-12,2021-08-06,NFLX,22.55,4.1968,7.5,-3.23,-22.55,-4.1959,537.31,519.97,537.5,0.0,0.1,False
2021-07-12,2021-08-06,NKE,3.95,2.441,23.2,6.15,5.32,3.2876,161.82,171.77,162.5,9.27,0.34,False
2021-07-12,2021-08-06,NOW,27.58,4.9081,10.3,4.63,-2.12,-0.3782,561.93,587.96,562.5,25.46,0.28,False
2021-07-12,2021-08-06,NVDA,34.25,4.1743,13.8,-75.27,-34.25,-4.1743,820.5,202.95,820.0,0.0,-0.25,False
2021-07-12,2021-08-06,ORCL,1.99,2.2853,5.4,3.24,0.91,1.045,87.08,89.9,87.0,2.9,-0.04,False
2021-07-12,2021-08-06,PEP,3.3,2.2072,0.6,3.24,1.06,0.7056,149.51,154.35,150.0,4.35,0.25,False
2021-07-12,2021-08-06,PG,2.82,2.0563,1.7,3.68,2.36,1.7209,137.14,142.18,137.0,5.18,-0.07,False
2021-07-12,2021-08-06,QCOM,4.31,3.0252,3.8,3.12,0.6,0.4246,142.47,146.92,142.0,4.92,-0.24,False
2021-07-12,2021-08-06,TSLA,40.0,5.8335,11.0,4.09,-11.24,-1.6392,685.7,713.76,685.0,28.76,-0.35,False
2021-07-12,2021-08-06,UNH,9.78,2.3507,4.2,-1.24,-9.78,-2.3507,416.04,410.87,412.5,0.0,-1.77,False
2021-07-12,2021-08-06,V,4.71,1.9801,1.6,0.9,-2.21,-0.927,237.87,240.0,237.5,2.5,-0.18,False
2021-08-09,2021-09-03,AAPL,2.85,1.9509,1.1,5.62,5.46,3.734,146.09,154.3,146.0,8.3,-0.04,False
2021-08-09,2021-09-03,ABT,1.29,1.0474,3.7,4.69,6.65,5.3995,123.16,128.94,121.0,7.94,-1.08,False
2021-08-09,2021-09-03,ADBE,13.54,2.1519,4.8,5.94,23.05,3.6633,629.22,666.59,630.0,36.59,0.39,False
2021-08-09,2021-09-03,BAC,1.45,3.5653,0.1,0.93,-1.4,-3.4301,40.67,41.05,41.0,0.05,0.17,False
2021-08-09,2021-09-03,BX,2.78,2.4335,12.1,12.92,12.22,10.6968,114.24,129.0,114.0,15.0,-0.12,False
2021-08-09,2021-09-03,CMCSA,0.88,1.51,0.0,5.9,2.84,4.873,58.28,61.72,58.0,3.72,-0.14,False
2021-08-09,2021-09-03,COST,7.06,1.6028,8.0,5.01,15.48,3.5156,440.47,462.55,440.0,22.55,-0.24,False
2021-08-09,2021-09-03,CRM,9.09,3.6459,2.6,7.12,7.99,3.2047,249.32,267.08,250.0,17.08,0.34,False
2021-08-09,2021-09-03,GOOG,99.68,3.6115,5.7,4.91,35.82,1.2978,2760.04,2895.5,2760.0,135.5,-0.02,False
2021-08-09,2021-09-03,GOOGL,65.05,2.3756,11.8,4.99,69.74,2.5469,2738.26,2874.79,2740.0,134.79,0.87,False
2021-08-09,2021-09-03,HD,9.62,2.9261,2.2,0.48,-9.28,-2.8227,328.76,330.34,330.0,0.34,0.62,False
2021-08-09,2021-09-03,IBM,2.28,1.6142,0.2,-1.18,-2.28,-1.6106,141.25,139.58,141.0,0.0,-0.12,False
2021-08-09,2021-09-03,INTU,14.49,2.7072,6.0,5.24,13.76,2.5718,535.23,563.25,535.0,28.25,-0.11,False
2021-08-09,2021-09-03,JNJ,4.64,2.6711,2.5,0.77,-4.61,-2.651,173.71,175.04,175.0,0.04,0.64,False
2021-08-09,2021-09-03,KO,1.21,2.1359,4.0,0.14,-1.21,-2.1447,56.65,56.73,57.0,0.0,0.17,False
2021-08-09,2021-09-03,LLY,11.63,4.3532,13.2,-2.86,-11.63,-4.3532,267.16,259.53,270.0,0.0,1.42,False
2021-08-09,2021-09-03,MSFT,6.95,2.4104,4.0,4.44,4.2,1.4549,288.33,301.14,290.0,11.14,0.84,False
2021-08-09,2021-09-03,NKE,1.86,1.0828,6.1,-4.94,-1.86,-1.0858,171.77,163.29,170.0,0.0,-0.89,False
2021-08-09,2021-09-03,NOW,16.99,2.8897,4.6,15.42,71.64,12.1845,587.96,678.63,590.0,88.63,1.02,False
2021-08-09,2021-09-03,ORCL,2.42,2.6919,3.2,0.11,-2.42,-2.6919,89.9,90.0,90.0,0.0,0.05,False
2021-08-09,2021-09-03,PEP,3.77,2.4425,3.2,1.78,-1.69,-1.0917,154.35,157.09,155.0,2.09,0.32,False
2021-08-09,2021-09-03,PG,2.25,1.5825,3.7,1.32,-0.2,-0.1407,142.18,144.05,142.0,2.05,-0.09,False
2021-08-09,2021-09-03,QCOM,3.93,2.6749,3.1,-1.56,-3.93,-2.6749,146.92,144.63,147.0,0.0,0.04,False
2021-08-09,2021-09-03,TSLA,31.22,4.374,4.1,2.78,-12.65,-1.7723,713.76,733.57,715.0,18.57,0.62,False
2021-08-09,2021-09-03,V,5.01,2.0875,0.9,-6.2,-5.01,-2.0875,240.0,225.11,240.0,0.0,0.0,False
2021-08-09,2021-09-03,WFC,1.71,3.5149,10.2,-9.21,-1.71,-3.5252,48.65,44.17,49.0,0.0,0.17,False
2021-08-09,2021-09-03,WMT,3.91,2.6858,3.9,2.52,-0.66,-0.4534,145.58,149.25,146.0,3.25,0.21,False
2021-09-03,2021-10-01,AAPL,4.39,2.8451,5.6,-9.83,-4.39,-2.8451,154.3,139.14,155.0,0.0,0.35,False
2021-09-03,2021-10-01,ABT,1.78,1.3805,4.7,-10.4,-1.78,-1.3805,128.94,115.53,128.0,0.0,-0.47,False
2021-09-03,2021-10-01,ADBE,16.8,2.5203,5.9,-16.22,-16.8,-2.521,666.59,558.49,665.0,0.0,-0.8,False
2021-09-03,2021-10-01,AMZN,80.53,2.3154,4.1,-95.28,-80.53,-2.3152,3478.05,164.16,3480.0,0.0,0.98,False
2021-09-03,2021-10-01,AVGO,21.9,4.4004,2.7,-4.37,-21.9,-4.4004,497.68,475.95,500.0,0.0,1.16,False
2021-09-03,2021-10-01,BAC,1.0,2.4361,0.9,5.58,1.34,3.2765,41.05,43.34,41.0,2.34,-0.02,False
2021-09-03,2021-10-01,BX,3.25,2.5194,12.9,-13.99,-3.25,-2.5194,129.0,110.95,129.0,0.0,0.0,False
2021-09-03,2021-10-01,CMCSA,1.51,2.4465,5.9,-8.0,-1.51,-2.4465,61.72,56.78,62.0,0.0,0.14,False
2021-09-03,2021-10-01,COST,12.88,2.7846,5.0,-4.84,-12.88,-2.7835,462.55,440.14,465.0,0.0,1.23,False
2021-09-03,2021-10-01,CRM,5.16,1.932,7.1,1.42,0.7,0.2621,267.08,270.86,265.0,5.86,-1.04,False
2021-09-03,2021-10-01,DIS,3.1,1.7127,2.4,-4.17,-3.1,-1.7127,181.0,173.46,180.0,0.0,-0.5,False
2021-09-03,2021-10-01,GOOG,45.79,1.5814,4.9,-95.29,-45.79,-1.5814,2895.5,136.46,2895.0,0.0,-0.25,False
2021-09-03,2021-10-01,GOOGL,55.62,1.9348,5.0,-7.01,-55.62,-1.9349,2874.79,2673.19,2875.0,0.0,0.1,False
2021-09-03,2021-10-01,HD,5.78,1.7497,0.5,-1.17,-5.78,-1.7497,330.34,326.47,330.0,0.0,-0.17,False
2021-09-03,2021-10-01,INTU,13.28,2.3577,5.2,-6.73,-13.28,-2.3569,563.25,525.35,565.0,0.0,0.88,False
2021-09-03,2021-10-01,JNJ,2.39,1.3654,0.8,-9.04,-2.39,-1.3654,175.04,159.22,175.0,0.0,-0.02,False
2021-09-03,2021-10-01,JPM,3.83,2.4014,1.4,4.68,3.11,1.9531,159.49,166.95,160.0,6.95,0.25,False
2021-09-03,2021-10-01,KO,1.26,2.221,0.1,-6.59,-1.26,-2.2122,56.73,52.99,57.0,0.0,0.14,False
2021-09-03,2021-10-01,MRK,1.33,1.7215,2.6,7.56,4.77,6.174,77.26,83.1,77.0,6.1,-0.13,False
2021-09-03,2021-10-01,MSFT,4.21,1.398,4.4,-5.99,-4.21,-1.398,301.14,283.11,300.0,0.0,-0.57,False
2021-09-03,2021-10-01,NFLX,14.68,2.4859,13.6,2.17,-1.34,-0.2261,590.53,603.35,590.0,13.35,-0.27,False
2021-09-03,2021-10-01,NOW,19.56,2.8823,15.4,-8.94,-19.56,-2.8815,678.63,617.97,680.0,0.0,0.69,False
2021-09-03,2021-10-01,NVDA,9.58,4.1938,12.6,-13.62,-9.58,-4.196,228.43,197.32,230.0,0.0,0.78,False
2021-09-03,2021-10-01,ORCL,2.95,3.2778,0.1,-0.82,-2.95,-3.2778,90.0,89.26,90.0,0.0,0.0,False
2021-09-03,2021-10-01,PEP,0.32,0.2037,1.8,-4.39,-0.32,-0.2005,157.09,150.2,155.0,0.0,-1.04,False
2021-09-03,2021-10-01,PG,2.03,1.4092,1.3,-3.65,-2.03,-1.4127,144.05,138.79,144.0,0.0,-0.03,False
2021-09-03,2021-10-01,TSLA,30.27,4.1264,2.8,6.54,16.27,2.2172,733.57,781.53,735.0,46.53,0.72,False
2021-09-03,2021-10-01,UNH,11.85,2.8023,2.9,-8.48,-11.85,-2.8023,422.86,387.01,425.0,0.0,1.07,False
2021-09-03,2021-10-01,WMT,1.94,1.2998,2.5,-9.06,-1.94,-1.2965,149.25,135.73,149.0,0.0,-0.12,False
2021-10-04,2021-10-29,BAC,1.13,2.6073,5.6,10.41,3.72,8.5833,43.34,47.85,43.0,4.85,-0.17,False
2021-10-04,2021-10-29,CRM,5.57,2.0564,1.4,11.78,27.19,10.0384,270.86,302.76,270.0,32.76,-0.43,False
2021-10-04,2021-10-29,CVX,3.54,3.3804,7.4,9.37,5.99,5.72,104.72,114.53,105.0,9.53,0.14,False
2021-10-04,2021-10-29,IBM,4.8,3.3308,3.2,-12.37,-4.8,-3.3273,144.11,126.28,144.0,0.0,-0.05,False
2021-10-04,2021-10-29,JPM,3.25,1.9467,4.7,1.71,1.56,0.9314,166.95,169.8,165.0,4.8,-0.97,False
2021-10-04,2021-10-29,MA,12.66,3.6781,1.2,-2.95,-12.66,-3.6781,344.2,334.05,345.0,0.0,0.4,False
2021-10-04,2021-10-29,MRK,2.53,3.0445,7.6,5.7,2.31,2.7798,83.1,87.84,83.0,4.84,-0.05,False
2021-10-04,2021-10-29,NFLX,26.38,4.3723,2.2,12.9,49.79,8.2531,603.35,681.17,605.0,76.17,0.83,False
2021-10-04,2021-10-29,TSLA,45.4,5.8091,6.5,-52.49,-45.4,-5.8098,781.53,371.33,780.0,0.0,-0.77,False
2021-10-04,2021-10-29,WFC,1.72,3.658,6.5,9.97,2.99,6.359,47.02,51.71,47.0,4.71,-0.01,False
2021-10-04,2021-10-29,XOM,3.41,5.525,12.5,6.34,0.22,0.3564,61.72,65.63,62.0,3.63,0.14,False
2021-11-01,2021-11-26,AAPL,3.37,2.2624,7.1,5.27,4.44,2.9807,148.96,156.81,149.0,7.81,0.02,False
2021-11-01,2021-11-26,ABBV,2.46,2.1427,5.6,1.48,-0.95,-0.8231,114.81,116.51,115.0,1.51,0.1,False
2021-11-01,2021-11-26,ABT,2.27,1.7605,11.6,-2.37,-2.27,-1.7605,128.94,125.88,129.0,0.0,0.03,False
2021-11-01,2021-11-26,ADBE,16.95,2.6476,14.6,3.42,5.15,0.8044,640.2,662.1,640.0,22.1,-0.1,False
2021-11-01,2021-11-26,AVGO,13.84,2.621,10.9,-89.65,-13.84,-2.6219,528.05,54.66,530.0,0.0,0.97,False
2021-11-01,2021-11-26,BAC,1.28,2.675,10.4,-4.37,-1.28,-2.6646,47.85,45.76,48.0,0.0,0.08,False
2021-11-01,2021-11-26,BX,4.46,3.242,24.0,4.54,1.35,0.9777,137.57,143.81,138.0,5.81,0.21,False
2021-11-01,2021-11-26,COST,9.02,1.8338,11.8,11.03,47.11,9.5788,491.87,546.13,490.0,56.13,-0.93,False
2021-11-01,2021-11-26,CRM,10.37,3.4252,11.8,-6.13,-10.37,-3.4252,302.76,284.21,305.0,0.0,1.12,False
2021-11-01,2021-11-26,CVX,3.59,3.1345,9.4,-0.02,-3.59,-3.1302,114.53,114.51,115.0,0.0,0.24,False
2021-11-01,2021-11-26,GOOGL,63.63,2.2171,7.4,-95.05,-63.63,-2.2171,2869.94,142.18,2870.0,0.0,0.03,False
2021-11-01,2021-11-26,HD,6.66,1.8173,12.3,9.88,31.04,8.4698,366.48,402.7,365.0,37.7,-0.74,False
2021-11-01,2021-11-26,INTU,21.21,3.4838,15.9,9.54,35.7,5.8647,608.81,666.91,610.0,56.91,0.6,False
2021-11-01,2021-11-26,JNJ,5.34,3.2757,2.4,-2.34,-5.34,-3.2757,163.02,159.2,165.0,0.0,0.99,False
2021-11-01,2021-11-26,JPM,3.85,2.2674,1.7,-4.63,-3.85,-2.2674,169.8,161.93,170.0,0.0,0.1,False
2021-11-01,2021-11-26,KO,0.58,1.0326,6.0,-4.34,-0.58,-1.0237,56.17,53.73,56.0,0.0,-0.08,False
2021-11-01,2021-11-26,LLY,5.3,2.1259,10.9,4.44,5.07,2.0356,249.31,260.37,250.0,10.37,0.35,False
2021-11-01,2021-11-26,MRK,2.19,2.4932,5.7,-9.88,-2.19,-2.4932,87.84,79.16,88.0,0.0,0.08,False
2021-11-01,2021-11-26,MSFT,7.76,2.356,16.3,0.09,-7.76,-2.3545,329.37,329.68,330.0,0.0,0.32,False
2021-11-01,2021-11-26,NFLX,17.32,2.5427,12.9,-90.23,-17.32,-2.542,681.17,66.56,680.0,0.0,-0.58,False
2021-11-01,2021-11-26,NKE,2.08,1.2505,13.0,1.02,0.94,0.5621,166.33,168.02,165.0,3.02,-0.67,False
2021-11-01,2021-11-26,NOW,18.09,2.6526,10.4,-80.95,-18.09,-2.6526,681.98,129.91,680.0,0.0,-0.99,False
2021-11-01,2021-11-26,NVDA,13.62,5.2736,30.9,-87.8,-13.62,-5.2716,258.27,31.5,260.0,0.0,0.87,False
2021-11-01,2021-11-26,ORCL,1.86,1.9708,5.7,-2.17,-1.86,-1.9708,94.38,92.33,94.0,0.0,-0.19,False
2021-11-01,2021-11-26,PEP,1.12,0.6945,7.4,-0.07,0.02,0.0124,161.26,161.14,160.0,1.14,-0.63,False
2021-11-01,2021-11-26,PG,2.06,1.4442,2.8,3.39,2.41,1.6896,142.64,147.47,143.0,4.47,0.18,False
2021-11-01,2021-11-26,QCOM,5.63,4.1762,6.4,30.36,35.11,26.0478,134.81,175.74,135.0,40.74,0.1,False
2021-11-01,2021-11-26,UNH,8.1,1.7837,17.3,-3.13,-8.1,-1.7826,454.11,439.91,455.0,0.0,0.45,False
2021-11-01,2021-11-26,WFC,2.15,4.1578,10.0,-6.34,-2.15,-4.1481,51.71,48.43,52.0,0.0,0.15,False
2021-11-01,2021-11-26,WMT,3.45,2.3032,10.4,-67.75,-3.45,-2.3066,149.79,48.3,150.0,0.0,0.1,False
2021-11-01,2021-11-26,XOM,2.39,3.6416,6.3,-6.67,-2.39,-3.634,65.63,61.25,66.0,0.0,0.19,False
2021-12-27,2022-01-21,AAPL,4.53,2.5121,21.1,-10.38,-4.53,-2.5148,180.33,161.62,180.0,0.0,-0.17,False
2021-12-27,2022-01-21,ABBV,3.24,2.4105,17.1,-1.67,-3.24,-2.4143,134.41,132.16,134.0,0.0,-0.21,False
2021-12-27,2022-01-21,ABT,2.96,2.0925,9.7,-12.47,-2.96,-2.0925,141.46,123.82,141.0,0.0,-0.23,False
2021-12-27,2022-01-21,AMZN,94.53,2.7857,2.3,-14.81,-94.53,-2.7856,3393.39,2890.88,3395.0,0.0,0.81,False
2021-12-27,2022-01-21,AVGO,18.06,2.6784,27.7,-19.68,-18.06,-2.6784,674.28,541.58,675.0,0.0,0.36,False
2021-12-27,2022-01-21,COST,13.73,2.4367,14.6,-13.23,-13.73,-2.4358,563.47,488.9,565.0,0.0,0.77,False
2021-12-27,2022-01-21,CVX,3.45,2.9043,3.7,7.06,4.73,3.9776,118.79,127.18,119.0,8.18,0.1,False
2021-12-27,2022-01-21,GOOG,68.84,2.3247,3.0,-11.95,-68.84,-2.3247,2961.28,2607.44,2960.0,0.0,-0.64,False
2021-12-27,2022-01-21,GOOGL,66.42,2.2453,3.1,-95.59,-66.42,-2.2452,2958.13,130.35,2960.0,0.0,0.94,False
2021-12-27,2022-01-21,HD,9.23,2.2841,10.3,-9.97,-9.23,-2.2829,404.09,363.81,405.0,0.0,0.46,False
2021-12-27,2022-01-21,IBM,3.09,2.3477,4.2,-2.13,-3.09,-2.3477,131.62,128.82,132.0,0.0,0.19,False
2021-12-27,2022-01-21,INTU,32.42,4.9665,7.2,-19.03,-32.42,-4.9673,652.77,528.55,655.0,0.0,1.11,False
2021-12-27,2022-01-21,JNJ,2.88,1.6974,4.1,-3.95,-2.88,-1.6945,169.67,162.97,170.0,0.0,0.17,False
2021-12-27,2022-01-21,KO,0.68,1.1594,4.4,2.23,0.77,1.3214,58.65,59.96,58.5,1.46,-0.08,False
2021-12-27,2022-01-21,LLY,7.49,2.6903,11.7,-13.65,-7.49,-2.6921,278.41,240.42,277.5,0.0,-0.46,False
2021-12-27,2022-01-21,MA,9.35,2.595,7.9,-3.02,-9.35,-2.5936,360.31,349.42,360.0,0.0,-0.15,False
2021-12-27,2022-01-21,MSFT,7.5,2.1901,4.0,-13.46,-7.5,-2.1916,342.45,296.37,342.5,0.0,0.02,False
2021-12-27,2022-01-21,NKE,3.68,2.196,0.8,-12.88,-3.68,-2.196,167.58,146.0,167.5,0.0,-0.04,False
2021-12-27,2022-01-21,NVDA,15.68,5.0671,19.8,-24.47,-15.68,-5.0654,309.45,233.72,310.0,0.0,0.28,False
2021-12-27,2022-01-21,PEP,3.83,2.2336,6.3,1.08,-3.0,-1.7525,171.47,173.33,172.5,0.83,0.51,False
2021-12-27,2022-01-21,PG,3.76,2.3214,13.6,-0.41,-3.76,-2.3245,161.97,161.3,162.5,0.0,0.26,False
2021-12-27,2022-01-21,QCOM,7.08,3.7997,38.2,-8.73,-7.08,-3.8024,186.33,170.07,187.5,0.0,0.58,False
2021-12-27,2022-01-21,TMO,13.69,2.0673,42.9,-12.36,-13.69,-2.0681,662.21,580.33,660.0,0.0,-1.11,False
2021-12-27,2022-01-21,TSLA,69.97,6.3961,40.0,-14.99,-69.97,-6.3961,1093.94,930.0,1095.0,0.0,0.53,False
2021-12-27,2022-01-21,UNH,12.28,2.4585,10.0,-7.45,-12.28,-2.4585,499.5,462.27,500.0,0.0,0.25,False
2021-12-27,2022-01-21,V,5.12,2.3526,2.4,-7.25,-5.12,-2.3549,217.63,201.85,217.5,0.0,-0.07,False
2022-01-24,2022-02-18,CVX,5.31,4.1752,7.1,4.91,1.11,0.8728,127.18,133.42,127.0,6.42,-0.09,False
2022-01-24,2022-02-18,KO,1.42,2.3682,2.2,4.3,1.12,1.8679,59.96,62.54,60.0,2.54,0.02,False
2022-01-24,2022-02-18,MRK,3.33,4.2243,3.0,-3.12,-3.33,-4.2306,78.83,76.37,79.0,0.0,0.08,False
2022-01-24,2022-02-18,PEP,5.28,3.0462,1.1,-3.24,-5.28,-3.0491,173.33,167.71,172.5,0.0,-0.42,False
2022-01-24,2022-02-18,WFC,1.92,3.6009,9.3,4.33,0.71,1.3316,53.32,55.63,53.0,2.63,-0.16,False
2022-01-24,2022-02-18,XOM,3.19,4.3825,17.6,6.28,1.17,1.6005,72.79,77.36,73.0,4.36,0.1,False
2022-02-18,2022-03-18,AAPL,3.44,2.0562,3.5,-1.98,-3.44,-2.0562,167.3,163.98,165.0,0.0,-1.15,False
2022-02-18,2022-03-18,ABBV,4.79,3.3257,9.0,10.53,9.41,6.5368,144.03,159.2,145.0,14.2,0.49,False
2022-02-18,2022-03-18,AMZN,114.13,3.7395,5.6,-94.72,-114.13,-3.7396,3052.03,161.25,3050.0,0.0,-1.02,False
2022-02-18,2022-03-18,AVGO,27.77,4.788,7.1,-89.48,-27.77,-4.7889,579.99,61.04,580.0,0.0,0.0,False
2022-02-18,2022-03-18,BAC,1.71,3.7206,3.2,-6.66,-1.71,-3.7206,45.96,42.9,46.0,0.0,0.02,False
2022-02-18,2022-03-18,BX,6.82,5.5062,13.2,-0.82,-6.82,-5.5062,123.86,122.85,125.0,0.0,0.57,False
2022-02-18,2022-03-18,COST,19.23,3.751,4.9,9.5,27.12,5.2909,512.67,561.35,515.0,46.35,1.17,False
2022-02-18,2022-03-18,CVX,5.89,4.4146,4.9,21.22,20.84,15.6198,133.42,161.73,135.0,26.73,0.79,False
2022-02-18,2022-03-18,DIS,3.87,2.5568,10.1,-7.31,-3.87,-2.5568,151.36,140.3,150.0,0.0,-0.68,False
2022-02-18,2022-03-18,GOOG,93.14,3.5695,0.1,-94.76,-93.14,-3.5693,2609.35,136.8,2610.0,0.0,0.33,False
2022-02-18,2022-03-18,JNJ,5.02,3.073,0.2,7.03,4.82,2.9505,163.36,174.84,165.0,9.84,0.82,False
2022-02-18,2022-03-18,JPM,2.63,1.7287,5.0,-7.91,-2.63,-1.7287,152.14,140.1,150.0,0.0,-1.07,False
2022-02-18,2022-03-18,KO,1.48,2.3665,4.3,-3.9,-1.48,-2.3665,62.54,60.1,62.5,0.0,-0.02,False
2022-02-18,2022-03-18,MA,13.12,3.5464,5.9,-5.37,-13.12,-3.5478,369.95,350.09,370.0,0.0,0.02,False
2022-02-18,2022-03-18,NFLX,17.8,4.5491,1.1,-90.27,-17.8,-4.5503,391.29,38.06,390.0,0.0,-0.65,False
2022-02-18,2022-03-18,NVDA,14.1,5.964,1.2,-88.81,-14.1,-5.964,236.42,26.45,235.0,0.0,-0.71,False
2022-02-18,2022-03-18,UNH,16.6,3.5484,1.2,8.19,19.52,4.1737,467.81,506.12,470.0,36.12,1.1,False
2022-02-18,2022-03-18,V,9.45,4.2436,10.3,-1.61,-9.45,-4.2458,222.69,219.11,225.0,0.0,1.15,False
2022-02-18,2022-03-18,WFC,1.48,2.6604,4.3,-7.57,-1.48,-2.6694,55.63,51.42,55.0,0.0,-0.32,False
2022-02-18,2022-03-18,XOM,2.89,3.7358,6.3,1.69,-1.72,-2.2234,77.36,78.67,77.5,1.17,0.07,False
2022-04-18,2022-05-13,ABBV,5.32,3.3384,10.6,-2.44,-5.32,-3.3384,159.36,155.47,160.0,0.0,0.32,False
2022-04-18,2022-05-13,AMZN,138.94,4.5469,0.1,-27.47,-138.94,-4.5469,3055.7,2216.21,3055.0,0.0,-0.35,False
2022-04-18,2022-05-13,AVGO,20.05,3.4186,1.1,-0.65,-20.05,-3.4186,586.5,582.67,585.0,0.0,-0.75,False
2022-04-18,2022-05-13,CMCSA,1.33,2.8382,0.5,-10.65,-1.33,-2.8382,46.86,41.87,47.0,0.0,0.07,False
2022-04-18,2022-05-13,COST,11.89,2.0425,13.5,-15.05,-11.89,-2.0425,582.12,494.53,580.0,0.0,-1.06,False
2022-04-18,2022-05-13,CVX,6.57,3.7783,30.3,-0.51,-6.57,-3.7754,173.89,173.01,175.0,0.0,0.56,False
2022-04-18,2022-05-13,IBM,4.69,3.7172,1.5,7.02,4.34,3.4438,126.17,135.03,126.0,9.03,-0.08,False
2022-04-18,2022-05-13,JNJ,6.12,3.4448,8.8,0.24,-6.12,-3.4448,177.66,178.08,180.0,0.0,1.17,False
2022-04-18,2022-05-13,KO,0.83,1.288,3.0,2.36,1.13,1.7536,64.44,65.96,64.0,1.96,-0.22,False
2022-04-18,2022-05-13,LLY,10.51,3.5172,24.3,0.19,-10.51,-3.5172,298.82,299.38,300.0,0.0,0.59,False
2022-04-18,2022-05-13,MRK,1.96,2.2772,12.7,7.26,4.36,5.0715,86.07,92.32,86.0,6.32,-0.03,False
2022-04-18,2022-05-13,ORCL,1.97,2.5185,4.9,-10.88,-1.97,-2.5185,78.22,69.71,78.0,0.0,-0.11,False
2022-04-18,2022-05-13,PEP,3.34,1.9599,1.6,2.96,2.13,1.2499,170.42,175.47,170.0,5.47,-0.21,False
2022-04-18,2022-05-13,TSLA,61.35,6.1088,17.2,-27.87,-61.35,-6.1093,1004.29,724.37,1005.0,0.0,0.35,False
2022-04-18,2022-05-13,UNH,15.58,2.9172,14.2,-8.4,-15.58,-2.9172,534.08,489.22,535.0,0.0,0.46,False
2022-04-18,2022-05-13,WMT,2.71,1.7385,13.0,-4.92,-2.71,-1.7385,155.88,148.21,155.0,0.0,-0.44,False
2022-04-18,2022-05-13,XOM,3.93,4.4382,14.5,2.71,-1.99,-2.2417,88.55,90.95,89.0,1.95,0.22,False
2022-05-16,2022-06-10,IBM,3.77,2.792,7.0,0.06,-3.65,-2.7068,135.03,135.11,135.0,0.11,-0.01,False
2022-05-16,2022-06-10,JNJ,6.04,3.3917,0.2,-4.08,-6.04,-3.3917,178.08,170.81,180.0,0.0,0.96,False
2022-05-16,2022-06-10,KO,1.53,2.3196,2.4,-7.0,-1.53,-2.3196,65.96,61.34,66.0,0.0,0.02,False
2022-05-16,2022-06-10,LLY,9.97,3.3302,0.2,-2.71,-9.97,-3.3302,299.38,291.28,300.0,0.0,0.31,False
2022-05-16,2022-06-10,MRK,2.04,2.2097,7.3,-7.93,-2.04,-2.2097,92.32,85.0,92.0,0.0,-0.16,False
2022-05-16,2022-06-10,PEP,3.96,2.2568,3.0,-8.96,-3.96,-2.2596,175.47,159.74,175.0,0.0,-0.24,False
2022-05-16,2022-06-10,XOM,3.43,3.7713,2.7,5.39,1.42,1.5668,90.95,95.85,91.0,4.85,0.03,False
2022-06-13,2022-07-08,CRM,7.69,4.6317,1.2,5.02,1.68,1.0089,166.03,174.36,165.0,9.36,-0.51,False
2022-06-13,2022-07-08,IBM,4.14,3.0642,0.1,4.36,1.86,1.373,135.11,141.0,135.0,6.0,-0.06,False
2022-06-13,2022-07-08,INTU,21.21,5.8271,1.2,10.6,16.35,4.4933,363.99,402.56,365.0,37.56,0.51,False
2022-06-13,2022-07-08,NOW,6.52,1.4806,1.7,11.36,43.89,9.9655,440.37,490.4,440.0,50.4,-0.18,False
2022-06-13,2022-07-08,XOM,3.95,4.121,5.4,-10.65,-3.95,-4.1158,95.85,85.64,96.0,0.0,0.08,False
2022-07-11,2022-08-05,AAPL,5.82,4.0174,9.8,13.81,14.05,9.7018,144.87,164.87,145.0,19.87,0.07,False
2022-07-11,2022-08-05,ABBV,7.19,4.6923,9.9,-8.41,-7.19,-4.689,153.23,140.34,155.0,0.0,0.89,False
2022-07-11,2022-08-05,ABT,3.66,3.3612,2.8,0.1,-3.66,-3.3566,108.89,109.0,109.0,0.0,0.06,False
2022-07-11,2022-08-05,ADBE,16.44,4.2795,3.4,13.06,32.9,8.5641,384.16,434.34,385.0,49.34,0.42,False
2022-07-11,2022-08-05,AMZN,6.41,5.736,7.8,24.75,21.01,18.7964,111.75,139.41,112.0,27.41,0.12,False
2022-07-11,2022-08-05,COST,14.94,2.9946,10.3,8.62,26.96,5.4039,498.9,541.9,500.0,41.9,0.55,False
2022-07-11,2022-08-05,CRM,8.02,4.5997,5.0,8.83,6.73,3.8598,174.36,189.75,175.0,14.75,0.32,False
2022-07-11,2022-08-05,GOOG,108.06,4.6369,9.0,-94.93,-108.06,-4.6367,2330.45,118.14,2330.0,0.0,-0.22,False
2022-07-11,2022-08-05,GOOGL,106.72,4.6129,8.7,-94.93,-106.72,-4.6126,2313.53,117.3,2315.0,0.0,0.74,False
2022-07-11,2022-08-05,HD,7.33,2.5594,1.1,8.93,19.64,6.856,286.39,311.97,285.0,26.97,-0.7,False
2022-07-11,2022-08-05,IBM,4.82,3.4184,4.4,-5.95,-4.82,-3.4184,141.0,132.61,141.0,0.0,0.0,False
2022-07-11,2022-08-05,INTU,14.75,3.6641,10.6,15.95,52.01,12.9198,402.56,466.76,400.0,66.76,-1.28,False
2022-07-11,2022-08-05,JNJ,5.22,2.9268,4.4,-4.57,-5.22,-2.9296,178.35,170.2,180.0,0.0,0.82,False
2022-07-11,2022-08-05,KO,1.73,2.7486,2.6,0.05,-1.73,-2.7487,62.94,62.97,63.0,0.0,0.03,False
2022-07-11,2022-08-05,LLY,11.46,3.4615,13.7,-8.63,-11.46,-3.463,331.07,302.5,330.0,0.0,-0.54,False
2022-07-11,2022-08-05,MA,13.75,4.2413,1.4,8.63,13.41,4.1349,324.19,352.16,325.0,27.16,0.4,False
2022-07-11,2022-08-05,MRK,2.25,2.386,10.9,-6.16,-2.25,-2.386,94.3,88.49,94.0,0.0,-0.15,False
2022-07-11,2022-08-05,MSFT,10.09,3.8146,9.2,5.98,5.23,1.9754,264.51,280.32,265.0,15.32,0.24,False
2022-07-11,2022-08-05,NFLX,12.58,7.0937,4.5,31.66,45.91,25.8881,177.34,233.49,175.0,58.49,-1.17,False
2022-07-11,2022-08-05,NOW,31.65,6.4539,11.4,0.93,-26.7,-5.4445,490.4,494.95,490.0,4.95,-0.2,False
2022-07-11,2022-08-05,ORCL,2.37,3.3114,11.7,6.85,2.11,2.9412,71.57,76.47,72.0,4.47,0.22,False
2022-07-11,2022-08-05,PEP,3.87,2.2702,6.7,1.98,-0.02,-0.0147,170.47,173.85,170.0,3.85,-0.24,False
2022-07-11,2022-08-05,PG,3.62,2.4788,5.7,-0.53,-3.35,-2.2939,146.04,145.27,145.0,0.27,-0.52,False
2022-07-11,2022-08-05,QCOM,6.73,5.0892,2.8,11.77,9.08,6.8663,132.24,147.81,132.0,15.81,-0.12,False
2022-07-11,2022-08-05,TSLA,55.48,7.8916,8.6,23.93,110.79,15.7582,703.03,871.27,705.0,166.27,0.98,False
2022-07-11,2022-08-05,UNH,13.3,2.5728,10.1,3.8,8.29,1.6046,516.95,536.6,515.0,21.6,-0.98,False
2022-07-11,2022-08-05,V,7.37,3.5941,6.7,4.03,0.95,0.4633,205.06,213.32,205.0,8.32,-0.03,False
2022-07-11,2022-08-05,WFC,2.08,5.2274,2.1,8.54,1.1,2.7771,39.79,43.19,40.0,3.19,0.1,False
2022-07-11,2022-08-05,WMT,2.61,2.0805,5.1,1.72,0.0,0.004,125.45,127.61,125.0,2.61,-0.22,False
2022-08-08,2022-09-02,AAPL,4.37,2.6506,13.8,-5.5,-4.37,-2.6475,164.87,155.81,165.0,0.0,0.07,False
2022-08-08,2022-09-02,ABT,2.4,2.2018,0.1,-5.96,-2.4,-2.2018,109.0,102.5,109.0,0.0,0.0,False
2022-08-08,2022-09-02,ADBE,13.43,3.092,13.1,-15.24,-13.43,-3.092,434.34,368.14,435.0,0.0,0.33,False
2022-08-08,2022-09-02,AMZN,4.79,3.4359,24.8,-8.54,-4.79,-3.4395,139.41,127.51,139.0,0.0,-0.21,False
2022-08-08,2022-09-02,AVGO,20.43,3.745,13.0,-8.31,-20.43,-3.7459,545.53,500.22,545.0,0.0,-0.27,False
2022-08-08,2022-09-02,BAC,0.65,1.9409,6.5,-0.18,-0.22,-0.6718,33.49,33.43,33.0,0.43,-0.25,False
2022-08-08,2022-09-02,BX,5.11,4.9752,7.9,-8.66,-5.11,-4.9703,102.71,93.82,103.0,0.0,0.15,False
2022-08-08,2022-09-02,COST,11.57,2.1351,8.6,-4.21,-11.57,-2.1351,541.9,519.11,540.0,0.0,-0.95,False
2022-08-08,2022-09-02,CRM,7.5,3.9526,8.8,-19.0,-7.5,-3.9499,189.75,153.69,190.0,0.0,0.12,False
2022-08-08,2022-09-02,DIS,4.46,4.0876,16.5,1.92,-2.27,-2.0759,109.11,111.2,109.0,2.2,-0.06,False
2022-08-08,2022-09-02,HD,9.36,3.0003,8.9,-6.43,-9.36,-3.0019,311.97,291.9,310.0,0.0,-0.99,False
2022-08-08,2022-09-02,INTU,19.85,4.2527,15.9,-10.01,-19.85,-4.2527,466.76,420.06,465.0,0.0,-0.88,False
2022-08-08,2022-09-02,JPM,2.69,2.3524,1.3,-0.56,-2.69,-2.3481,114.35,113.71,114.0,0.0,-0.17,False
2022-08-08,2022-09-02,KO,1.19,1.8898,0.0,-2.89,-1.19,-1.8977,62.97,61.15,63.0,0.0,0.01,False
2022-08-08,2022-09-02,MA,8.72,2.4761,8.6,-8.41,-8.72,-2.4761,352.16,322.56,350.0,0.0,-1.08,False
2022-08-08,2022-09-02,META,7.21,4.2349,4.5,-5.83,-7.21,-4.2379,170.25,160.32,170.0,0.0,-0.12,False
2022-08-08,2022-09-02,MSFT,6.96,2.4829,6.0,-8.65,-6.96,-2.4829,280.32,256.06,280.0,0.0,-0.16,False
2022-08-08,2022-09-02,NFLX,12.5,5.3535,31.7,-3.16,-12.5,-5.3557,233.49,226.11,235.0,0.0,0.75,False
2022-08-08,2022-09-02,NKE,3.75,3.2895,8.5,-7.25,-3.75,-3.2895,114.0,105.74,114.0,0.0,0.0,False
2022-08-08,2022-09-02,NOW,23.03,4.653,0.9,-82.44,-23.03,-4.652,494.95,86.9,495.0,0.0,0.03,False
2022-08-08,2022-09-02,NVDA,12.14,6.8229,17.4,-23.3,-12.14,-6.8201,177.93,136.47,180.0,0.0,1.04,False
2022-08-08,2022-09-02,ORCL,1.37,1.7916,6.8,-2.34,-1.37,-1.7981,76.47,74.68,76.0,0.0,-0.24,False
2022-08-08,2022-09-02,PEP,4.18,2.4044,2.0,-1.83,-4.18,-2.4072,173.85,170.66,175.0,0.0,0.57,False
2022-08-08,2022-09-02,QCOM,5.87,3.9713,11.8,-13.08,-5.87,-3.9679,147.81,128.48,148.0,0.0,0.1,False
2022-08-08,2022-09-02,TSLA,49.63,5.6963,23.9,-68.99,-49.63,-5.6969,871.27,270.21,870.0,0.0,-0.64,False
2022-08-08,2022-09-02,UNH,14.75,2.7488,3.8,-3.77,-14.75,-2.7488,536.6,516.35,535.0,0.0,-0.8,False
2022-08-08,2022-09-02,V,8.14,3.8159,4.0,-7.29,-8.14,-3.8159,213.32,197.76,215.0,0.0,0.84,False
2022-08-08,2022-09-02,WFC,1.05,2.4311,8.5,0.44,-0.66,-1.5397,43.19,43.38,43.0,0.38,-0.09,False
2022-08-08,2022-09-02,WMT,4.59,3.5969,1.7,4.22,0.4,0.3174,127.61,133.0,128.0,5.0,0.19,False
2022-08-08,2022-09-02,XOM,3.48,3.9123,3.9,7.46,3.11,3.502,88.95,95.59,89.0,6.59,0.03,False
2022-09-02,2022-09-30,CVX,5.82,3.687,2.9,-3.88,-5.82,-3.6902,157.85,151.73,157.5,0.0,-0.18,False
2022-09-02,2022-09-30,DIS,3.8,3.4173,1.9,-12.65,-3.8,-3.4173,111.2,97.13,111.0,0.0,-0.1,False
2022-09-02,2022-09-30,TMO,10.5,1.9317,1.2,-3.79,-10.5,-1.9308,543.55,522.93,540.0,0.0,-1.77,False
2022-09-02,2022-09-30,WFC,1.23,2.8354,0.4,-4.15,-1.23,-2.8354,43.38,41.58,43.0,0.0,-0.19,False
2022-09-02,2022-09-30,WMT,3.2,2.406,4.2,-0.35,-3.2,-2.406,133.0,132.53,133.0,0.0,0.0,False
2022-09-02,2022-09-30,XOM,4.51,4.7181,7.5,-3.84,-4.51,-4.7128,95.59,91.92,96.0,0.0,0.21,False
2022-10-03,2022-10-28,ABBV,6.84,4.9451,1.5,5.84,-0.44,-0.3181,138.32,146.4,140.0,6.4,0.84,False
2022-10-03,2022-10-28,JNJ,5.35,3.2782,0.3,6.6,3.62,2.2181,163.2,173.97,165.0,8.97,0.9,False
2022-10-03,2022-10-28,LLY,10.37,3.225,6.7,12.61,31.72,9.8663,321.55,362.09,320.0,42.09,-0.77,False
2022-10-03,2022-10-28,MRK,3.87,4.4203,1.5,15.59,9.32,10.6511,87.55,101.2,88.0,13.2,0.22,False
2022-10-03,2022-10-28,NFLX,20.23,8.463,5.7,22.11,31.65,13.2405,239.04,291.88,240.0,51.88,0.48,False
2022-10-31,2022-11-25,AAPL,4.43,2.889,7.6,-5.95,-4.43,-2.889,153.34,144.22,152.5,0.0,-0.42,False
2022-10-31,2022-11-25,ABBV,3.7,2.5273,5.8,8.22,8.73,5.9631,146.4,158.43,146.0,12.43,-0.2,False
2022-10-31,2022-11-25,ADBE,13.0,4.0816,11.7,3.29,-4.03,-1.2653,318.5,328.97,320.0,8.97,0.75,False
2022-10-31,2022-11-25,AVGO,17.14,3.6459,2.9,11.08,35.07,7.4598,470.12,522.21,470.0,52.21,-0.06,False
2022-10-31,2022-11-25,BAC,1.1,3.0522,15.9,2.28,-0.24,-0.6659,36.04,36.86,36.0,0.86,-0.02,False
2022-10-31,2022-11-25,BX,3.83,4.2023,5.4,-3.34,-3.83,-4.2023,91.14,88.1,91.0,0.0,-0.07,False
2022-10-31,2022-11-25,CMCSA,1.53,4.8204,3.6,12.13,2.06,6.4902,31.74,35.59,32.0,3.59,0.13,False
2022-10-31,2022-11-25,COST,12.35,2.4626,5.0,5.87,18.57,3.7029,501.5,530.92,500.0,30.92,-0.75,False
2022-10-31,2022-11-25,CRM,6.43,3.9547,9.9,-5.47,-6.43,-3.9517,162.59,153.69,162.5,0.0,-0.04,False
2022-10-31,2022-11-25,CVX,5.4,2.9851,19.2,-1.4,-5.4,-2.9851,180.9,178.36,180.0,0.0,-0.45,False
2022-10-31,2022-11-25,DIS,4.9,4.5992,9.7,-10.18,-4.9,-4.5992,106.54,95.69,107.0,0.0,0.23,False
2022-10-31,2022-11-25,HD,9.0,3.0392,4.4,7.7,14.92,5.0366,296.13,318.92,295.0,23.92,-0.57,False
2022-10-31,2022-11-25,IBM,3.61,2.6105,13.8,5.71,4.57,3.3083,138.29,146.18,138.0,8.18,-0.14,False
2022-10-31,2022-11-25,INTU,15.64,3.6585,7.7,-9.79,-15.64,-3.6585,427.5,385.64,425.0,0.0,-1.25,False
2022-10-31,2022-11-25,JNJ,4.76,2.7361,6.6,1.93,-2.43,-1.3997,173.97,177.33,175.0,2.33,0.51,False
2022-10-31,2022-11-25,JPM,3.21,2.55,16.8,6.73,5.14,4.0833,125.88,134.35,126.0,8.35,0.06,False
2022-10-31,2022-11-25,KO,1.36,2.2723,5.6,4.76,1.34,2.2473,59.85,62.7,60.0,2.7,0.08,False
2022-10-31,2022-11-25,LLY,10.96,3.0269,12.6,1.02,-5.19,-1.432,362.09,365.77,360.0,5.77,-1.04,False
2022-10-31,2022-11-25,MA,11.26,3.431,13.0,5.0,3.33,1.0147,328.18,344.59,330.0,14.59,0.91,False
2022-10-31,2022-11-25,MRK,2.29,2.2628,15.6,7.16,5.16,5.0988,101.2,108.45,101.0,7.45,-0.1,False
2022-10-31,2022-11-25,NFLX,12.56,4.3031,22.1,-3.67,-12.56,-4.3031,291.88,281.17,290.0,0.0,-0.94,False
2022-10-31,2022-11-25,NKE,3.41,3.6793,8.5,13.25,8.55,9.2253,92.68,104.96,93.0,11.96,0.16,False
2022-10-31,2022-11-25,NOW,18.33,4.3566,7.4,-4.47,-18.33,-4.3566,420.74,401.93,420.0,0.0,-0.37,False
2022-10-31,2022-11-25,NVDA,9.02,6.683,7.9,17.26,14.25,10.5616,134.97,158.27,135.0,23.27,0.02,False
2022-10-31,2022-11-25,ORCL,2.32,2.9717,23.8,4.25,1.07,1.377,78.07,81.39,78.0,3.39,-0.03,False
2022-10-31,2022-11-25,PEP,1.93,1.0629,9.9,1.27,1.96,1.0794,181.58,183.89,180.0,3.89,-0.79,False
2022-10-31,2022-11-25,PG,3.05,2.2648,4.8,8.86,8.56,6.3526,134.67,146.6,135.0,11.6,0.17,False
2022-10-31,2022-11-25,QCOM,7.42,6.3063,0.4,1.6,-5.88,-4.9974,117.66,119.54,118.0,1.54,0.17,False
2022-10-31,2022-11-25,UNH,11.92,2.1472,7.7,-4.12,-11.92,-2.1481,555.15,532.27,555.0,0.0,-0.08,False
2022-10-31,2022-11-25,V,3.72,1.7957,14.0,1.98,2.54,1.2261,207.16,211.26,205.0,6.26,-1.08,False
2022-10-31,2022-11-25,WFC,1.46,3.1746,10.6,2.15,-0.48,-1.0546,45.99,46.98,46.0,0.98,0.0,False
2022-10-31,2022-11-25,WMT,3.81,2.6769,7.4,7.85,7.7,5.4135,142.33,153.51,142.0,11.51,-0.16,False
2022-10-31,2022-11-25,XOM,4.12,3.7181,20.6,-0.9,-4.12,-3.7136,110.81,109.81,111.0,0.0,0.1,False
2022-11-28,2022-12-23,ABBV,2.57,1.6222,8.2,2.95,3.04,1.9157,158.43,163.1,157.5,5.6,-0.46,False
2022-11-28,2022-12-23,ABT,1.25,1.1861,6.5,2.65,1.94,1.836,105.39,108.18,105.0,3.18,-0.19,False
2022-11-28,2022-12-23,ADBE,15.16,4.6083,3.3,2.88,-6.71,-2.0412,328.97,338.45,330.0,8.45,0.51,False
2022-11-28,2022-12-23,AVGO,16.92,3.2401,11.1,5.79,15.51,2.9691,522.21,552.43,520.0,32.43,-1.11,False
2022-11-28,2022-12-23,BAC,1.22,3.3098,2.3,-11.91,-1.22,-3.3098,36.86,32.47,37.0,0.0,0.07,False
2022-11-28,2022-12-23,CMCSA,0.58,1.6297,12.1,-1.26,-0.45,-1.2504,35.59,35.14,35.0,0.14,-0.3,False
2022-11-28,2022-12-23,COST,15.14,2.8517,5.9,-12.86,-15.14,-2.8517,530.92,462.65,530.0,0.0,-0.46,False
2022-11-28,2022-12-23,GOOG,3.1,3.2208,1.7,-6.69,-3.1,-3.226,96.25,89.81,96.0,0.0,-0.12,False
2022-11-28,2022-12-23,GOOGL,3.18,3.3108,1.6,-7.1,-3.18,-3.316,96.05,89.23,96.0,0.0,-0.03,False
2022-11-28,2022-12-23,HD,11.39,3.5714,7.7,-0.06,-11.39,-3.5714,318.92,318.73,320.0,0.0,0.54,False
2022-11-28,2022-12-23,IBM,2.95,2.0181,5.7,-3.1,-2.95,-2.0181,146.18,141.65,146.0,0.0,-0.09,False
2022-11-28,2022-12-23,JNJ,0.68,0.3835,1.9,0.08,1.79,1.0122,177.33,177.48,175.0,2.48,-1.17,False
2022-11-28,2022-12-23,JPM,3.02,2.2479,6.7,-2.29,-3.02,-2.2516,134.35,131.28,134.0,0.0,-0.18,False
2022-11-28,2022-12-23,KO,1.52,2.4242,4.8,1.79,-0.7,-1.1164,62.7,63.82,63.0,0.82,0.15,False
2022-11-28,2022-12-23,LLY,15.49,4.2349,1.0,0.58,-12.59,-3.4407,365.77,367.9,365.0,2.9,-0.38,False
2022-11-28,2022-12-23,MA,9.21,2.6727,5.0,-0.29,-9.21,-2.6713,344.59,343.6,345.0,0.0,0.21,False
2022-11-28,2022-12-23,META,5.13,4.7159,16.8,8.51,3.91,3.5944,108.78,118.04,109.0,9.04,0.11,False
2022-11-28,2022-12-23,MRK,2.28,2.1024,7.2,3.14,1.58,1.4615,108.45,111.86,108.0,3.86,-0.22,False
2022-11-28,2022-12-23,MSFT,5.82,2.4073,4.1,-1.25,-5.82,-2.4073,241.76,238.73,240.0,0.0,-0.88,False
2022-11-28,2022-12-23,NKE,5.52,5.2591,13.2,10.76,5.73,5.4592,104.96,116.25,105.0,11.25,0.02,False
2022-11-28,2022-12-23,NVDA,7.62,4.8146,17.3,-3.92,-7.62,-4.8114,158.27,152.06,157.5,0.0,-0.38,False
2022-11-28,2022-12-23,ORCL,2.31,2.8382,4.3,-0.66,-2.31,-2.832,81.39,80.85,81.0,0.0,-0.19,False
2022-11-28,2022-12-23,PEP,4.63,2.5178,1.3,-0.89,-4.63,-2.5151,183.89,182.26,185.0,0.0,0.56,False
2022-11-28,2022-12-23,PG,2.93,1.9986,8.9,4.11,2.69,1.8349,146.6,152.62,147.0,5.62,0.2,False
2022-11-28,2022-12-23,QCOM,5.64,4.7181,1.6,-7.28,-5.64,-4.7181,119.54,110.84,120.0,0.0,0.23,False
2022-11-28,2022-12-23,TMO,12.68,2.348,3.3,0.12,-12.0,-2.223,540.03,540.68,540.0,0.68,-0.02,False
2022-11-28,2022-12-23,V,4.67,2.2105,2.0,-2.57,-4.67,-2.2105,211.26,205.83,210.0,0.0,-0.63,False
2022-11-28,2022-12-23,WFC,1.28,2.7246,2.2,-12.77,-1.28,-2.7246,46.98,40.98,47.0,0.0,0.01,False
2022-11-28,2022-12-23,WMT,2.2,1.4331,7.9,-6.34,-2.2,-1.4299,153.51,143.77,152.5,0.0,-0.5,False
2022-12-23,2023-01-20,ABBV,3.7,2.2685,2.9,-8.92,-3.7,-2.2685,163.1,148.55,162.5,0.0,-0.3,False
2022-12-23,2023-01-20,ABT,2.68,2.4774,2.6,5.39,3.33,3.0782,108.18,114.01,108.0,6.01,-0.09,False
2022-12-23,2023-01-20,ADBE,11.98,3.5397,2.9,7.84,15.5,4.5782,338.45,364.98,337.5,27.48,-0.48,False
2022-12-23,2023-01-20,AVGO,14.58,2.6392,5.8,5.29,17.04,3.0855,552.43,581.63,550.0,31.63,-1.22,False
2022-12-23,2023-01-20,JNJ,2.8,1.5776,0.1,-5.17,-2.8,-1.5776,177.48,168.31,177.5,0.0,0.01,False
2022-12-23,2023-01-20,KO,1.2,1.8803,1.8,-5.63,-1.2,-1.8803,63.82,60.23,64.0,0.0,0.09,False
2022-12-23,2023-01-20,LLY,9.99,2.7154,0.6,-6.98,-9.99,-2.7154,367.9,342.21,367.5,0.0,-0.2,False
2022-12-23,2023-01-20,META,5.63,4.7696,8.5,21.37,19.64,16.6384,118.04,143.27,118.0,25.27,-0.02,False
2022-12-23,2023-01-20,MRK,2.38,2.1277,3.1,-1.77,-2.38,-2.1277,111.86,109.88,112.0,0.0,0.07,False
2022-12-23,2023-01-20,NFLX,20.27,6.8721,4.9,21.18,42.15,14.2901,294.96,357.42,295.0,62.42,0.02,False
2022-12-23,2023-01-20,NKE,3.42,2.9419,10.8,10.36,8.86,7.6258,116.25,128.29,116.0,12.29,-0.12,False
2022-12-23,2023-01-20,PG,3.19,2.0902,4.1,-7.58,-3.19,-2.0902,152.62,141.05,152.5,0.0,-0.06,False
2022-12-23,2023-01-20,TMO,19.01,3.5159,0.1,11.86,45.81,8.4727,540.68,604.82,540.0,64.82,-0.34,False
2023-01-23,2023-02-17,AAPL,4.69,3.3236,7.0,8.11,6.86,4.8579,141.11,152.55,141.0,11.55,-0.06,False
2023-01-23,2023-02-17,ABT,2.78,2.4384,5.4,-6.38,-2.78,-2.4428,114.01,106.74,114.0,0.0,-0.01,False
2023-01-23,2023-02-17,ADBE,12.41,3.4002,7.8,-2.23,-12.41,-3.4002,364.98,356.85,365.0,0.0,0.01,False
2023-01-23,2023-02-17,AMZN,5.59,5.7322,14.4,-0.33,-5.59,-5.7322,97.52,97.2,98.0,0.0,0.24,False
2023-01-23,2023-02-17,AVGO,17.24,2.9641,5.3,-89.76,-17.24,-2.9632,581.63,59.56,582.5,0.0,0.44,False
2023-01-23,2023-02-17,BAC,1.0,2.9138,5.7,3.0,-0.15,-0.4371,34.32,35.35,34.5,0.85,0.09,False
2023-01-23,2023-02-17,BX,4.73,5.3854,17.2,6.48,0.78,0.8938,87.83,93.52,88.0,5.52,0.08,False
2023-01-23,2023-02-17,CMCSA,1.7,4.2226,14.6,-2.83,-1.7,-4.2226,40.26,39.12,40.5,0.0,0.12,False
2023-01-23,2023-02-17,COST,11.84,2.4035,6.5,3.02,3.15,0.6384,492.61,507.48,492.5,14.98,-0.05,False
2023-01-23,2023-02-17,CRM,4.52,2.8999,20.4,5.97,5.65,3.628,155.87,165.17,155.0,10.17,-0.43,False
2023-01-23,2023-02-17,CVX,5.12,2.8341,1.3,-9.86,-5.12,-2.8341,180.66,162.85,180.0,0.0,-0.33,False
2023-01-23,2023-02-17,DIS,4.63,4.3807,20.1,-0.44,-4.63,-4.3855,105.69,105.22,106.0,0.0,0.15,False
2023-01-23,2023-02-17,GOOG,3.7,3.6558,12.7,-6.54,-3.7,-3.6508,101.21,94.59,101.0,0.0,-0.1,False
2023-01-23,2023-02-17,GOOGL,4.1,4.1086,11.8,-5.45,-4.1,-4.1136,99.79,94.35,100.0,0.0,0.1,False
2023-01-23,2023-02-17,IBM,4.77,3.3625,0.1,-4.82,-4.77,-3.3625,141.86,135.02,142.0,0.0,0.07,False
2023-01-23,2023-02-17,INTU,16.7,4.0732,6.6,-1.37,-16.7,-4.0732,410.0,404.38,410.0,0.0,0.0,False
2023-01-23,2023-02-17,JPM,2.61,1.9014,4.6,3.62,2.63,1.9123,137.27,142.24,137.0,5.24,-0.14,False
2023-01-23,2023-02-17,MA,9.91,2.6177,10.2,-4.61,-9.91,-2.6191,378.57,361.13,377.5,0.0,-0.54,False
2023-01-23,2023-02-17,META,8.41,5.87,21.4,20.67,21.47,14.9822,143.27,172.88,143.0,29.88,-0.14,False
2023-01-23,2023-02-17,MSFT,8.31,3.4257,1.6,6.38,7.25,2.9887,242.58,258.06,242.5,15.56,-0.04,False
2023-01-23,2023-02-17,NFLX,14.73,4.1212,21.2,-2.65,-14.73,-4.1212,357.42,347.96,357.5,0.0,0.04,False
2023-01-23,2023-02-17,NKE,3.01,2.3462,10.4,-2.69,-3.01,-2.3424,128.29,124.84,128.0,0.0,-0.14,False
2023-01-23,2023-02-17,NOW,21.31,4.8165,15.9,-0.78,-21.31,-4.8165,442.44,439.01,440.0,0.0,-1.22,False
2023-01-23,2023-02-17,NVDA,10.33,5.3822,26.2,11.44,11.05,5.7547,191.93,213.88,192.5,21.38,0.28,False
2023-01-23,2023-02-17,ORCL,2.26,2.5402,10.0,-1.9,-2.26,-2.5458,88.97,87.28,89.0,0.0,0.01,False
2023-01-23,2023-02-17,QCOM,4.84,3.6938,18.2,-2.53,-4.84,-3.69,131.03,127.72,130.0,0.0,-0.51,False
2023-01-23,2023-02-17,TMO,17.25,2.8521,11.9,-7.46,-17.25,-2.8521,604.82,559.7,605.0,0.0,0.09,False
2023-01-23,2023-02-17,TSLA,11.68,8.1252,16.7,44.91,51.63,35.92,143.75,208.31,145.0,63.31,0.62,False
2023-01-23,2023-02-17,V,7.34,3.2742,8.9,-0.28,-7.34,-3.2742,224.18,223.56,225.0,0.0,0.41,False
2023-01-23,2023-02-17,WFC,1.28,2.8425,9.9,5.46,1.22,2.6982,45.03,47.49,45.0,2.49,-0.01,False
2023-01-23,2023-02-17,XOM,3.87,3.4321,3.8,-1.31,-3.87,-3.4321,112.76,111.28,113.0,0.0,0.12,False
2023-02-17,2023-03-17,AAPL,6.72,4.4051,8.1,3.18,-4.33,-2.8351,152.55,157.4,155.0,2.4,1.22,False
2023-02-17,2023-03-17,ABBV,1.85,1.2227,1.9,3.18,4.27,2.8253,151.31,156.12,150.0,6.12,-0.65,False
2023-02-17,2023-03-17,BAC,0.6,1.6973,3.0,-21.5,-0.6,-1.6832,35.35,27.75,35.0,0.0,-0.17,False
2023-02-17,2023-03-17,BX,2.84,3.0368,6.5,-11.74,-2.84,-3.0368,93.52,82.54,92.5,0.0,-0.51,False
2023-02-17,2023-03-17,COST,12.16,2.3962,3.0,-3.58,-12.16,-2.3962,507.48,489.29,505.0,0.0,-1.24,False
2023-02-17,2023-03-17,CRM,7.77,4.7042,6.0,12.16,12.48,7.5589,165.17,185.25,165.0,20.25,-0.08,False
2023-02-17,2023-03-17,HD,13.22,4.1579,0.8,-9.02,-13.22,-4.1595,317.95,289.26,320.0,0.0,1.02,False
2023-02-17,2023-03-17,JPM,1.08,0.7593,3.6,-10.62,-1.08,-0.7593,142.24,127.14,140.0,0.0,-1.12,False
2023-02-17,2023-03-17,META,9.07,5.2464,20.7,14.42,13.74,7.9477,172.88,197.81,175.0,22.81,1.06,False
2023-02-17,2023-03-17,MSFT,9.37,3.6309,6.4,5.49,2.86,1.1083,258.06,272.23,260.0,12.23,0.97,False
2023-02-17,2023-03-17,NVDA,14.26,6.6673,11.4,21.1,29.74,13.905,213.88,259.0,215.0,44.0,0.56,False
2023-02-17,2023-03-17,PEP,2.07,1.1743,4.2,0.74,0.52,0.295,176.28,177.59,175.0,2.59,-0.64,False
2023-02-17,2023-03-17,TSLA,17.65,8.4729,44.9,-12.03,-17.65,-8.4705,208.31,183.25,210.0,0.0,0.85,False
2023-02-17,2023-03-17,UNH,13.66,2.737,2.7,-4.43,-13.66,-2.737,499.08,476.96,500.0,0.0,0.46,False
2023-02-17,2023-03-17,WFC,1.12,2.3584,5.5,-21.08,-1.12,-2.3689,47.49,37.48,47.5,0.0,0.0,False
2023-02-17,2023-03-17,WMT,2.88,1.9667,2.7,-3.78,-2.88,-1.9667,146.44,140.9,145.0,0.0,-0.72,False
2023-03-20,2023-04-14,AAPL,4.47,2.8399,3.2,4.97,3.26,2.0712,157.4,165.23,157.5,7.73,0.05,False
2023-03-20,2023-04-14,ABBV,4.44,2.844,3.2,3.24,1.74,1.1145,156.12,161.18,155.0,6.18,-0.56,False
2023-03-20,2023-04-14,ADBE,14.19,3.9104,1.7,4.14,-1.27,-0.35,362.88,377.92,365.0,12.92,1.06,False
2023-03-20,2023-04-14,AMZN,4.1,4.1961,0.5,5.15,0.64,0.6601,97.71,102.74,98.0,4.74,0.15,False
2023-03-20,2023-04-14,AVGO,20.79,3.2297,10.7,-2.54,-20.79,-3.2305,643.71,627.36,645.0,0.0,0.64,False
2023-03-20,2023-04-14,CRM,6.42,3.4656,12.2,6.39,5.66,3.0526,185.25,197.08,185.0,12.08,-0.12,False
2023-03-20,2023-04-14,GOOG,3.38,3.316,7.8,4.4,1.03,1.0154,101.93,106.42,102.0,4.42,0.03,False
2023-03-20,2023-04-14,GOOGL,3.12,3.0824,7.3,4.69,1.85,1.8277,101.22,105.97,101.0,4.97,-0.11,False
2023-03-20,2023-04-14,INTU,11.98,2.9089,0.4,6.86,18.11,4.3973,411.84,440.09,410.0,30.09,-0.92,False
2023-03-20,2023-04-14,KO,1.85,3.0528,0.8,4.72,0.61,1.0066,60.6,63.46,61.0,2.46,0.2,False
2023-03-20,2023-04-14,LLY,12.01,3.6001,1.6,11.62,25.34,7.5959,333.6,372.35,335.0,37.35,0.7,False
2023-03-20,2023-04-14,META,8.25,4.1707,14.4,10.64,13.11,6.6301,197.81,218.86,197.5,21.36,-0.15,False
2023-03-20,2023-04-14,MSFT,6.22,2.2848,5.5,6.09,12.57,4.6193,272.23,288.8,270.0,18.8,-1.12,False
2023-03-20,2023-04-14,NVDA,14.67,5.6641,21.1,4.25,-4.65,-1.7954,259.0,270.02,260.0,10.02,0.5,False
2023-03-20,2023-04-14,PEP,6.76,3.8065,0.7,3.86,-2.31,-1.2979,177.59,184.45,180.0,4.45,1.21,False
2023-03-20,2023-04-14,PG,2.34,1.6123,3.7,4.08,3.71,2.5529,145.13,151.05,145.0,6.05,-0.07,False
2023-04-17,2023-05-12,AAPL,4.24,2.5661,5.0,4.14,2.84,1.7158,165.23,172.07,165.0,7.07,-0.11,False
2023-04-17,2023-05-12,ABBV,2.18,1.3525,3.2,-9.05,-2.18,-1.3525,161.18,146.59,160.0,0.0,-0.59,False
2023-04-17,2023-05-12,ABT,1.66,1.5882,6.8,5.09,2.18,2.0857,104.52,109.84,106.0,3.84,0.74,False
2023-04-17,2023-05-12,ADBE,12.39,3.2785,4.1,-8.53,-12.39,-3.2785,377.92,345.67,380.0,0.0,1.04,False
2023-04-17,2023-05-12,AMZN,5.08,4.9445,5.1,8.23,3.12,3.0368,102.74,111.2,103.0,8.2,0.13,False
2023-04-17,2023-05-12,BAC,0.65,2.1403,9.4,-8.96,-0.65,-2.1567,30.37,27.65,30.0,0.0,-0.19,False
2023-04-17,2023-05-12,BX,2.49,2.8545,5.7,-4.7,-2.49,-2.8603,87.23,83.13,87.0,0.0,-0.12,False
2023-04-17,2023-05-12,CMCSA,1.02,2.6779,4.6,5.54,1.19,3.1111,38.09,40.2,38.0,2.2,-0.04,False
2023-04-17,2023-05-12,COST,9.35,1.8929,1.0,1.64,-2.31,-0.4677,493.94,502.04,495.0,7.04,0.53,False
2023-04-17,2023-05-12,CRM,5.56,2.8212,6.4,3.17,0.27,0.137,197.08,203.33,197.5,5.83,0.21,False
2023-04-17,2023-05-12,CVX,3.04,1.7786,10.6,-8.03,-3.04,-1.7786,170.92,157.2,170.0,0.0,-0.46,False
2023-04-17,2023-05-12,DIS,3.45,3.4397,6.5,-7.42,-3.45,-3.4397,100.3,92.86,100.0,0.0,-0.15,False
2023-04-17,2023-05-12,GOOG,3.59,3.3734,4.4,9.9,7.37,6.9254,106.42,116.96,106.0,10.96,-0.21,False
2023-04-17,2023-05-12,GOOGL,4.06,3.8313,4.7,9.95,6.45,6.0819,105.97,116.51,106.0,10.51,0.01,False
2023-04-17,2023-05-12,HD,6.63,2.2444,2.1,-2.32,-6.63,-2.2444,295.4,288.54,295.0,0.0,-0.2,False
2023-04-17,2023-05-12,IBM,4.29,3.3563,1.5,-3.49,-4.29,-3.3563,127.82,123.36,128.0,0.0,0.09,False
2023-04-17,2023-05-12,INTU,14.36,3.263,6.9,-2.83,-14.36,-3.2618,440.09,427.62,440.0,0.0,-0.04,False
2023-04-17,2023-05-12,JNJ,2.18,1.3159,7.7,-3.69,-2.18,-1.3129,165.67,159.55,165.0,0.0,-0.33,False
2023-04-17,2023-05-12,JPM,3.18,2.2742,10.0,-3.29,-3.18,-2.2778,139.83,135.23,140.0,0.0,0.08,False
2023-04-17,2023-05-12,KO,0.49,0.7721,4.7,0.76,0.45,0.7091,63.46,63.94,63.0,0.94,-0.23,False
2023-04-17,2023-05-12,LLY,11.17,2.9999,11.6,16.69,53.34,14.3239,372.35,434.51,370.0,64.51,-1.18,False
2023-04-17,2023-05-12,MA,11.21,3.0073,6.7,2.86,-2.8,-0.7512,372.76,383.41,375.0,8.41,1.12,False
2023-04-17,2023-05-12,META,12.67,5.7891,10.6,9.14,6.19,2.8283,218.86,238.86,220.0,18.86,0.57,False
2023-04-17,2023-05-12,MRK,2.59,2.252,8.7,1.18,-1.22,-1.0651,115.01,116.37,115.0,1.37,-0.01,False
2023-04-17,2023-05-12,MSFT,9.5,3.2895,6.1,7.15,9.96,3.4487,288.8,309.46,290.0,19.46,0.6,False
2023-04-17,2023-05-12,NFLX,22.49,6.7594,9.0,0.95,-21.6,-6.4919,332.72,335.89,335.0,0.89,1.14,False
2023-04-17,2023-05-12,NKE,3.1,2.4566,4.1,-5.04,-3.1,-2.4606,126.19,119.83,126.0,0.0,-0.1,False
2023-04-17,2023-05-12,NOW,17.88,3.7998,8.1,-1.57,-17.88,-3.8009,470.55,463.14,470.0,0.0,-0.28,False
2023-04-17,2023-05-12,NVDA,11.24,4.1627,4.3,7.23,8.29,3.0701,270.02,289.53,270.0,19.53,-0.01,False
2023-04-17,2023-05-12,ORCL,2.11,2.2073,9.9,1.75,-0.84,-0.884,95.59,97.26,96.0,1.26,0.21,False
2023-04-17,2023-05-12,PEP,2.94,1.5939,3.9,5.32,6.34,3.4345,184.45,194.27,185.0,9.27,0.28,False
2023-04-17,2023-05-12,PG,1.89,1.2512,4.1,3.28,4.11,2.7243,151.05,156.01,150.0,6.01,-0.53,False
2023-04-17,2023-05-12,TSLA,11.58,6.1912,2.1,-11.06,-11.58,-6.1912,187.04,166.35,187.5,0.0,0.23,False
2023-04-17,2023-05-12,UNH,8.25,1.6325,6.0,-3.66,-8.25,-1.6335,505.35,486.86,505.0,0.0,-0.18,False
2023-04-17,2023-05-12,V,7.43,3.1823,7.0,-0.9,-7.43,-3.1823,233.48,231.38,235.0,0.0,0.76,False
2023-04-17,2023-05-12,WFC,0.9,2.1792,10.2,-6.13,-0.9,-2.1792,41.3,38.77,41.0,0.0,-0.15,False
2023-04-17,2023-05-12,WMT,2.79,1.866,6.1,1.58,-0.91,-0.6086,149.52,151.88,150.0,1.88,0.24,False
2023-04-17,2023-05-12,XOM,3.25,2.8335,12.0,-8.4,-3.25,-2.8335,114.7,105.07,115.0,0.0,0.15,False
2023-05-15,2023-06-09,AAPL,1.45,0.8427,4.1,6.81,12.33,7.1686,172.07,183.79,170.0,13.79,-1.04,False
2023-05-15,2023-06-09,ABT,2.01,1.8299,5.1,-7.68,-2.01,-1.8299,109.84,101.4,110.0,0.0,0.08,False
2023-05-15,2023-06-09,AMZN,2.9,2.6079,8.2,13.82,12.67,11.3939,111.2,126.57,111.0,15.57,-0.1,False
2023-05-15,2023-06-09,AVGO,16.8,2.6258,2.0,-87.42,-16.8,-2.6258,639.8,80.46,640.0,0.0,0.1,False
2023-05-15,2023-06-09,CMCSA,0.32,0.796,5.5,1.22,0.37,0.9204,40.2,40.69,40.0,0.69,-0.1,False
2023-05-15,2023-06-09,COST,9.45,1.8823,1.6,3.77,11.52,2.2946,502.04,520.97,500.0,20.97,-1.02,False
2023-05-15,2023-06-09,CRM,8.88,4.3673,3.2,5.1,-0.19,-0.0959,203.33,213.69,205.0,8.69,0.83,False
2023-05-15,2023-06-09,GOOG,2.99,2.5564,9.9,6.32,4.36,3.7278,116.96,124.35,117.0,7.35,0.02,False
2023-05-15,2023-06-09,GOOGL,3.39,2.9096,9.9,6.12,3.25,2.7852,116.51,123.64,117.0,6.64,0.24,False
2023-05-15,2023-06-09,KO,0.76,1.1886,0.8,-5.83,-0.76,-1.1886,63.94,60.21,64.0,0.0,0.03,False
2023-05-15,2023-06-09,LLY,9.69,2.2301,16.7,2.49,0.62,0.1415,434.51,445.31,435.0,10.31,0.24,False
2023-05-15,2023-06-09,MA,9.14,2.3839,2.9,-2.11,-9.14,-2.3852,383.41,375.31,385.0,0.0,0.79,False
2023-05-15,2023-06-09,META,7.96,3.3325,9.1,13.48,23.09,9.6667,238.86,271.05,240.0,31.05,0.57,False
2023-05-15,2023-06-09,MRK,1.81,1.5554,1.2,-5.59,-1.81,-1.5597,116.37,109.86,116.0,0.0,-0.19,False
2023-05-15,2023-06-09,MSFT,6.87,2.22,7.2,7.24,14.98,4.8407,309.46,331.85,310.0,21.85,0.27,False
2023-05-15,2023-06-09,NFLX,9.8,2.9176,1.0,26.22,79.16,23.5687,335.89,423.97,335.0,88.97,-0.45,False
2023-05-15,2023-06-09,NVDA,14.64,5.0565,7.2,36.37,90.18,31.1488,289.53,394.82,290.0,104.82,0.24,False
2023-05-15,2023-06-09,ORCL,1.48,1.5217,1.7,19.71,17.95,18.4557,97.26,116.43,97.0,19.43,-0.13,False
2023-05-15,2023-06-09,PEP,3.46,1.781,5.3,-6.37,-3.46,-1.7836,194.27,181.9,195.0,0.0,0.36,False
2023-05-15,2023-06-09,PG,1.15,0.7371,3.3,-6.79,-1.15,-0.7339,156.01,145.41,155.0,0.0,-0.5,False
2023-05-15,2023-06-09,WMT,4.01,2.6402,1.6,1.46,-2.41,-1.5868,151.88,154.1,152.5,1.6,0.31,False
2023-06-12,2023-07-07,AAPL,4.26,2.3179,6.8,2.62,-0.65,-0.3509,183.79,188.61,185.0,3.61,0.61,False
2023-06-12,2023-07-07,ADBE,24.41,5.143,37.3,4.58,-3.06,-0.6458,474.63,496.35,475.0,21.35,0.18,False
2023-06-12,2023-07-07,AMZN,4.02,3.1761,13.8,0.44,-3.89,-3.0695,126.57,127.13,127.0,0.13,0.22,False
2023-06-12,2023-07-07,BAC,0.64,2.197,5.4,-1.61,-0.64,-2.1799,29.13,28.66,29.0,0.0,-0.06,False
2023-06-12,2023-07-07,BX,3.81,4.2385,8.1,3.87,-0.43,-0.4839,89.89,93.37,90.0,3.37,0.06,False
2023-06-12,2023-07-07,CMCSA,0.46,1.1305,1.2,2.85,1.39,3.4284,40.69,41.85,40.0,1.85,-0.34,False
2023-06-12,2023-07-07,COST,7.22,1.3859,3.8,1.16,-0.21,-0.0394,520.97,527.01,520.0,7.01,-0.48,False
2023-06-12,2023-07-07,CRM,7.4,3.463,5.1,-0.41,-7.4,-3.4653,213.69,212.81,215.0,0.0,0.65,False
2023-06-12,2023-07-07,CVX,1.33,0.8454,0.1,-1.32,-1.08,-0.6896,157.33,155.25,155.0,0.25,-1.17,False
2023-06-12,2023-07-07,DIS,1.81,1.9433,0.3,-5.41,-1.81,-1.9433,93.14,88.1,93.0,0.0,-0.07,False
2023-06-12,2023-07-07,GOOG,2.72,2.1874,6.3,-6.02,-2.72,-2.1834,124.35,116.87,124.0,0.0,-0.17,False
2023-06-12,2023-07-07,GOOGL,3.32,2.6852,6.1,-5.82,-3.32,-2.6852,123.64,116.45,124.0,0.0,0.18,False
2023-06-12,2023-07-07,HD,5.59,1.858,4.3,3.13,4.69,1.5589,300.86,310.28,300.0,10.28,-0.43,False
2023-06-12,2023-07-07,IBM,1.59,1.1655,10.6,-2.58,-1.59,-1.1655,136.42,132.9,136.0,0.0,-0.21,False
2023-06-12,2023-07-07,INTU,7.24,1.6229,1.4,4.08,12.09,2.71,446.12,464.33,445.0,19.33,-0.56,False
2023-06-12,2023-07-07,JNJ,2.29,1.4321,0.2,-0.24,-2.29,-1.4321,159.9,159.51,160.0,0.0,0.05,False
2023-06-12,2023-07-07,JPM,2.74,1.9433,4.3,2.94,1.41,1.0,141.0,145.15,141.0,4.15,0.0,False
2023-06-12,2023-07-07,LLY,9.3,2.0884,2.5,1.76,-1.13,-0.2549,445.31,453.16,445.0,8.16,-0.15,False
2023-06-12,2023-07-07,META,6.63,2.446,13.5,8.5,17.48,6.4472,271.05,294.1,270.0,24.1,-0.52,False
2023-06-12,2023-07-07,MSFT,4.76,1.4344,7.2,-0.01,-2.94,-0.8844,331.85,331.83,330.0,1.83,-0.93,False
2023-06-12,2023-07-07,NFLX,17.45,4.1159,26.2,4.18,-0.73,-0.1734,423.97,441.71,425.0,16.71,0.52,False
2023-06-12,2023-07-07,NOW,12.01,2.1982,18.0,3.52,8.6,1.5732,546.35,565.6,545.0,20.6,-0.67,False
2023-06-12,2023-07-07,NVDA,16.29,4.1259,36.4,6.83,10.51,2.662,394.82,421.8,395.0,26.8,0.09,False
2023-06-12,2023-07-07,ORCL,5.58,4.7926,19.7,-1.76,-5.58,-4.7969,116.43,114.38,116.0,0.0,-0.22,False
2023-06-12,2023-07-07,QCOM,3.58,2.9311,14.9,-4.11,-3.58,-2.9311,122.14,117.12,122.0,0.0,-0.07,False
2023-06-12,2023-07-07,TSLA,14.68,5.876,50.2,7.92,4.92,1.9713,249.83,269.61,250.0,19.61,0.08,False
2023-06-12,2023-07-07,UNH,12.01,2.4381,1.2,-6.0,-12.01,-2.4371,492.59,463.05,495.0,0.0,1.21,False
2023-06-12,2023-07-07,WFC,1.31,3.1317,7.9,1.17,-0.99,-2.3787,41.83,42.32,42.0,0.32,0.08,False
2023-06-12,2023-07-07,WMT,2.76,1.791,1.5,0.51,-2.76,-1.791,154.1,154.88,155.0,0.0,0.45,False
2023-06-12,2023-07-07,XOM,2.29,2.1519,1.3,-1.63,-2.29,-2.1519,106.42,104.69,106.0,0.0,-0.21,False
2023-07-10,2023-08-04,AAPL,5.92,3.1388,2.6,-5.17,-5.92,-3.1414,188.61,178.85,190.0,0.0,0.69,False
2023-07-10,2023-08-04,ABT,2.43,2.2706,5.5,1.34,-0.98,-0.9157,107.02,108.45,107.0,1.45,-0.01,False
2023-07-10,2023-08-04,ADBE,14.52,2.9254,4.6,6.73,20.2,4.0707,496.35,529.73,495.0,34.73,-0.68,False
2023-07-10,2023-08-04,AMZN,5.34,4.2004,0.4,11.87,9.88,7.7755,127.13,142.22,127.0,15.22,-0.06,False
2023-07-10,2023-08-04,AVGO,20.33,2.3162,37.2,2.2,-3.27,-0.3731,877.73,897.06,880.0,17.06,1.13,False
2023-07-10,2023-08-04,BX,2.96,3.1702,3.9,11.31,7.97,8.5306,93.37,103.93,93.0,10.93,-0.19,False
2023-07-10,2023-08-04,CMCSA,1.14,2.724,2.9,8.6,2.31,5.5078,41.85,45.45,42.0,3.45,0.07,False
2023-07-10,2023-08-04,COST,6.42,1.2182,1.2,5.96,26.98,5.1204,527.01,558.41,525.0,33.41,-1.01,False
2023-07-10,2023-08-04,HD,3.88,1.2505,3.1,6.09,15.29,4.9278,310.28,329.17,310.0,19.17,-0.14,False
2023-07-10,2023-08-04,INTU,13.64,2.9376,4.1,8.81,26.63,5.7341,464.33,505.26,465.0,40.26,0.34,False
2023-07-10,2023-08-04,JPM,2.9,1.9979,2.9,8.0,8.86,6.1075,145.15,156.76,145.0,11.76,-0.07,False
2023-07-10,2023-08-04,LLY,13.52,2.9835,1.8,0.2,-13.52,-2.9835,453.16,454.08,455.0,0.0,0.92,False
2023-07-10,2023-08-04,MA,5.99,1.5274,4.5,1.2,0.88,0.2244,392.16,396.87,390.0,6.87,-1.08,False
2023-07-10,2023-08-04,META,17.82,6.0592,8.5,7.64,3.74,1.2717,294.1,316.56,295.0,21.56,0.45,False
2023-07-10,2023-08-04,MRK,2.39,2.1735,0.1,-3.52,-2.39,-2.1735,109.96,106.09,110.0,0.0,0.02,False
2023-07-10,2023-08-04,NFLX,22.14,5.0123,4.2,-0.22,-21.38,-4.8414,441.71,440.76,440.0,0.76,-0.86,False
2023-07-10,2023-08-04,NOW,22.17,3.9197,3.5,-1.89,-22.17,-3.9197,565.6,554.89,565.0,0.0,-0.3,False
2023-07-10,2023-08-04,NVDA,16.13,3.8241,6.8,7.67,18.04,4.2769,421.8,454.17,420.0,34.17,-0.9,False
2023-07-10,2023-08-04,PEP,3.32,1.8014,1.3,1.41,-1.43,-0.7759,184.3,186.89,185.0,1.89,0.35,False
2023-07-10,2023-08-04,PG,2.9,1.9481,2.4,5.41,5.02,3.3723,148.86,156.92,149.0,7.92,0.07,False
2023-07-10,2023-08-04,TSLA,16.6,6.157,7.9,-6.74,-16.6,-6.1552,269.61,251.45,270.0,0.0,0.2,False
2023-07-10,2023-08-04,V,6.57,2.7586,5.3,1.41,-5.06,-2.1246,238.16,241.51,240.0,1.51,0.92,False
2023-07-10,2023-08-04,WFC,1.05,2.4811,1.2,6.47,2.01,4.7495,42.32,45.06,42.0,3.06,-0.16,False
2023-07-10,2023-08-04,WMT,2.14,1.3817,0.5,3.62,3.35,2.163,154.88,160.49,155.0,5.49,0.06,False
2023-08-04,2023-09-01,JNJ,8.15,4.8213,6.0,-5.06,-8.15,-4.8213,169.04,160.48,175.0,0.0,2.98,False
2023-08-04,2023-09-01,TMO,13.38,2.4388,4.8,1.54,-6.28,-1.1447,548.64,557.1,550.0,7.1,0.68,False
2023-08-07,2023-09-01,ABBV,2.04,1.357,11.8,-1.42,-2.04,-1.3603,150.33,148.2,150.0,0.0,-0.17,False
2023-08-07,2023-09-01,ABT,1.61,1.4846,1.3,-5.16,-1.61,-1.4799,108.45,102.85,108.0,0.0,-0.22,False
2023-08-07,2023-09-01,ADBE,21.89,4.1323,6.7,6.32,11.33,2.1379,529.73,563.21,530.0,33.21,0.14,False
2023-08-07,2023-09-01,AMZN,3.94,2.7704,11.9,-2.88,-3.94,-2.7704,142.22,138.12,142.0,0.0,-0.11,False
2023-08-07,2023-09-01,AVGO,32.69,3.6441,2.2,-2.74,-32.69,-3.6441,897.06,872.52,895.0,0.0,-1.03,False
2023-08-07,2023-09-01,BAC,0.92,2.8858,11.2,-9.1,-0.92,-2.8858,31.88,28.98,32.0,0.0,0.06,False
2023-08-07,2023-09-01,BX,3.28,3.156,11.3,0.54,-2.8,-2.6893,103.93,104.49,104.0,0.49,0.03,False
2023-08-07,2023-09-01,CMCSA,0.39,0.8581,8.6,0.62,0.34,0.7371,45.45,45.73,45.0,0.73,-0.23,False
2023-08-07,2023-09-01,COST,12.65,2.2654,6.0,-2.54,-12.65,-2.2645,558.41,544.25,560.0,0.0,0.8,False
2023-08-07,2023-09-01,CVX,4.16,2.6018,3.0,2.76,0.15,0.0907,159.89,164.3,160.0,4.3,0.06,False
2023-08-07,2023-09-01,GOOG,3.63,2.7513,12.9,3.68,1.17,0.8868,131.94,136.8,132.0,4.8,0.03,False
2023-08-07,2023-09-01,GOOGL,3.84,2.9195,12.9,3.14,-0.17,-0.133,131.53,135.66,132.0,3.66,0.24,False
2023-08-07,2023-09-01,HD,10.46,3.1777,6.1,1.19,-7.39,-2.2435,329.17,333.08,330.0,3.08,0.41,False
2023-08-07,2023-09-01,IBM,2.77,1.8949,10.0,1.2,-0.83,-0.5678,146.18,147.94,146.0,1.94,-0.09,False
2023-08-07,2023-09-01,INTU,18.67,3.6951,8.8,8.78,25.93,5.132,505.26,549.6,505.0,44.6,-0.13,False
2023-08-07,2023-09-01,JPM,3.29,2.0987,8.0,-6.34,-3.29,-2.0988,156.76,146.82,157.5,0.0,0.37,False
2023-08-07,2023-09-01,KO,0.54,0.8825,3.2,-3.07,-0.54,-0.8743,61.19,59.31,61.0,0.0,-0.09,False
2023-08-07,2023-09-01,LLY,16.63,3.6624,0.2,22.69,85.48,18.8249,454.08,557.11,455.0,102.11,0.46,False
2023-08-07,2023-09-01,MA,5.12,1.2901,1.2,4.71,15.46,3.8942,396.87,415.57,395.0,20.57,-0.93,False
2023-08-07,2023-09-01,META,8.82,2.7862,7.6,-6.37,-8.82,-2.7862,316.56,296.38,315.0,0.0,-0.78,False
2023-08-07,2023-09-01,NKE,2.44,2.2085,4.4,-7.35,-2.44,-2.2085,110.48,102.36,110.0,0.0,-0.24,False
2023-08-07,2023-09-01,NVDA,33.02,7.2704,7.7,6.81,-2.93,-0.644,454.17,485.09,455.0,30.09,0.42,False
2023-08-07,2023-09-01,ORCL,2.95,2.5409,1.5,4.16,1.98,1.7054,116.1,120.93,116.0,4.93,-0.05,False
2023-08-07,2023-09-01,PEP,1.16,0.6207,1.4,-6.19,-1.16,-0.618,186.89,175.32,185.0,0.0,-0.94,False
2023-08-07,2023-09-01,PG,0.24,0.1529,5.4,-1.54,-0.24,-0.1529,156.92,154.51,155.0,0.0,-0.96,False
2023-08-07,2023-09-01,QCOM,3.73,3.1255,1.9,-3.31,-3.73,-3.1255,119.34,115.39,119.0,0.0,-0.17,False
2023-08-07,2023-09-01,UNH,7.18,1.4058,10.3,-6.75,-7.18,-1.4058,510.74,476.24,510.0,0.0,-0.37,False
2023-08-07,2023-09-01,V,2.63,1.089,1.4,2.73,5.48,2.2711,241.51,248.11,240.0,8.11,-0.75,False
2023-08-07,2023-09-01,WFC,0.93,2.0639,6.5,-7.57,-0.93,-2.0639,45.06,41.65,45.0,0.0,-0.03,False
2023-08-07,2023-09-01,WMT,2.91,1.8132,3.6,0.67,-1.34,-0.8318,160.49,161.57,160.0,1.57,-0.24,False
2023-08-07,2023-09-01,XOM,2.77,2.584,2.4,5.9,3.75,3.4981,107.2,113.52,107.0,6.52,-0.1,False
2023-08-31,2023-09-29,TMO,11.95,2.145,1.5,-9.14,-11.95,-2.145,557.1,506.17,560.0,0.0,1.45,False
2023-09-01,2023-09-29,AAPL,3.97,2.0954,5.9,-8.29,-3.97,-2.0954,189.46,173.75,190.0,0.0,0.27,False
2023-09-01,2023-09-29,ADBE,24.71,4.3874,6.3,-7.47,-24.71,-4.3882,563.21,521.13,565.0,0.0,0.89,False
2023-09-01,2023-09-29,BX,0.86,0.823,0.5,2.56,2.31,2.206,104.49,107.16,104.0,3.16,-0.24,False
2023-09-01,2023-09-29,CMCSA,1.23,2.6897,0.6,-2.71,-1.23,-2.7006,45.73,44.49,46.0,0.0,0.13,False
2023-09-01,2023-09-29,CRM,3.84,1.7334,4.1,-8.04,-3.84,-1.7311,221.53,203.71,220.0,0.0,-0.76,False
2023-09-01,2023-09-29,CVX,3.54,2.1546,2.8,2.63,0.08,0.0487,164.3,168.62,165.0,3.62,0.35,False
2023-09-01,2023-09-29,GOOG,3.4,2.4854,3.7,-1.19,-3.4,-2.4854,136.8,135.17,137.0,0.0,0.1,False
2023-09-01,2023-09-29,GOOGL,3.67,2.7053,3.1,-1.1,-3.67,-2.7053,135.66,134.17,136.0,0.0,0.17,False
2023-09-01,2023-09-29,HD,8.06,2.4198,1.2,-9.98,-8.06,-2.4198,333.08,299.83,335.0,0.0,0.96,False
2023-09-01,2023-09-29,IBM,2.18,1.4736,1.2,-4.83,-2.18,-1.4736,147.94,140.8,148.0,0.0,0.03,False
2023-09-01,2023-09-29,INTU,15.95,2.9021,8.8,-5.79,-15.95,-2.9021,549.6,517.8,550.0,0.0,0.2,False
2023-09-01,2023-09-29,LLY,8.3,1.4898,22.7,-3.38,-8.3,-1.4889,557.11,538.29,555.0,0.0,-1.05,False
2023-09-01,2023-09-29,MA,5.96,1.4342,4.7,-4.75,-5.96,-1.4354,415.57,395.85,415.0,0.0,-0.29,False
2023-09-01,2023-09-29,MRK,3.53,3.2138,3.5,-6.64,-3.53,-3.2138,109.84,102.55,110.0,0.0,0.08,False
2023-09-01,2023-09-29,NVDA,19.76,4.0735,6.8,-7.68,-19.76,-4.0724,485.09,447.82,485.0,0.0,-0.04,False
2023-09-01,2023-09-29,ORCL,3.08,2.5469,4.2,-11.76,-3.08,-2.5511,120.93,106.71,121.0,0.0,0.03,False
2023-09-01,2023-09-29,V,5.44,2.1926,2.7,-6.79,-5.44,-2.1946,248.11,231.27,250.0,0.0,0.94,False
2023-09-01,2023-09-29,WMT,0.53,0.328,0.7,-0.91,-0.42,-0.263,161.57,160.1,160.0,0.1,-0.78,False
2023-09-01,2023-09-29,XOM,2.63,2.3168,5.9,1.86,-1.0,-0.8809,113.52,115.63,114.0,1.63,0.24,False
2023-10-02,2023-10-27,ABBV,4.12,2.7791,0.0,-4.29,-4.12,-2.7825,148.25,141.89,148.0,0.0,-0.12,False
2023-10-02,2023-10-27,BX,3.52,3.2848,2.6,-13.79,-3.52,-3.2848,107.16,92.38,107.0,0.0,-0.08,False
2023-10-02,2023-10-27,COST,8.65,1.5141,5.0,-2.88,-8.65,-1.5132,571.31,554.88,570.0,0.0,-0.65,False
2023-10-02,2023-10-27,DIS,2.49,3.0489,0.0,-1.21,-2.49,-3.0427,81.67,80.68,82.0,0.0,0.17,False
2023-10-02,2023-10-27,META,13.36,4.3543,3.5,-1.36,-13.36,-4.3543,306.82,302.66,305.0,0.0,-0.91,False
2023-10-02,2023-10-27,NOW,30.47,5.4878,0.1,2.4,-16.93,-3.0483,555.23,568.54,555.0,13.54,-0.11,False
2023-10-02,2023-10-27,TSLA,12.45,4.9483,2.7,-21.56,-12.45,-4.9483,251.6,197.36,250.0,0.0,-0.8,False
2023-10-02,2023-10-27,UNH,14.7,2.8568,8.0,3.0,0.28,0.0554,514.57,529.99,515.0,14.99,0.21,False
2023-10-02,2023-10-27,XOM,3.28,2.8366,1.9,-8.43,-3.28,-2.8323,115.63,105.88,116.0,0.0,0.19,False
2023-10-27,2023-11-24,LLY,27.17,4.8498,4.1,5.59,-0.63,-0.1133,560.23,591.53,565.0,26.53,2.39,False
2023-10-30,2023-11-24,ADBE,14.38,2.729,1.1,17.52,79.89,15.1611,526.94,619.27,525.0,94.27,-0.97,False
2023-10-30,2023-11-24,AMZN,4.39,3.308,2.5,11.32,10.33,7.7877,132.71,147.73,133.0,14.73,0.14,False
2023-10-30,2023-11-24,AVGO,29.82,3.5447,0.8,12.96,80.42,9.559,841.25,950.24,840.0,110.24,-0.62,False
2023-10-30,2023-11-24,IBM,3.27,2.2926,1.3,9.07,9.3,6.5169,142.63,155.57,143.0,12.57,0.18,False
2023-10-30,2023-11-24,KO,0.73,1.3001,1.2,4.11,1.72,3.0721,56.15,58.46,56.0,2.46,-0.08,False
2023-10-30,2023-11-24,MRK,2.29,2.2302,0.1,-1.22,-2.29,-2.2302,102.68,101.43,103.0,0.0,0.16,False
2023-10-30,2023-11-24,MSFT,6.48,1.9211,4.8,12.24,37.13,11.0092,337.31,378.61,335.0,43.61,-1.15,False
2023-10-30,2023-11-24,NFLX,13.36,3.2579,8.6,16.85,55.81,13.6095,410.08,479.17,410.0,69.17,-0.04,False
2023-10-30,2023-11-24,NKE,2.86,2.8094,7.7,6.05,3.1,3.0452,101.8,107.96,102.0,5.96,0.1,False
2023-10-30,2023-11-24,NOW,15.23,2.6788,2.4,17.94,85.32,15.0069,568.54,670.55,570.0,100.55,0.73,False
2023-10-30,2023-11-24,PG,1.97,1.3198,2.8,1.33,0.27,0.1809,149.26,151.24,149.0,2.24,-0.13,False
2023-10-30,2023-11-24,UNH,9.21,1.7378,3.0,2.57,4.39,0.8274,529.99,543.59,530.0,13.59,0.01,False
2023-10-30,2023-11-24,V,6.43,2.7587,0.8,9.04,12.71,5.4531,233.08,254.14,235.0,19.14,0.96,False
2023-10-30,2023-11-24,WMT,5.64,3.4597,1.8,-3.83,-5.64,-3.4597,163.02,156.77,165.0,0.0,0.99,False
2023-11-27,2023-12-22,AAPL,3.04,1.6018,11.5,2.01,0.57,0.2977,189.79,193.6,190.0,3.6,0.11,False
2023-11-27,2023-12-22,ABT,2.11,2.0543,10.4,6.15,3.92,3.8214,102.71,109.03,103.0,6.03,0.15,False
2023-11-27,2023-12-22,ADBE,21.21,3.425,17.5,-3.31,-21.21,-3.4258,619.27,598.75,620.0,0.0,0.36,False
2023-11-27,2023-12-22,AMZN,3.79,2.5655,11.3,3.85,1.63,1.1067,147.73,153.42,148.0,5.42,0.14,False
2023-11-27,2023-12-22,AVGO,30.88,3.2497,13.0,18.07,141.1,14.8489,950.24,1121.98,950.0,171.98,-0.12,False
2023-11-27,2023-12-22,BAC,1.18,3.9919,15.1,13.09,2.25,7.6116,29.56,33.43,30.0,3.43,0.22,False
2023-11-27,2023-12-22,BX,0.71,0.6651,15.6,22.43,23.99,22.4684,106.75,130.69,106.0,24.69,-0.38,False
2023-11-27,2023-12-22,CMCSA,0.75,1.7819,4.1,4.54,1.25,2.9579,42.09,44.0,42.0,2.0,-0.05,False
2023-11-27,2023-12-22,COST,10.92,1.8356,7.2,12.89,65.68,11.0405,594.9,671.6,595.0,76.6,0.05,False
2023-11-27,2023-12-22,CRM,6.84,3.0428,12.8,18.48,34.5,15.3499,224.79,266.34,225.0,41.34,0.11,False
2023-11-27,2023-12-22,DIS,1.72,1.8073,18.0,-4.36,-1.72,-1.802,95.17,91.02,95.0,0.0,-0.08,False
2023-11-27,2023-12-22,GOOG,2.49,1.8037,9.8,3.38,2.23,1.6117,138.05,142.72,138.0,4.72,-0.03,False
2023-11-27,2023-12-22,GOOGL,2.13,1.5615,9.6,3.72,3.36,2.4595,136.41,141.49,136.0,5.49,-0.21,False
2023-11-27,2023-12-22,HD,4.46,1.4345,10.5,12.12,34.13,10.9771,310.92,348.59,310.0,38.59,-0.46,False
2023-11-27,2023-12-22,IBM,1.13,0.7264,9.1,4.22,6.01,3.86,155.57,162.14,155.0,7.14,-0.29,False
2023-11-27,2023-12-22,JNJ,0.93,0.6148,2.9,2.76,4.53,2.9945,151.28,155.46,150.0,5.46,-0.64,False
2023-11-27,2023-12-22,JPM,1.67,1.0901,11.5,9.28,13.22,8.6331,153.19,167.4,152.5,14.9,-0.35,False
2023-11-27,2023-12-22,KO,0.4,0.6842,4.1,-0.24,-0.08,-0.1368,58.46,58.32,58.0,0.32,-0.23,False
2023-11-27,2023-12-22,LLY,11.48,1.9407,5.6,-3.57,-11.48,-1.9416,591.53,570.39,590.0,0.0,-0.77,False
2023-11-27,2023-12-22,MA,5.58,1.3644,9.8,3.7,8.52,2.0821,408.97,424.1,410.0,14.1,0.51,False
2023-11-27,2023-12-22,META,8.05,2.4051,10.6,5.58,10.34,3.0893,334.7,353.39,335.0,18.39,0.15,False
2023-11-27,2023-12-22,MSFT,7.77,2.0522,12.2,-1.06,-7.77,-2.0509,378.61,374.58,380.0,0.0,0.7,False
2023-11-27,2023-12-22,NFLX,11.62,2.425,16.8,1.58,-4.86,-1.0132,479.17,486.76,480.0,6.76,0.42,False
2023-11-27,2023-12-22,NKE,3.72,3.4457,6.1,0.07,-3.68,-3.4087,107.96,108.04,108.0,0.04,0.02,False
2023-11-27,2023-12-22,NOW,13.97,2.0834,17.9,4.03,13.57,2.0245,670.55,697.55,670.0,27.55,-0.28,False
2023-11-27,2023-12-22,NVDA,13.74,2.8481,17.2,1.22,-5.44,-1.1276,482.42,488.3,480.0,8.3,-1.21,False
2023-11-27,2023-12-22,ORCL,3.3,2.8333,14.6,-8.82,-3.3,-2.8376,116.47,106.2,116.0,0.0,-0.24,False
2023-11-27,2023-12-22,PEP,3.85,2.2873,3.7,-0.38,-3.85,-2.2873,168.32,167.68,170.0,0.0,0.84,False
2023-11-27,2023-12-22,PG,0.63,0.4166,1.3,-3.94,-0.63,-0.4166,151.24,145.28,150.0,0.0,-0.62,False
2023-11-27,2023-12-22,QCOM,4.12,3.2137,18.9,11.93,11.37,8.869,128.2,143.49,128.0,15.49,-0.1,False
2023-11-27,2023-12-22,TSLA,9.11,3.8589,19.6,6.97,8.43,3.5708,236.08,252.54,235.0,17.54,-0.54,False
2023-11-27,2023-12-22,UNH,8.2,1.5085,2.6,-4.28,-8.2,-1.5094,543.59,520.31,545.0,0.0,0.7,False
2023-11-27,2023-12-22,V,4.3,1.692,9.0,1.69,-0.87,-0.3423,254.14,258.43,255.0,3.43,0.43,False
2023-11-27,2023-12-22,WFC,0.71,1.6504,9.1,14.32,5.47,12.715,43.02,49.18,43.0,6.18,-0.01,False
2023-12-22,2024-01-19,AAPL,2.25,1.1622,2.0,0.15,-0.86,-0.4442,193.6,193.89,192.5,1.39,-0.55,False
2023-12-22,2024-01-19,ABBV,3.53,2.2783,11.4,6.74,6.86,4.4275,154.94,165.39,155.0,10.39,0.03,False
2023-12-22,2024-01-19,ABT,2.13,1.9536,6.2,4.73,3.07,2.8112,109.03,114.19,109.0,5.19,-0.01,False
2023-12-22,2024-01-19,AMZN,2.89,1.8837,3.9,0.89,-0.61,-0.3976,153.42,154.78,152.5,2.28,-0.46,False
2023-12-22,2024-01-19,AVGO,29.08,2.5918,18.1,8.78,71.42,6.3655,1121.98,1220.5,1120.0,100.5,-0.99,False
2023-12-22,2024-01-19,BAC,0.98,2.9315,13.1,-2.63,-0.98,-2.9465,33.43,32.55,33.5,0.0,0.03,False
2023-12-22,2024-01-19,BX,4.15,3.1755,22.4,-7.44,-4.15,-3.1793,130.69,120.97,131.0,0.0,0.15,False
2023-12-22,2024-01-19,CMCSA,1.1,2.5,4.5,-0.86,-1.1,-2.5,44.0,43.62,44.0,0.0,-0.0,False
2023-12-22,2024-01-19,COST,9.7,1.4443,12.9,3.11,12.81,1.9074,671.6,692.51,670.0,22.51,-0.8,False
2023-12-22,2024-01-19,CRM,6.73,2.5268,18.5,5.24,6.07,2.279,266.34,280.3,267.5,12.8,0.58,False
2023-12-22,2024-01-19,CVX,2.29,1.5161,4.6,-5.67,-2.29,-1.5194,151.05,142.49,150.0,0.0,-0.53,False
2023-12-22,2024-01-19,GOOG,3.12,2.1861,3.4,3.5,2.09,1.4644,142.72,147.71,142.5,5.21,-0.11,False
2023-12-22,2024-01-19,GOOGL,3.65,2.5797,3.7,3.18,0.84,0.5902,141.49,145.99,141.5,4.49,0.0,False
2023-12-22,2024-01-19,HD,4.86,1.3942,12.1,2.32,4.34,1.2436,348.59,356.69,347.5,9.19,-0.54,False
2023-12-22,2024-01-19,IBM,2.74,1.6899,4.2,6.59,7.59,4.6811,162.14,172.83,162.5,10.33,0.18,False
2023-12-22,2024-01-19,INTU,14.76,2.3651,28.0,1.05,-9.16,-1.467,624.07,630.61,625.0,5.61,0.46,False
2023-12-22,2024-01-19,JNJ,1.86,1.1964,2.8,4.51,5.61,3.6086,155.46,162.47,155.0,7.47,-0.23,False
2023-12-22,2024-01-19,JPM,3.77,2.2521,9.3,1.62,-1.16,-0.693,167.4,170.11,167.5,2.61,0.05,False
2023-12-22,2024-01-19,MA,7.6,1.792,3.7,3.69,7.15,1.6859,424.1,439.75,425.0,14.75,0.45,False
2023-12-22,2024-01-19,META,8.75,2.476,5.6,8.03,20.53,5.808,353.39,381.78,352.5,29.28,-0.45,False
2023-12-22,2024-01-19,MRK,2.19,2.0334,6.2,10.89,9.24,8.5794,107.7,119.43,108.0,11.43,0.15,False
2023-12-22,2024-01-19,NFLX,14.02,2.8803,1.6,-0.22,-14.02,-2.8803,486.76,485.71,487.5,0.0,0.37,False
2023-12-22,2024-01-19,NKE,2.31,2.1381,0.1,-6.92,-2.31,-2.1381,108.04,100.56,108.0,0.0,-0.02,False
2023-12-22,2024-01-19,NOW,18.48,2.6493,4.0,7.87,36.48,5.229,697.55,752.45,697.5,54.95,-0.02,False
2023-12-22,2024-01-19,NVDA,16.11,3.2992,1.2,22.17,92.93,19.0313,488.3,596.54,487.5,109.04,-0.4,False
2023-12-22,2024-01-19,QCOM,2.8,1.9514,11.9,6.54,7.06,4.9237,143.49,152.87,143.0,9.87,-0.25,False
2023-12-22,2024-01-19,TSLA,11.63,4.6052,7.0,-17.32,-11.63,-4.6052,252.54,208.8,252.5,0.0,-0.02,False
2023-12-22,2024-01-19,V,2.45,0.948,1.7,4.94,11.26,4.3551,258.43,271.2,257.5,13.7,-0.46,False
2023-12-22,2024-01-19,WFC,1.12,2.2773,14.3,-1.32,-1.12,-2.2773,49.18,48.53,49.0,0.0,-0.09,False
2024-01-22,2024-02-16,AAPL,5.56,2.8676,0.1,-5.97,-5.56,-2.865,193.89,182.31,195.0,0.0,0.56,False
2024-01-22,2024-02-16,ABBV,3.31,2.0013,6.7,7.32,9.19,5.5535,165.39,177.49,165.0,12.49,-0.19,False
2024-01-22,2024-02-16,ABT,2.0,1.7515,4.7,-0.16,-1.99,-1.7471,114.19,114.01,114.0,0.01,-0.1,False
2024-01-22,2024-02-16,ADBE,14.45,2.394,0.8,-9.43,-14.45,-2.3948,603.59,546.66,602.5,0.0,-0.55,False
2024-01-22,2024-02-16,AMZN,6.06,3.9152,0.9,9.52,8.45,5.4594,154.78,169.51,155.0,14.51,0.11,False
2024-01-22,2024-02-16,AVGO,35.25,2.8882,8.8,-89.8,-35.25,-2.8882,1220.5,124.55,1220.0,0.0,-0.25,False
2024-01-22,2024-02-16,COST,13.99,2.0202,3.1,4.55,14.99,2.1653,692.51,723.99,695.0,28.99,1.24,False
2024-01-22,2024-02-16,CRM,5.99,2.137,5.2,3.36,3.73,1.3307,280.3,289.72,280.0,9.72,-0.15,False
2024-01-22,2024-02-16,DIS,3.18,3.3446,4.5,17.37,13.42,14.1144,95.08,111.6,95.0,16.6,-0.04,False
2024-01-22,2024-02-16,GOOG,4.46,3.0194,3.5,-4.03,-4.46,-3.0228,147.71,141.76,148.0,0.0,0.14,False
2024-01-22,2024-02-16,GOOGL,4.03,2.7605,3.2,-3.75,-4.03,-2.7639,145.99,140.52,146.0,0.0,0.0,False
2024-01-22,2024-02-16,HD,6.3,1.7662,2.3,1.59,-1.45,-0.4079,356.69,362.35,357.5,4.85,0.4,False
2024-01-22,2024-02-16,IBM,4.58,2.65,6.6,8.57,10.56,6.1072,172.83,187.64,172.5,15.14,-0.17,False
2024-01-22,2024-02-16,INTU,14.2,2.2518,1.0,3.99,11.54,1.8308,630.61,655.74,630.0,25.74,-0.3,False
2024-01-22,2024-02-16,JNJ,3.11,1.9142,4.5,-3.64,-3.11,-1.9173,162.47,156.55,162.5,0.0,0.01,False
2024-01-22,2024-02-16,JPM,2.44,1.4344,1.6,5.24,6.58,3.871,170.11,179.03,170.0,9.03,-0.06,False
2024-01-22,2024-02-16,KO,1.24,2.0816,2.1,-0.3,-1.24,-2.0732,59.57,59.39,60.0,0.0,0.22,False
2024-01-22,2024-02-16,LLY,21.41,3.3937,10.6,23.96,130.65,20.7092,630.88,782.06,630.0,152.06,-0.44,False
2024-01-22,2024-02-16,MA,9.12,2.0739,3.7,6.45,19.01,4.3218,439.75,468.13,440.0,28.13,0.12,False
2024-01-22,2024-02-16,META,17.06,4.4685,8.0,23.98,73.76,19.32,381.78,473.32,382.5,90.82,0.36,False
2024-01-22,2024-02-16,MRK,1.73,1.4485,10.9,7.0,7.06,5.9072,119.43,127.79,119.0,8.79,-0.22,False
2024-01-22,2024-02-16,MSFT,11.79,2.9734,5.9,1.9,-5.23,-1.3203,396.51,404.06,397.5,6.56,0.49,False
2024-01-22,2024-02-16,NOW,22.27,2.9597,7.9,-79.67,-22.27,-2.9603,752.45,153.0,750.0,0.0,-1.23,False
2024-01-22,2024-02-16,NVDA,19.68,3.299,22.2,21.72,111.45,18.6827,596.54,726.13,595.0,131.13,-0.77,False
2024-01-22,2024-02-16,ORCL,2.09,1.8983,3.7,1.1,-0.78,-0.7084,110.1,111.31,110.0,1.31,-0.05,False
2024-01-22,2024-02-16,PG,2.61,1.7652,1.8,6.53,6.9,4.6666,147.86,157.51,148.0,9.51,0.07,False
2024-01-22,2024-02-16,QCOM,4.92,3.2184,6.5,-0.12,-4.72,-3.0909,152.87,152.69,152.5,0.19,-0.18,False
2024-01-22,2024-02-16,TMO,11.1,2.0058,4.6,-1.0,-11.1,-2.0067,553.39,547.84,550.0,0.0,-1.7,False
2024-01-22,2024-02-16,V,4.0,1.4749,4.9,2.71,4.56,1.6814,271.2,278.56,270.0,8.56,-0.6,False
2024-01-22,2024-02-16,WMT,2.25,1.3856,3.7,4.91,5.61,3.4516,162.39,170.36,162.5,7.86,0.05,False
2024-02-16,2024-03-15,ABBV,0.63,0.3549,7.3,0.56,2.86,1.6085,177.49,178.49,175.0,3.49,-1.25,False
2024-02-16,2024-03-15,AMZN,5.04,2.9733,9.5,2.93,-0.56,-0.3274,169.51,174.48,170.0,4.48,0.25,False
2024-02-16,2024-03-15,BAC,0.87,2.5521,4.7,5.63,1.13,3.3294,34.09,36.01,34.0,2.01,-0.05,False
2024-02-16,2024-03-15,BX,5.83,4.5586,5.7,-3.49,-5.83,-4.5547,127.89,123.43,130.0,0.0,1.06,False
2024-02-16,2024-03-15,COST,18.66,2.5774,4.5,1.04,-12.12,-1.6734,723.99,731.54,725.0,6.54,0.51,False
2024-02-16,2024-03-15,CRM,12.63,4.3594,3.4,3.72,-2.12,-0.7317,289.72,300.51,290.0,10.51,0.14,False
2024-02-16,2024-03-15,CVX,3.33,2.1535,8.5,0.5,-2.92,-1.8916,154.63,155.41,155.0,0.41,0.18,False
2024-02-16,2024-03-15,DIS,1.2,1.0753,17.4,2.02,2.65,2.3745,111.6,113.85,110.0,3.85,-0.8,False
2024-02-16,2024-03-15,HD,8.22,2.2685,1.6,2.64,3.69,1.017,362.35,371.91,360.0,11.91,-1.18,False
2024-02-16,2024-03-15,IBM,5.98,3.187,8.6,2.16,-4.29,-2.2863,187.64,191.69,190.0,1.69,1.18,False
2024-02-16,2024-03-15,JPM,4.14,2.3125,5.2,7.61,8.53,4.7618,179.03,192.66,180.0,12.66,0.49,False
2024-02-16,2024-03-15,LLY,23.82,3.0458,24.0,-2.48,-23.82,-3.0458,782.06,762.66,780.0,0.0,-1.03,False
2024-02-16,2024-03-15,MA,8.98,1.9183,6.5,2.3,-0.09,-0.0203,468.13,478.89,470.0,8.89,0.93,False
2024-02-16,2024-03-15,META,15.99,3.3783,24.0,5.0,5.99,1.2655,473.32,496.98,475.0,21.98,0.84,False
2024-02-16,2024-03-15,MRK,4.95,3.8735,7.0,-4.97,-4.95,-3.8775,127.79,121.44,130.0,0.0,1.1,False
2024-02-16,2024-03-15,MSFT,9.22,2.2818,1.9,3.28,3.1,0.7672,404.06,417.32,405.0,12.32,0.47,False
2024-02-16,2024-03-15,NFLX,17.87,3.0602,20.2,5.9,15.52,2.6569,583.95,618.39,585.0,33.39,0.52,False
2024-02-16,2024-03-15,NKE,4.24,4.0962,2.9,-4.61,-4.24,-4.1011,103.51,98.74,105.0,0.0,0.74,False
2024-02-16,2024-03-15,NVDA,47.99,6.609,21.7,21.82,111.57,15.3643,726.13,884.55,725.0,159.55,-0.56,False
2024-02-16,2024-03-15,ORCL,3.2,2.8749,1.1,14.81,14.61,13.121,111.31,127.8,110.0,17.8,-0.65,False
2024-02-16,2024-03-15,PEP,1.61,0.968,0.7,2.97,4.65,2.7958,166.32,171.26,165.0,6.26,-0.66,False
2024-02-16,2024-03-15,PG,4.31,2.7363,6.5,2.35,-3.09,-1.965,157.51,161.21,160.0,1.21,1.25,False
2024-02-16,2024-03-15,UNH,8.48,1.6259,1.7,-6.61,-8.48,-1.625,521.55,487.05,520.0,0.0,-0.77,False
2024-02-16,2024-03-15,V,5.57,1.9996,2.7,2.33,-0.52,-0.1867,278.56,285.05,280.0,5.05,0.72,False
2024-02-16,2024-03-15,WFC,1.98,3.8143,7.0,11.29,3.3,6.3475,51.91,57.77,52.5,5.27,0.3,False
2024-02-16,2024-03-15,WMT,3.92,2.301,4.9,-64.28,-3.92,-2.301,170.36,60.86,170.0,0.0,-0.18,False
2024-02-16,2024-03-15,XOM,3.55,3.4223,7.1,8.26,3.75,3.6103,103.73,112.3,105.0,7.3,0.63,False
2024-03-18,2024-04-12,ABBV,5.05,2.8293,0.6,-9.42,-5.05,-2.8321,178.49,161.67,180.0,0.0,0.75,False
2024-03-18,2024-04-12,AMZN,4.71,2.6994,2.9,5.24,3.91,2.2409,174.48,183.62,175.0,8.62,0.26,False
2024-03-18,2024-04-12,AVGO,42.71,3.452,1.4,5.94,32.98,2.6656,1237.24,1310.69,1235.0,75.69,-1.12,False
2024-03-18,2024-04-12,BAC,0.74,2.055,5.6,-0.17,-0.74,-2.0411,36.01,35.95,36.0,0.0,-0.0,False
2024-03-18,2024-04-12,CMCSA,1.0,2.3191,4.6,-8.56,-1.0,-2.3191,43.12,39.43,43.0,0.0,-0.06,False
2024-03-18,2024-04-12,COST,9.94,1.3588,1.0,-1.81,-9.94,-1.3588,731.54,718.28,730.0,0.0,-0.77,False
2024-03-18,2024-04-12,CRM,7.75,2.5789,3.7,-9.19,-7.75,-2.5806,300.51,272.9,300.0,0.0,-0.26,False
2024-03-18,2024-04-12,CVX,2.21,1.422,0.5,1.4,0.37,0.2413,155.41,157.59,155.0,2.59,-0.21,False
2024-03-18,2024-04-12,DIS,2.77,2.433,2.0,-0.79,-2.77,-2.4286,113.85,112.95,114.0,0.0,0.08,False
2024-03-18,2024-04-12,GOOG,3.06,2.0609,4.7,5.29,5.27,3.5493,148.48,156.33,148.0,8.33,-0.24,False
2024-03-18,2024-04-12,GOOGL,3.89,2.6341,5.1,4.86,2.97,2.0111,147.68,154.86,148.0,6.86,0.16,False
2024-03-18,2024-04-12,HD,4.19,1.1266,2.6,-9.14,-4.19,-1.128,371.91,337.93,370.0,0.0,-0.96,False
2024-03-18,2024-04-12,IBM,1.7,0.8868,2.2,-5.45,-1.7,-0.8895,191.69,181.25,190.0,0.0,-0.85,False
2024-03-18,2024-04-12,JNJ,0.66,0.421,0.1,-5.85,-0.66,-0.421,156.76,147.59,155.0,0.0,-0.88,False
2024-03-18,2024-04-12,JPM,7.04,3.6541,7.6,-5.07,-7.04,-3.6541,192.66,182.89,195.0,0.0,1.17,False
2024-03-18,2024-04-12,KO,0.56,0.9313,1.2,-3.31,-0.56,-0.9396,60.13,58.14,60.0,0.0,-0.07,False
2024-03-18,2024-04-12,MA,8.15,1.7019,2.3,-3.99,-8.15,-1.7029,478.89,459.79,480.0,0.0,0.55,False
2024-03-18,2024-04-12,META,13.27,2.6701,5.0,0.65,-8.04,-1.6178,496.98,500.23,495.0,5.23,-0.99,False
2024-03-18,2024-04-12,MSFT,6.19,1.4833,3.3,-0.88,-6.19,-1.4833,417.32,413.64,415.0,0.0,-1.16,False
2024-03-18,2024-04-12,NFLX,18.2,2.9431,5.9,-1.82,-18.2,-2.9439,618.39,607.15,620.0,0.0,0.8,False
2024-03-18,2024-04-12,NOW,17.4,2.3022,0.4,-2.64,-17.4,-2.3022,755.8,735.81,755.0,0.0,-0.4,False
2024-03-18,2024-04-12,NVDA,54.43,6.1534,21.8,-2.77,-54.43,-6.154,884.55,860.01,885.0,0.0,0.22,False
2024-03-18,2024-04-12,ORCL,3.3,2.5822,14.8,-6.2,-3.3,-2.5822,127.8,119.88,128.0,0.0,0.1,False
2024-03-18,2024-04-12,PEP,1.17,0.6832,3.0,-2.52,-1.17,-0.6832,171.26,166.95,170.0,0.0,-0.63,False
2024-03-18,2024-04-12,PG,0.52,0.3226,2.3,-3.57,-0.52,-0.3257,161.21,155.45,160.0,0.0,-0.61,False
2024-03-18,2024-04-12,QCOM,5.04,3.0194,9.3,1.75,-2.7,-1.6175,166.92,169.84,167.5,2.34,0.29,False
2024-03-18,2024-04-12,TMO,11.18,1.9274,5.9,-3.82,-11.18,-1.9266,580.05,557.87,580.0,0.0,-0.02,False
2024-03-18,2024-04-12,V,3.83,1.3436,2.3,-4.83,-3.83,-1.3419,285.05,271.28,285.0,0.0,-0.02,False
2024-03-18,2024-04-12,WFC,1.88,3.2543,11.3,-1.38,-1.88,-3.2629,57.77,56.97,58.0,0.0,0.11,False
2024-03-18,2024-04-12,XOM,1.81,1.6118,8.3,6.57,5.87,5.2271,112.3,119.68,112.0,7.68,-0.15,False
2024-04-15,2024-05-10,AMZN,8.91,4.8524,5.2,1.61,-7.34,-3.9974,183.62,186.57,185.0,1.57,0.69,False
2024-04-15,2024-05-10,AVGO,48.6,3.708,5.9,2.05,-21.09,-1.6095,1310.69,1337.51,1310.0,27.51,-0.35,False
2024-04-15,2024-05-10,CVX,3.51,2.2273,1.4,4.4,3.52,2.2368,157.59,164.53,157.5,7.03,-0.04,False
2024-04-15,2024-05-10,GOOG,6.82,4.3626,5.3,9.32,6.57,4.2058,156.33,170.9,157.5,13.4,0.58,False
2024-04-15,2024-05-10,GOOGL,5.82,3.7582,4.9,9.22,8.32,5.3726,154.86,169.14,155.0,14.14,0.07,False
2024-04-15,2024-05-10,META,25.38,5.0737,0.7,-6.44,-25.38,-5.0747,500.23,468.01,500.0,0.0,-0.12,False
2024-04-15,2024-05-10,MRK,2.62,2.0762,3.9,2.46,0.66,0.527,126.19,129.29,126.0,3.29,-0.1,False
2024-04-15,2024-05-10,QCOM,7.98,4.6985,1.7,8.46,6.23,3.6682,169.84,184.21,170.0,14.21,0.08,False
2024-04-15,2024-05-10,XOM,3.11,2.5986,6.6,-1.48,-3.11,-2.5986,119.68,117.91,120.0,0.0,0.16,False
2024-05-13,2024-06-07,AAPL,1.77,0.9502,7.9,3.67,6.35,3.4088,186.28,193.12,185.0,8.12,-0.64,False
2024-05-13,2024-06-07,ADBE,13.7,2.8358,2.8,-4.8,-13.7,-2.8348,483.11,459.94,485.0,0.0,0.95,False
2024-05-13,2024-06-07,AMZN,2.66,1.4257,1.6,0.26,-0.6,-0.3243,186.57,187.06,185.0,2.06,-0.79,False
2024-05-13,2024-06-07,AVGO,49.24,3.6815,2.0,7.7,51.23,3.8299,1337.51,1440.47,1340.0,100.47,1.24,False
2024-05-13,2024-06-07,BAC,0.58,1.5179,6.3,3.82,1.09,2.8657,38.21,39.67,38.0,1.67,-0.1,False
2024-05-13,2024-06-07,BX,2.94,2.4073,0.8,-1.99,-2.94,-2.4032,122.13,119.7,122.0,0.0,-0.06,False
2024-05-13,2024-06-07,CMCSA,1.11,2.796,0.7,-2.29,-1.11,-2.796,39.7,38.79,40.0,0.0,0.15,False
2024-05-13,2024-06-07,COST,18.32,2.3634,7.9,9.44,55.02,7.0973,775.15,848.34,775.0,73.34,-0.08,False
2024-05-13,2024-06-07,CRM,13.64,4.915,1.7,-12.86,-13.64,-4.915,277.52,241.84,280.0,0.0,1.24,False
2024-05-13,2024-06-07,CVX,4.79,2.9113,4.4,-4.73,-4.79,-2.9083,164.53,156.74,165.0,0.0,0.24,False
2024-05-13,2024-06-07,GOOG,3.4,1.9895,9.3,3.35,3.23,1.89,170.9,176.63,170.0,6.63,-0.45,False
2024-05-13,2024-06-07,GOOGL,5.18,3.0626,9.2,3.47,-0.17,-0.1005,169.14,175.01,170.0,5.01,0.43,False
2024-05-13,2024-06-07,HD,8.34,2.446,0.9,-2.46,-8.34,-2.446,340.96,332.56,340.0,0.0,-0.48,False
2024-05-13,2024-06-07,INTU,20.38,3.2494,2.5,-9.56,-20.38,-3.2502,627.19,567.24,630.0,0.0,1.4,False
2024-05-13,2024-06-07,JNJ,1.2,0.7935,2.5,-2.7,-1.2,-0.7935,151.22,147.13,150.0,0.0,-0.61,False
2024-05-13,2024-06-07,JPM,4.4,2.2141,8.7,0.44,-4.4,-2.2115,198.73,199.61,200.0,0.0,0.64,False
2024-05-13,2024-06-07,KO,0.96,1.5099,9.4,0.02,-0.96,-1.5099,63.58,63.59,64.0,0.0,0.21,False
2024-05-13,2024-06-07,LLY,21.0,2.7715,0.9,14.16,84.0,11.0862,757.7,865.0,760.0,105.0,1.15,False
2024-05-13,2024-06-07,MRK,1.92,1.485,2.5,1.7,0.58,0.4447,129.29,131.49,129.0,2.49,-0.14,False
2024-05-13,2024-06-07,MSFT,9.06,2.1899,0.0,3.42,3.81,0.9209,413.72,427.87,415.0,12.87,0.64,False
2024-05-13,2024-06-07,NFLX,14.9,2.4165,1.6,4.53,14.59,2.367,616.59,644.5,615.0,29.5,-0.8,False
2024-05-13,2024-06-07,NVDA,55.7,6.1616,5.1,-86.53,-55.7,-6.1621,903.99,121.79,905.0,0.0,0.5,False
2024-05-13,2024-06-07,PEP,2.03,1.1222,8.4,-8.29,-2.03,-1.1222,180.9,165.9,180.0,0.0,-0.45,False
2024-05-13,2024-06-07,PG,0.91,0.5486,6.7,0.89,1.45,0.8712,165.87,167.35,165.0,2.35,-0.43,False
2024-05-13,2024-06-07,QCOM,5.54,3.0074,8.5,13.65,18.81,10.2085,184.21,209.35,185.0,24.35,0.39,False
2024-05-13,2024-06-07,TSLA,5.23,3.0426,6.4,1.11,-1.44,-0.8348,171.89,173.79,170.0,3.79,-0.94,False
2024-05-13,2024-06-07,UNH,6.13,1.1979,14.8,-3.27,-6.13,-1.1979,511.74,495.0,510.0,0.0,-0.87,False
2024-05-13,2024-06-07,V,3.87,1.3852,3.0,-1.56,-3.87,-1.3869,279.39,275.04,280.0,0.0,0.3,False
2024-05-13,2024-06-07,WFC,0.79,1.2896,7.5,-5.44,-0.79,-1.2896,61.26,57.93,61.0,0.0,-0.13,False
2024-05-13,2024-06-07,WMT,1.05,1.7381,0.8,10.84,5.91,9.7914,60.41,66.96,60.0,6.96,-0.2,False
2024-06-10,2024-07-05,AAPL,5.64,2.9205,3.7,17.97,27.18,14.0742,193.12,227.82,195.0,32.82,0.94,False
2024-06-10,2024-07-05,ABBV,3.52,2.065,5.7,-2.31,-3.52,-2.065,170.46,166.52,170.0,0.0,-0.23,False
2024-06-10,2024-07-05,ABT,1.66,1.5443,2.6,-5.0,-1.66,-1.5397,107.49,102.12,107.0,0.0,-0.24,False
2024-06-10,2024-07-05,AMZN,1.97,1.0531,0.3,6.54,12.32,6.5861,187.06,199.29,185.0,14.29,-1.03,False
2024-06-10,2024-07-05,AVGO,70.17,4.8713,7.7,-88.18,-70.17,-4.871,1440.47,170.33,1440.0,0.0,-0.23,False
2024-06-10,2024-07-05,BAC,1.12,2.8233,3.8,2.39,-0.5,-1.2478,39.67,40.62,40.0,0.62,0.17,False
2024-06-10,2024-07-05,COST,15.07,1.7764,9.4,3.83,15.77,1.8589,848.34,880.84,850.0,30.84,0.83,False
2024-06-10,2024-07-05,GOOG,1.93,1.0927,3.4,7.84,13.54,7.6686,176.63,190.48,175.0,15.48,-0.82,False
2024-06-10,2024-07-05,GOOGL,3.5,1.9999,3.5,8.01,10.53,6.0197,175.01,189.03,175.0,14.03,-0.0,False
2024-06-10,2024-07-05,IBM,2.38,1.3969,1.7,4.26,5.26,3.0872,170.38,177.64,170.0,7.64,-0.19,False
2024-06-10,2024-07-05,JPM,4.39,2.1993,0.4,2.79,0.77,0.3883,199.61,205.17,200.0,5.17,0.19,False
2024-06-10,2024-07-05,KO,1.5,2.3589,0.0,-0.99,-1.5,-2.3667,63.59,62.96,64.0,0.0,0.2,False
2024-06-10,2024-07-05,LLY,22.99,2.6578,14.2,6.13,30.01,3.4694,865.0,918.0,865.0,53.0,0.0,False
2024-06-10,2024-07-05,META,16.1,3.2033,7.4,5.32,8.22,1.6355,502.6,529.32,505.0,24.32,1.2,False
2024-06-10,2024-07-05,MRK,0.07,0.0532,1.7,-4.34,-0.07,-0.057,131.49,125.78,129.0,0.0,-1.25,False
2024-06-10,2024-07-05,MSFT,9.72,2.2717,3.4,8.97,26.52,6.1993,427.87,466.24,430.0,36.24,1.07,False
2024-06-10,2024-07-05,NFLX,16.15,2.5058,4.5,6.4,24.59,3.8154,644.5,685.74,645.0,40.74,0.25,False
2024-06-10,2024-07-05,NKE,3.61,3.7604,3.5,-23.91,-3.61,-3.7604,96.0,73.05,96.0,0.0,0.0,False
2024-06-10,2024-07-05,ORCL,4.36,3.502,7.0,16.49,16.67,13.3896,124.5,145.03,124.0,21.03,-0.25,False
2024-06-10,2024-07-05,PG,,,0.9,-0.5,1.52,0.9083,167.35,166.52,165.0,1.52,-1.18,False
2024-06-10,2024-07-05,QCOM,6.17,2.9472,13.6,-0.7,-6.17,-2.9496,209.35,207.89,210.0,0.0,0.32,False
2024-06-10,2024-07-05,TMO,14.8,2.5452,4.2,-7.12,-14.8,-2.5452,581.48,540.1,580.0,0.0,-0.74,False
2024-06-10,2024-07-05,TSLA,10.21,5.8749,1.1,45.54,67.73,38.9752,173.79,252.94,175.0,77.94,0.61,False
2024-06-10,2024-07-05,WMT,0.82,1.2246,10.8,4.06,1.86,2.7778,66.96,69.68,67.0,2.68,0.02,False
2024-07-08,2024-08-02,AAPL,8.09,3.551,18.0,-8.14,-8.09,-3.551,227.82,209.27,230.0,0.0,1.09,False
2024-07-08,2024-08-02,ADBE,13.6,2.3636,25.1,-11.48,-13.6,-2.3636,575.4,509.32,575.0,0.0,-0.2,False
2024-07-08,2024-08-02,AMZN,8.89,4.4608,6.5,-19.2,-8.89,-4.4583,199.29,161.02,200.0,0.0,0.36,False
2024-07-08,2024-08-02,BAC,1.39,3.422,2.4,-9.77,-1.39,-3.422,40.62,36.65,41.0,0.0,0.19,False
2024-07-08,2024-08-02,BX,4.37,3.6184,0.9,7.24,4.14,3.4321,120.77,129.51,121.0,8.51,0.12,False
2024-07-08,2024-08-02,COST,14.43,1.6382,3.8,-8.97,-14.43,-1.6382,880.84,801.83,880.0,0.0,-0.42,False
2024-07-08,2024-08-02,CRM,3.38,1.3133,6.4,-7.13,-3.38,-1.3113,257.37,239.01,255.0,0.0,-1.18,False
2024-07-08,2024-08-02,GOOG,5.68,2.9819,7.8,-15.67,-5.68,-2.9819,190.48,160.64,190.0,0.0,-0.24,False
2024-07-08,2024-08-02,GOOGL,7.29,3.8565,8.0,-15.75,-7.29,-3.8539,189.03,159.25,190.0,0.0,0.49,False
2024-07-08,2024-08-02,HD,7.35,2.1643,2.1,3.07,2.66,0.7833,339.6,350.01,340.0,10.01,0.2,False
2024-07-08,2024-08-02,IBM,8.23,4.633,4.3,3.19,-4.92,-2.7696,177.64,183.31,180.0,3.31,1.18,False
2024-07-08,2024-08-02,JPM,4.57,2.2274,2.8,-5.01,-4.57,-2.225,205.17,194.9,205.0,0.0,-0.08,False
2024-07-08,2024-08-02,LLY,23.75,2.5871,6.1,-15.55,-23.75,-2.5871,918.0,775.26,920.0,0.0,1.0,False
2024-07-08,2024-08-02,META,27.84,5.2596,5.3,-10.12,-27.84,-5.2596,529.32,475.73,530.0,0.0,0.34,False
2024-07-08,2024-08-02,MSFT,10.73,2.3014,9.0,-15.25,-10.73,-2.3014,466.24,395.15,465.0,0.0,-0.62,False
2024-07-08,2024-08-02,NFLX,31.08,4.5323,6.4,-12.71,-31.08,-4.5323,685.74,598.55,685.0,0.0,-0.37,False
2024-07-08,2024-08-02,NOW,29.37,3.8332,8.0,1.97,-13.1,-1.7097,766.2,781.27,765.0,16.27,-0.6,False
2024-07-08,2024-08-02,NVDA,6.2,4.8362,5.3,-21.65,-6.2,-4.8362,128.2,100.45,128.0,0.0,-0.1,False
2024-07-08,2024-08-02,ORCL,3.19,2.1995,16.5,-11.84,-3.19,-2.1961,145.03,127.86,145.0,0.0,-0.01,False
2024-07-08,2024-08-02,TSLA,19.85,7.8477,45.5,-21.37,-19.85,-7.8477,252.94,198.88,255.0,0.0,1.03,False
2024-07-08,2024-08-02,WFC,1.58,2.6775,1.9,-11.68,-1.58,-2.669,59.01,52.12,59.0,0.0,-0.0,False
2024-07-08,2024-08-02,WMT,1.36,1.9518,4.1,-3.0,-1.36,-1.9518,69.68,67.59,70.0,0.0,0.16,False
2024-08-02,2024-08-30,ABT,1.38,1.2398,9.0,1.76,2.89,2.6008,111.31,113.27,109.0,4.27,-1.15,False
2024-08-05,2024-08-30,ABBV,5.72,3.1026,10.7,6.48,5.59,3.0321,184.36,196.31,185.0,11.31,0.32,False
2024-08-05,2024-08-30,BX,5.3,4.0923,7.2,9.92,7.06,5.4552,129.51,142.36,130.0,12.36,0.25,False
2024-08-05,2024-08-30,CMCSA,1.19,3.0373,5.0,1.0,-0.62,-1.5824,39.18,39.57,39.0,0.57,-0.09,False
2024-08-05,2024-08-30,HD,14.29,4.0827,3.1,5.28,4.21,1.2014,350.01,368.5,350.0,18.5,-0.01,False
2024-08-05,2024-08-30,IBM,7.74,4.2224,3.2,10.27,9.4,5.1252,183.31,202.13,185.0,17.13,0.85,False
2024-08-05,2024-08-30,INTU,26.06,4.3219,6.3,4.53,4.2,0.6974,602.97,630.26,600.0,30.26,-1.48,False
2024-08-05,2024-08-30,JNJ,3.1,1.9225,10.8,2.86,2.77,1.7147,161.25,165.86,160.0,5.86,-0.62,False
2024-08-05,2024-08-30,KO,1.39,2.0411,8.2,6.42,3.08,4.5228,68.1,72.47,68.0,4.47,-0.05,False
2024-08-05,2024-08-30,NOW,31.99,4.0946,2.0,-78.11,-31.99,-4.094,781.27,171.0,780.0,0.0,-0.63,False
2024-08-05,2024-08-30,PEP,5.26,3.0223,7.4,-0.67,-5.26,-3.0223,174.04,172.88,175.0,0.0,0.48,False
2024-08-05,2024-08-30,PG,5.47,3.2548,0.9,2.07,-3.93,-2.3385,168.06,171.54,170.0,1.54,0.97,False
2024-08-05,2024-08-30,TMO,16.98,2.8393,10.7,2.85,-1.91,-0.3202,598.03,615.07,600.0,15.07,0.98,False
2024-08-05,2024-08-30,UNH,15.52,2.723,16.5,3.55,4.68,0.8211,569.96,590.2,570.0,20.2,0.02,False
2024-08-05,2024-08-30,XOM,3.87,3.372,2.3,2.76,-0.92,-0.806,114.77,117.94,115.0,2.94,0.12,False
2024-08-30,2024-09-27,AAPL,6.35,2.7729,9.4,1.75,-3.35,-1.4629,229.0,233.0,230.0,3.0,0.5,False
2024-08-30,2024-09-27,ABBV,3.0,1.5282,6.5,0.6,-0.52,-0.2623,196.31,197.48,195.0,2.48,-0.65,False
2024-08-30,2024-09-27,ABT,1.27,1.1212,1.8,0.65,-0.25,-0.2251,113.27,114.01,113.0,1.01,-0.13,False
2024-08-30,2024-09-27,ADBE,24.12,4.1991,12.8,-9.86,-24.12,-4.1982,574.41,517.78,575.0,0.0,0.3,False
2024-08-30,2024-09-27,AMZN,5.88,3.2941,10.9,4.39,0.45,0.2521,178.5,186.33,180.0,6.33,0.75,False
2024-08-30,2024-09-27,AVGO,12.09,7.4254,14.6,5.95,-4.59,-2.8191,162.82,172.5,165.0,7.5,1.09,False
2024-08-30,2024-09-27,BAC,1.21,2.9693,11.2,-2.63,-1.21,-2.9571,40.75,39.68,41.0,0.0,0.12,False
2024-08-30,2024-09-27,BX,4.04,2.8379,9.9,7.57,7.09,4.9803,142.36,153.13,142.0,11.13,-0.18,False
2024-08-30,2024-09-27,CMCSA,1.4,3.538,1.0,5.56,0.37,0.9477,39.57,41.77,40.0,1.77,0.22,False
2024-08-30,2024-09-27,COST,20.41,2.2871,11.3,-0.66,-20.41,-2.2871,892.38,886.52,890.0,0.0,-1.19,False
2024-08-30,2024-09-27,CRM,8.75,3.4599,5.8,8.23,9.96,3.9383,252.9,273.71,255.0,18.71,1.05,False
2024-08-30,2024-09-27,CVX,5.63,3.8053,2.3,-0.46,-5.63,-3.802,147.95,147.27,150.0,0.0,1.03,False
2024-08-30,2024-09-27,DIS,1.5,1.6597,3.0,6.43,4.69,5.1892,90.38,96.19,90.0,6.19,-0.19,False
2024-08-30,2024-09-27,GOOG,4.14,2.5074,2.8,1.26,-1.95,-1.1841,165.11,167.19,165.0,2.19,-0.06,False
2024-08-30,2024-09-27,GOOGL,5.36,3.2807,2.6,1.51,-4.51,-2.7604,163.38,165.85,165.0,0.85,0.81,False
2024-08-30,2024-09-27,HD,8.93,2.4233,5.3,9.96,26.27,7.1289,368.5,405.2,370.0,35.2,0.75,False
2024-08-30,2024-09-27,IBM,1.83,0.9054,10.3,9.38,19.25,9.5211,202.13,221.08,200.0,21.08,-1.07,False
2024-08-30,2024-09-27,INTU,16.37,2.5973,4.5,-1.47,-16.37,-2.5973,630.26,621.0,630.0,0.0,-0.13,False
2024-08-30,2024-09-27,JNJ,1.25,0.7536,2.9,-2.29,-1.25,-0.7536,165.86,162.06,165.0,0.0,-0.43,False
2024-08-30,2024-09-27,JPM,4.1,1.8238,15.3,-6.2,-4.1,-1.8238,224.8,210.86,225.0,0.0,0.1,False
2024-08-30,2024-09-27,KO,0.61,0.8417,6.4,-0.84,-0.61,-0.8486,72.47,71.86,72.0,0.0,-0.24,False
2024-08-30,2024-09-27,LLY,32.83,3.4197,23.8,-7.72,-32.83,-3.4197,960.02,885.94,960.0,0.0,-0.01,False
2024-08-30,2024-09-27,MA,5.82,1.2041,9.4,2.16,7.98,1.651,483.34,493.8,480.0,13.8,-1.67,False
2024-08-30,2024-09-27,META,14.06,2.6971,9.6,9.81,38.39,7.3632,521.31,572.44,520.0,52.44,-0.65,False
2024-08-30,2024-09-27,MRK,2.98,2.5158,5.5,-4.13,-2.98,-2.5116,118.45,113.56,118.0,0.0,-0.22,False
2024-08-30,2024-09-27,MSFT,6.93,1.6613,5.6,3.15,8.37,2.0065,417.14,430.3,415.0,15.3,-1.07,False
2024-08-30,2024-09-27,NFLX,16.52,2.3555,17.2,1.13,-7.25,-1.0344,701.35,709.27,700.0,9.27,-0.68,False
2024-08-30,2024-09-27,NKE,3.44,4.1287,16.7,6.1,1.96,2.3524,83.32,88.4,83.0,5.4,-0.16,False
2024-08-30,2024-09-27,NVDA,5.52,4.6243,18.8,1.73,-3.08,-2.5844,119.37,121.44,119.0,2.44,-0.19,False
2024-08-30,2024-09-27,ORCL,6.16,4.3598,10.5,20.6,23.24,16.452,141.29,170.4,141.0,29.4,-0.14,False
2024-08-30,2024-09-27,PG,0.98,0.5713,2.1,0.97,2.22,1.2942,171.54,173.2,170.0,3.2,-0.77,False
2024-08-30,2024-09-27,QCOM,6.65,3.7935,11.0,-2.99,-6.65,-3.7935,175.3,170.05,175.0,0.0,-0.15,False
2024-08-30,2024-09-27,TSLA,11.04,5.1562,7.7,22.19,35.59,16.62,214.11,261.63,215.0,46.63,0.44,False
2024-08-30,2024-09-27,UNH,14.0,2.3721,3.6,-0.94,-14.0,-2.3721,590.2,584.68,590.0,0.0,-0.1,False
2024-08-30,2024-09-27,V,3.03,1.0964,7.8,-0.51,-3.03,-1.0945,276.37,274.95,275.0,0.0,-0.68,False
2024-08-30,2024-09-27,WFC,0.84,1.4366,12.2,-3.39,-0.84,-1.4452,58.47,56.49,58.0,0.0,-0.24,False
2024-08-30,2024-09-27,WMT,0.79,1.0229,14.3,4.56,2.96,3.8262,77.23,80.75,77.0,3.75,-0.12,False
2024-08-30,2024-09-27,XOM,2.68,2.2723,2.8,-0.61,-2.68,-2.2723,117.94,117.22,118.0,0.0,0.03,False
2024-09-30,2024-10-25,AAPL,6.73,2.8884,1.7,0.17,-6.73,-2.8884,233.0,233.4,235.0,0.0,1.0,False
2024-09-30,2024-10-25,ABBV,2.26,1.1444,0.6,-3.95,-2.26,-1.1444,197.48,189.68,195.0,0.0,-1.24,False
2024-09-30,2024-10-25,ABT,3.54,3.105,0.7,0.05,-3.47,-3.048,114.01,114.07,114.0,0.07,-0.01,False
2024-09-30,2024-10-25,AMZN,4.03,2.1628,4.4,1.11,-0.64,-0.3462,186.33,188.39,185.0,3.39,-0.67,False
2024-09-30,2024-10-25,AVGO,5.05,2.9275,5.9,-0.28,-3.03,-1.7565,172.5,172.02,170.0,2.02,-1.25,False
2024-09-30,2024-10-25,BX,4.53,2.9583,7.6,11.0,12.94,8.4471,153.13,169.97,152.5,17.47,-0.32,False
2024-09-30,2024-10-25,CMCSA,1.47,3.5193,5.6,0.17,-1.47,-3.5073,41.77,41.84,42.0,0.0,0.12,False
2024-09-30,2024-10-25,CRM,9.87,3.606,8.2,7.33,8.9,3.2534,273.71,293.77,275.0,18.77,0.65,False
2024-09-30,2024-10-25,DIS,2.1,2.1832,6.4,0.01,-1.91,-1.9805,96.19,96.2,96.0,0.2,-0.1,False
2024-09-30,2024-10-25,GOOG,3.4,2.0336,1.3,0.69,-0.07,-0.0389,167.19,168.34,165.0,3.34,-1.1,False
2024-09-30,2024-10-25,GOOGL,4.42,2.6651,1.5,0.52,-2.7,-1.631,165.85,166.72,165.0,1.72,-0.43,False
2024-09-30,2024-10-25,HD,7.5,1.8509,10.0,-0.57,-7.5,-1.8509,405.2,402.89,405.0,0.0,-0.1,False
2024-09-30,2024-10-25,IBM,7.01,3.1708,9.4,-3.7,-7.01,-3.1708,221.08,212.91,220.0,0.0,-0.54,False
2024-09-30,2024-10-25,MA,11.01,2.2296,2.2,2.92,2.2,0.4455,493.8,508.21,495.0,13.21,0.6,False
2024-09-30,2024-10-25,META,15.97,2.7898,9.8,1.0,-7.81,-1.3643,572.44,578.16,570.0,8.16,-1.22,False
2024-09-30,2024-10-25,MSFT,9.52,2.2124,3.2,-0.86,-9.52,-2.2124,430.3,426.59,430.0,0.0,-0.15,False
2024-09-30,2024-10-25,NFLX,34.13,4.812,1.1,5.62,4.99,0.7028,709.27,749.12,710.0,39.12,0.36,False
2024-09-30,2024-10-25,NKE,3.4,3.8462,6.1,-10.74,-3.4,-3.8462,88.4,78.91,88.0,0.0,-0.2,False
2024-09-30,2024-10-25,NOW,19.6,2.1914,14.5,5.66,30.4,3.3984,894.39,945.0,895.0,50.0,0.3,False
2024-09-30,2024-10-25,NVDA,5.04,4.1502,1.7,15.71,14.48,11.9236,121.44,140.52,121.0,19.52,-0.22,False
2024-09-30,2024-10-25,ORCL,3.9,2.2887,20.6,1.19,-1.48,-0.8685,170.4,172.42,170.0,2.42,-0.2,False
2024-09-30,2024-10-25,PG,5.4,3.1178,1.0,-2.25,-5.4,-3.1178,173.2,169.3,175.0,0.0,0.9,False
2024-09-30,2024-10-25,TMO,18.61,3.0086,3.4,-10.67,-18.61,-3.0094,618.57,552.54,620.0,0.0,0.71,False
2024-09-30,2024-10-25,TSLA,18.71,7.1513,22.2,0.34,-16.2,-6.1939,261.63,262.51,260.0,2.51,-0.82,False
2024-09-30,2024-10-25,WMT,1.65,2.0433,4.6,2.48,0.1,0.13,80.75,82.75,81.0,1.75,0.12,False
2024-10-28,2024-11-22,AAPL,7.9,3.3847,0.2,-0.23,-7.9,-3.3847,233.4,232.87,235.0,0.0,0.8,False
2024-10-28,2024-11-22,ABT,2.64,2.3144,0.1,3.56,1.49,1.3106,114.07,118.13,114.0,4.13,-0.03,False
2024-10-28,2024-11-22,AMZN,9.36,4.9684,1.1,6.93,2.09,1.1121,188.39,201.45,190.0,11.45,0.81,False
2024-10-28,2024-11-22,BAC,1.46,3.4256,7.4,11.45,3.04,7.1328,42.62,47.5,43.0,4.5,0.19,False
2024-10-28,2024-11-22,BX,5.14,3.0241,11.0,13.62,17.97,10.5754,169.97,193.12,170.0,23.12,0.01,False
2024-10-28,2024-11-22,CMCSA,0.62,1.4818,0.2,3.25,0.58,1.3862,41.84,43.2,42.0,1.2,0.08,False
2024-10-28,2024-11-22,COST,18.73,2.1022,0.5,7.85,52.16,5.8544,890.96,960.89,890.0,70.89,-0.48,False
2024-10-28,2024-11-22,CRM,9.52,3.2406,7.3,15.43,34.59,11.7762,293.77,339.11,295.0,44.11,0.62,False
2024-10-28,2024-11-22,CVX,4.4,2.9228,2.2,6.52,5.96,3.9591,150.54,160.36,150.0,10.36,-0.27,False
2024-10-28,2024-11-22,DIS,3.69,3.8358,0.0,20.58,16.31,16.9543,96.2,116.0,96.0,20.0,-0.1,False
2024-10-28,2024-11-22,GOOG,8.55,5.079,0.7,0.65,-8.55,-5.079,168.34,169.43,170.0,0.0,0.83,False
2024-10-28,2024-11-22,GOOGL,5.27,3.161,0.5,0.56,-2.62,-1.5715,166.72,167.65,165.0,2.65,-0.86,False
2024-10-28,2024-11-22,JPM,4.95,2.1951,6.9,10.99,20.34,9.02,225.5,250.29,225.0,25.29,-0.25,False
2024-10-28,2024-11-22,LLY,34.3,3.8299,1.1,-15.7,-34.3,-3.8304,895.59,755.0,895.0,0.0,-0.3,False
2024-10-28,2024-11-22,MA,11.5,2.2628,2.9,3.62,5.1,1.0045,508.21,526.6,510.0,16.6,0.9,False
2024-10-28,2024-11-22,META,30.97,5.3566,1.0,-2.26,-30.97,-5.3567,578.16,565.11,580.0,0.0,0.92,False
2024-10-28,2024-11-22,NFLX,19.44,2.595,5.6,15.55,96.15,12.8351,749.12,865.59,750.0,115.59,0.44,False
2024-10-28,2024-11-22,NOW,20.3,2.1481,5.7,11.4,87.41,9.2497,945.0,1052.71,945.0,107.71,0.0,False
2024-10-28,2024-11-22,NVDA,9.34,6.6467,15.7,-3.2,-9.34,-6.6467,140.52,136.02,141.0,0.0,0.24,False
2024-10-28,2024-11-22,ORCL,2.17,1.2586,1.2,9.03,15.82,9.1753,172.42,187.99,170.0,17.99,-1.21,False
2024-10-28,2024-11-22,QCOM,6.25,3.6291,1.3,-7.78,-6.25,-3.6291,172.22,158.82,170.0,0.0,-1.11,False
2024-10-28,2024-11-22,TSLA,17.39,6.6245,0.3,28.98,56.2,21.4068,262.51,338.59,265.0,73.59,1.24,False
2024-10-28,2024-11-22,V,7.85,2.7622,3.4,10.2,20.34,7.1554,284.19,313.19,285.0,28.19,0.4,False
2024-10-28,2024-11-22,WFC,2.68,4.0847,16.1,17.21,8.22,12.521,65.61,76.9,66.0,10.9,0.19,False
2024-10-28,2024-11-22,WMT,2.62,3.1662,2.5,8.16,3.88,4.6828,82.75,89.5,83.0,6.5,0.12,False
2024-10-28,2024-11-22,XOM,3.54,2.9773,1.4,0.9,-2.57,-2.1615,118.9,119.97,119.0,0.97,0.05,False
2024-11-25,2024-12-20,ABT,1.85,1.5661,3.6,-3.23,-1.85,-1.5618,118.13,114.31,118.0,0.0,-0.06,False
2024-11-25,2024-12-20,ADBE,23.29,4.4898,7.8,-13.88,-23.29,-4.4888,518.73,446.74,517.5,0.0,-0.61,False
2024-11-25,2024-12-20,AMZN,6.63,3.2911,6.9,11.72,15.93,7.9101,201.45,225.06,202.5,22.56,0.53,False
2024-11-25,2024-12-20,BAC,1.09,2.2947,11.5,-7.6,-1.09,-2.2947,47.5,43.89,47.5,0.0,0.0,False
2024-11-25,2024-12-20,BX,3.69,1.9107,13.6,-10.84,-3.69,-1.9107,193.12,172.19,192.5,0.0,-0.31,False
2024-11-25,2024-12-20,CMCSA,0.56,1.2963,3.3,-12.08,-0.56,-1.2963,43.2,37.98,43.0,0.0,-0.1,False
2024-11-25,2024-12-20,COST,23.55,2.4509,7.8,-1.14,-23.55,-2.4514,960.89,949.91,960.0,0.0,-0.45,False
2024-11-25,2024-12-20,CRM,15.05,4.4381,15.4,1.12,-12.15,-3.5814,339.11,342.9,340.0,2.9,0.45,False
2024-11-25,2024-12-20,CVX,2.33,1.453,6.5,-10.84,-2.33,-1.453,160.36,142.97,160.0,0.0,-0.18,False
2024-11-25,2024-12-20,DIS,2.39,2.0603,20.6,-3.97,-2.39,-2.0603,116.0,111.4,116.0,0.0,0.0,False
2024-11-25,2024-12-20,GOOG,4.52,2.6678,0.6,15.68,21.48,12.6749,169.43,195.99,170.0,25.99,0.29,False
2024-11-25,2024-12-20,GOOGL,3.88,2.3143,0.6,16.09,23.26,13.8712,167.65,194.63,167.5,27.13,-0.07,False
2024-11-25,2024-12-20,HD,8.84,2.0622,6.4,-8.45,-8.84,-2.0634,428.67,392.45,427.5,0.0,-0.59,False
2024-11-25,2024-12-20,IBM,3.73,1.6495,6.2,-1.86,-3.73,-1.6517,226.13,221.93,225.0,0.0,-0.57,False
2024-11-25,2024-12-20,INTU,14.79,2.3305,3.7,0.58,-11.49,-1.8105,634.62,638.3,635.0,3.3,0.19,False
2024-11-25,2024-12-20,JPM,4.36,1.742,11.0,-4.75,-4.36,-1.74,250.29,238.39,250.0,0.0,-0.14,False
2024-11-25,2024-12-20,MA,10.1,1.918,3.6,0.45,-8.64,-1.6407,526.6,528.96,527.5,1.46,0.45,False
2024-11-25,2024-12-20,NFLX,20.71,2.3926,15.5,5.3,25.74,2.9743,865.59,911.45,865.0,46.45,-0.29,False
2024-11-25,2024-12-20,NKE,3.33,4.2014,0.4,-3.15,-3.33,-4.2014,79.26,76.76,79.0,0.0,-0.13,False
2024-11-25,2024-12-20,NOW,25.14,2.3881,11.4,3.38,8.11,0.7709,1052.71,1088.26,1055.0,33.26,1.14,False
2024-11-25,2024-12-20,ORCL,7.68,4.0853,9.0,-10.03,-7.68,-4.088,187.99,169.14,187.5,0.0,-0.25,False
2024-11-25,2024-12-20,PG,2.36,1.3304,4.8,-5.23,-2.36,-1.3276,177.39,168.11,177.5,0.0,0.06,False
2024-11-25,2024-12-20,TSLA,18.41,5.4373,29.0,27.17,74.7,22.0606,338.59,430.6,337.5,93.1,-0.54,False
2024-11-25,2024-12-20,UNH,13.78,2.2746,7.3,-16.42,-13.78,-2.2754,605.83,506.34,605.0,0.0,-0.42,False
2024-11-25,2024-12-20,V,3.95,1.2612,10.2,1.29,0.77,0.2443,313.19,317.22,312.5,4.72,-0.35,False
2024-11-25,2024-12-20,WFC,2.04,2.6528,17.2,-8.27,-2.04,-2.6528,76.9,70.54,77.0,0.0,0.05,False
2024-11-25,2024-12-20,WMT,1.31,1.4637,8.2,0.95,0.04,0.0447,89.5,90.35,89.0,1.35,-0.25,False
2024-11-25,2024-12-20,XOM,2.41,2.0088,0.9,-11.39,-2.41,-2.013,119.97,106.3,120.0,0.0,0.01,False
2024-12-23,2025-01-17,AAPL,3.96,1.5513,9.6,-9.91,-3.96,-1.5533,255.27,229.98,255.0,0.0,-0.14,False
2024-12-23,2025-01-17,ABBV,6.01,3.369,0.8,-3.83,-6.01,-3.3662,178.39,171.56,180.0,0.0,0.81,False
2024-12-23,2025-01-17,AMZN,5.57,2.4749,11.7,0.39,-4.63,-2.0572,225.06,225.94,225.0,0.94,-0.03,False
2024-12-23,2025-01-17,AVGO,10.07,4.334,41.0,2.19,-5.13,-2.21,232.35,237.44,232.5,4.94,0.07,False
2024-12-23,2025-01-17,CRM,7.95,2.3185,1.1,-5.35,-7.95,-2.3185,342.9,324.56,342.5,0.0,-0.2,False
2024-12-23,2025-01-17,GOOG,3.85,1.9644,15.7,0.8,-1.3,-0.6658,195.99,197.55,195.0,2.55,-0.5,False
2024-12-23,2025-01-17,GOOGL,5.18,2.6615,16.1,0.7,-4.18,-2.1502,194.63,196.0,195.0,1.0,0.18,False
2024-12-23,2025-01-17,INTU,16.78,2.6289,0.6,-5.35,-16.78,-2.6289,638.3,604.13,637.5,0.0,-0.4,False
2024-12-23,2025-01-17,LLY,21.29,2.6737,5.5,-8.86,-21.29,-2.6737,796.28,725.72,795.0,0.0,-0.64,False
2024-12-23,2025-01-17,MA,11.25,2.1268,0.4,-0.81,-11.25,-2.1268,528.96,524.7,530.0,0.0,0.52,False
2024-12-23,2025-01-17,META,17.46,2.9107,6.1,2.15,-4.68,-0.781,599.85,612.77,600.0,12.77,0.08,False
2024-12-23,2025-01-17,MSFT,7.57,1.7392,3.9,-1.43,-7.57,-1.7381,435.25,429.03,435.0,0.0,-0.12,False
2024-12-23,2025-01-17,NFLX,24.18,2.6529,5.3,-5.85,-24.18,-2.6524,911.45,858.1,912.5,0.0,0.53,False
2024-12-23,2025-01-17,NOW,21.77,2.0004,3.4,-1.54,-21.77,-2.0004,1088.26,1071.48,1090.0,0.0,0.87,False
2024-12-23,2025-01-17,NVDA,6.27,4.4892,2.7,-1.4,-6.27,-4.4856,139.67,137.71,140.0,0.0,0.17,False
2024-12-23,2025-01-17,TMO,12.06,2.2959,2.2,6.54,22.6,4.3014,525.29,559.65,525.0,34.65,-0.14,False
2024-12-23,2025-01-17,TSLA,26.9,6.2471,27.2,-0.95,-26.9,-6.2471,430.6,426.5,430.0,0.0,-0.3,False
2024-12-23,2025-01-17,V,5.94,1.8725,1.3,0.76,-3.82,-1.2042,317.22,319.62,317.5,2.12,0.14,False
2024-12-23,2025-01-17,WMT,1.26,1.3946,0.9,1.76,0.69,0.7582,90.35,91.94,90.0,1.94,-0.17,False
2025-01-17,2025-02-14,AMZN,7.88,3.4877,0.4,1.21,-4.2,-1.8589,225.94,228.68,225.0,3.68,-0.47,False
2025-01-17,2025-02-14,AVGO,6.59,2.7754,2.2,-1.85,-6.59,-2.7754,237.44,233.04,235.0,0.0,-1.22,False
2025-01-17,2025-02-14,BAC,1.47,3.1593,6.0,0.92,-1.47,-3.1485,46.53,46.96,47.0,0.0,0.24,False
2025-01-17,2025-02-14,CVX,4.51,2.7931,12.9,-3.8,-4.51,-2.7962,161.47,155.34,162.5,0.0,0.51,False
2025-01-17,2025-02-14,GOOG,9.37,4.7431,0.8,-5.41,-9.37,-4.7456,197.55,186.87,200.0,0.0,1.22,False
2025-01-17,2025-02-14,GOOGL,5.8,2.9592,0.7,-5.49,-5.8,-2.9592,196.0,185.23,195.0,0.0,-0.5,False
2025-01-17,2025-02-14,HD,8.23,2.0104,4.3,0.03,-8.23,-2.0104,409.38,409.5,410.0,0.0,0.31,False
2025-01-17,2025-02-14,IBM,9.56,4.2529,1.3,16.23,26.72,11.8889,224.79,261.28,225.0,36.28,0.11,False
2025-01-17,2025-02-14,JNJ,2.55,1.7343,1.2,6.2,6.6,4.4923,147.03,156.15,147.0,9.15,-0.01,False
2025-01-17,2025-02-14,JPM,5.72,2.2071,8.7,6.73,10.87,4.1943,259.16,276.59,260.0,16.59,0.42,False
2025-01-17,2025-02-14,KO,1.55,2.4717,0.5,9.82,4.33,6.8968,62.71,68.87,63.0,5.87,0.15,False
2025-01-17,2025-02-14,META,31.76,5.183,2.2,20.22,89.9,14.6719,612.77,736.67,615.0,121.67,1.11,False
2025-01-17,2025-02-14,QCOM,7.07,4.2963,4.0,4.66,0.16,0.0972,164.56,172.23,165.0,7.23,0.22,False
2025-01-17,2025-02-14,TMO,13.92,2.4873,6.5,-4.97,-13.92,-2.4882,559.65,531.85,560.0,0.0,0.17,False
2025-01-17,2025-02-14,UNH,9.77,1.9166,0.7,2.7,3.74,0.7337,509.76,523.51,510.0,13.51,0.12,False
2025-01-17,2025-02-14,V,5.49,1.7177,0.8,10.7,28.32,8.8605,319.62,353.81,320.0,33.81,0.19,False
2025-01-17,2025-02-14,WFC,2.17,2.8153,9.3,3.76,0.81,1.0509,77.08,79.98,77.0,2.98,-0.04,False
2025-01-17,2025-02-14,WMT,1.73,1.8817,1.8,13.16,10.31,11.2138,91.94,104.04,92.0,12.04,0.03,False
2025-01-17,2025-02-14,XOM,2.4,2.1368,5.7,-3.63,-2.4,-2.1368,112.32,108.24,112.0,0.0,-0.16,False
2025-02-14,2025-03-14,AAPL,5.6,2.2895,6.4,-12.51,-5.6,-2.2895,244.6,214.0,245.0,0.0,0.2,False
2025-02-14,2025-03-14,ABBV,5.62,2.9139,12.4,11.2,13.85,7.1836,192.87,214.47,195.0,19.47,1.07,False
2025-02-14,2025-03-14,ABT,2.65,2.0289,15.1,-2.27,-2.65,-2.0328,130.61,127.64,131.0,0.0,0.19,False
2025-02-14,2025-03-14,ADBE,21.09,4.5832,7.0,-13.22,-21.09,-4.5832,460.16,399.34,460.0,0.0,-0.08,False
2025-02-14,2025-03-14,AMZN,7.16,3.131,1.2,-14.4,-7.16,-3.131,228.68,195.74,230.0,0.0,0.66,False
2025-02-14,2025-03-14,BAC,1.24,2.6405,0.9,-11.75,-1.24,-2.6405,46.96,41.44,47.0,0.0,0.02,False
2025-02-14,2025-03-14,COST,26.33,2.4565,13.6,-14.48,-26.33,-2.456,1071.85,916.61,1070.0,0.0,-0.92,False
2025-02-14,2025-03-14,CRM,14.66,4.4895,0.6,-14.02,-14.66,-4.4895,326.54,280.75,325.0,0.0,-0.77,False
2025-02-14,2025-03-14,DIS,1.86,1.6851,3.1,-9.98,-1.86,-1.6851,110.38,99.36,110.0,0.0,-0.19,False
2025-02-14,2025-03-14,HD,10.9,2.6618,0.0,-13.52,-10.9,-2.6618,409.5,354.13,410.0,0.0,0.25,False
2025-02-14,2025-03-14,IBM,4.71,1.8027,16.2,-3.18,-4.71,-1.8027,261.28,252.97,260.0,0.0,-0.64,False
2025-02-14,2025-03-14,JNJ,1.44,0.9222,6.2,4.28,6.4,4.1018,156.15,162.84,155.0,7.84,-0.57,False
2025-02-14,2025-03-14,JPM,3.71,1.3413,6.7,-15.42,-3.71,-1.3395,276.59,233.93,275.0,0.0,-0.79,False
2025-02-14,2025-03-14,KO,1.22,1.7715,9.8,1.82,-0.1,-0.1525,68.87,70.12,69.0,1.12,0.06,False
2025-02-14,2025-03-14,LLY,20.78,2.4613,16.3,-3.65,-20.78,-2.4619,844.27,813.48,845.0,0.0,0.36,False
2025-02-14,2025-03-14,MA,9.32,1.6503,6.8,-5.8,-9.32,-1.6503,564.76,531.99,565.0,0.0,0.12,False
2025-02-14,2025-03-14,META,18.87,2.5615,20.2,-17.89,-18.87,-2.5608,736.67,604.9,735.0,0.0,-0.83,False
2025-02-14,2025-03-14,NFLX,29.15,2.7536,23.4,-10.26,-29.15,-2.7536,1058.6,950.02,1060.0,0.0,0.7,False
2025-02-14,2025-03-14,NKE,2.15,2.9436,3.1,0.9,-1.45,-1.9852,73.04,73.7,73.0,0.7,-0.02,False
2025-02-14,2025-03-14,NVDA,8.59,6.1865,0.8,-13.91,-8.59,-6.1901,138.85,119.53,139.0,0.0,0.07,False
2025-02-14,2025-03-14,ORCL,9.81,5.6328,8.2,-11.57,-9.81,-5.6328,174.16,154.01,175.0,0.0,0.42,False
2025-02-14,2025-03-14,PG,4.46,2.738,1.1,4.22,0.3,0.1872,162.89,169.76,165.0,4.76,1.06,False
2025-02-14,2025-03-14,QCOM,3.07,1.7825,4.7,-8.29,-3.07,-1.7796,172.23,157.95,170.0,0.0,-1.11,False
2025-02-14,2025-03-14,UNH,15.34,2.9302,2.7,-4.68,-15.34,-2.9312,523.51,499.02,525.0,0.0,0.74,False
2025-02-14,2025-03-14,V,6.6,1.8654,10.7,-5.44,-6.6,-1.864,353.81,334.55,355.0,0.0,0.6,False
2025-02-14,2025-03-14,WFC,1.99,2.4881,3.8,-11.43,-1.99,-2.4881,79.98,70.84,80.0,0.0,0.01,False
2025-02-14,2025-03-14,WMT,3.33,3.2007,13.2,-15.94,-3.33,-3.2007,104.04,87.46,104.0,0.0,-0.02,False
2025-03-17,2025-04-11,ABBV,4.65,2.1681,11.2,-16.49,-4.65,-2.1705,214.47,179.1,215.0,0.0,0.26,False
2025-03-17,2025-04-11,CMCSA,1.49,4.1678,1.0,-4.48,-1.49,-4.1538,35.75,34.15,36.0,0.0,0.13,False
2025-03-17,2025-04-11,CVX,1.95,1.2286,2.2,-14.74,-1.95,-1.2286,158.72,135.32,157.5,0.0,-0.61,False
2025-03-17,2025-04-11,INTU,8.45,1.4034,2.5,-1.42,-8.45,-1.4026,602.11,593.55,600.0,0.0,-1.05,False
2025-03-17,2025-04-11,JNJ,2.09,1.2835,4.3,-5.21,-2.09,-1.2835,162.84,154.36,162.5,0.0,-0.17,False
2025-03-17,2025-04-11,KO,1.0,1.4261,1.8,3.32,1.45,2.0679,70.12,72.45,70.0,2.45,-0.06,False
2025-03-17,2025-04-11,MRK,2.55,2.6902,14.2,-16.48,-2.55,-2.6954,94.79,79.17,95.0,0.0,0.1,False
2025-03-17,2025-04-11,NKE,4.4,5.9701,0.9,-24.82,-4.4,-5.9702,73.7,55.41,74.0,0.0,0.15,False
2025-03-17,2025-04-11,PEP,2.07,1.3678,5.5,-3.03,-2.07,-1.3678,151.34,146.75,150.0,0.0,-0.67,False
2025-03-17,2025-04-11,PG,3.03,1.7849,4.2,-0.37,-3.03,-1.7849,169.76,169.13,170.0,0.0,0.12,False
2025-03-17,2025-04-11,XOM,2.56,2.2504,5.1,-9.12,-2.56,-2.2504,113.76,103.39,114.0,0.0,0.12,False
2025-04-14,2025-05-09,ABT,2.5,1.9537,0.3,3.15,1.49,1.1644,127.96,131.99,128.0,3.99,0.02,False
2025-04-14,2025-05-09,COST,30.88,3.1532,6.8,3.76,5.27,0.5381,979.32,1016.15,980.0,36.15,0.34,False
2025-04-14,2025-05-09,HD,10.65,2.9815,0.9,5.43,10.94,3.0627,357.2,376.59,355.0,21.59,-1.1,False
2025-04-14,2025-05-09,JPM,7.37,3.1399,0.3,10.79,17.68,7.5324,234.72,260.05,235.0,25.05,0.14,False
2025-04-14,2025-05-09,KO,1.19,1.6425,3.3,-4.03,-1.19,-1.6356,72.45,69.53,72.0,0.0,-0.22,False
2025-04-14,2025-05-09,TSLA,18.28,7.2439,6.0,26.17,50.1,19.8514,252.35,318.38,250.0,68.38,-1.18,False
2025-04-14,2025-05-09,UNH,21.0,3.5771,17.6,-35.48,-21.0,-3.5771,587.06,378.75,585.0,0.0,-1.03,False
2025-04-14,2025-05-09,V,10.34,3.0849,0.2,6.17,10.51,3.1356,335.18,355.85,335.0,20.85,-0.09,False
2025-04-14,2025-05-09,WMT,2.83,2.9874,8.3,2.13,-1.08,-1.1454,94.73,96.75,95.0,1.75,0.13,False
2025-05-09,2025-06-06,INTU,31.66,4.8419,10.2,18.0,79.92,12.2224,653.88,771.58,660.0,111.58,3.06,False
2025-05-12,2025-06-06,AAPL,4.86,2.3056,4.1,-3.26,-4.86,-2.3032,210.79,203.92,210.0,0.0,-0.39,False
2025-05-12,2025-06-06,ABBV,6.65,3.4987,6.1,-0.13,-6.65,-3.5013,190.07,189.83,190.0,0.0,-0.04,False
2025-05-12,2025-06-06,ABT,2.61,1.9774,3.1,1.2,-1.03,-0.7841,131.99,133.58,132.0,1.58,0.0,False
2025-05-12,2025-06-06,ADBE,9.18,2.3185,12.8,5.3,12.74,3.2177,395.94,416.92,395.0,21.92,-0.47,False
2025-05-12,2025-06-06,AMZN,6.98,3.3455,14.6,2.36,-3.41,-1.6344,208.64,213.57,210.0,3.57,0.68,False
2025-05-12,2025-06-06,AVGO,9.86,4.4499,24.2,11.44,17.07,7.7038,221.58,246.93,220.0,26.93,-0.79,False
2025-05-12,2025-06-06,BAC,0.7,1.6144,18.2,3.71,1.27,2.929,43.36,44.97,43.0,1.97,-0.18,False
2025-05-12,2025-06-06,BX,4.05,2.7181,14.2,-5.74,-4.05,-2.7181,149.0,140.45,148.0,0.0,-0.5,False
2025-05-12,2025-06-06,CMCSA,1.09,3.1394,1.7,-6.34,-1.09,-3.1394,34.72,32.52,35.0,0.0,0.14,False
2025-05-12,2025-06-06,COST,26.92,2.6492,3.8,-0.12,-26.92,-2.6497,1016.15,1014.94,1015.0,0.0,-0.58,False
2025-05-12,2025-06-06,CRM,15.84,5.4844,13.5,-4.95,-15.84,-5.4844,288.82,274.51,290.0,0.0,0.59,False
2025-05-12,2025-06-06,CVX,2.12,1.497,4.7,-1.0,-1.91,-1.3487,141.62,140.21,140.0,0.21,-0.81,False
2025-05-12,2025-06-06,DIS,2.06,1.8644,30.5,3.09,1.84,1.6698,110.49,113.9,110.0,3.9,-0.24,False
2025-05-12,2025-06-06,HD,11.51,3.0564,5.4,-2.46,-11.51,-3.055,376.59,367.33,375.0,0.0,-0.79,False
2025-05-12,2025-06-06,IBM,9.75,3.8433,6.1,5.98,4.12,1.6221,253.69,268.87,255.0,13.87,0.65,False
2025-05-12,2025-06-06,JPM,5.22,2.0073,10.8,2.18,0.51,0.198,260.05,265.73,260.0,5.73,-0.02,False
2025-05-12,2025-06-06,LLY,32.91,4.3557,0.2,1.89,-18.03,-2.3869,755.57,769.88,755.0,14.88,-0.29,False
2025-05-12,2025-06-06,MA,11.61,2.0077,12.8,2.05,-1.49,-0.2585,578.27,590.12,580.0,10.12,0.86,False
2025-05-12,2025-06-06,META,19.36,3.0277,20.3,9.11,38.35,5.9983,639.43,697.71,640.0,57.71,0.29,False
2025-05-12,2025-06-06,MRK,2.27,2.8223,1.6,-1.82,-2.27,-2.8285,80.43,78.97,80.0,0.0,-0.22,False
2025-05-12,2025-06-06,MSFT,9.92,2.2081,15.8,4.7,10.46,2.3283,449.26,470.38,450.0,20.38,0.37,False
2025-05-12,2025-06-06,NFLX,33.45,3.0135,19.2,-88.82,-33.45,-3.0135,1110.0,124.15,1110.0,0.0,0.0,False
2025-05-12,2025-06-06,NKE,2.71,4.3305,12.9,0.35,-2.71,-4.3305,62.58,62.8,63.0,0.0,0.21,False
2025-05-12,2025-06-06,NVDA,6.75,5.4878,11.1,15.22,11.97,9.7317,123.0,141.72,123.0,18.72,0.0,False
2025-05-12,2025-06-06,ORCL,4.85,3.0848,16.8,10.69,11.67,7.4227,157.22,174.02,157.5,16.52,0.14,False
2025-05-12,2025-06-06,QCOM,3.39,2.2285,9.3,-1.89,-3.39,-2.2285,152.12,149.24,150.0,0.0,-1.06,False
2025-05-12,2025-06-06,TSLA,20.79,6.5299,26.2,-7.3,-20.79,-6.5299,318.38,295.14,320.0,0.0,0.81,False
2025-05-12,2025-06-06,V,5.6,1.5737,6.2,4.04,9.62,2.702,355.85,370.22,355.0,15.22,-0.43,False
2025-05-12,2025-06-06,WFC,1.45,1.9364,18.7,1.94,-0.12,-0.1603,74.88,76.33,75.0,1.33,0.06,False
2025-05-12,2025-06-06,WMT,3.52,3.6382,2.1,0.74,-3.06,-3.1576,96.75,97.47,97.0,0.47,0.12,False
2025-05-12,2025-06-06,XOM,2.82,2.5834,5.6,-4.48,-2.82,-2.5834,109.16,104.27,109.0,0.0,-0.08,False
2025-07-07,2025-08-01,ABT,4.24,3.1713,1.3,-2.82,-4.24,-3.1713,133.7,129.93,134.0,0.0,0.15,False
2025-07-07,2025-08-01,AMZN,10.22,4.5733,7.1,-5.29,-10.22,-4.5756,223.47,211.65,225.0,0.0,0.76,False
2025-07-07,2025-08-01,AVGO,11.36,4.1433,23.7,8.59,11.36,4.1433,274.18,297.72,275.0,22.72,0.41,False
2025-07-07,2025-08-01,BAC,1.68,3.4525,12.2,-5.77,-1.68,-3.4525,48.66,45.85,49.0,0.0,0.17,False
2025-07-07,2025-08-01,BX,5.05,3.3009,2.7,11.45,12.95,8.4613,152.99,170.5,152.5,18.0,-0.25,False
2025-07-07,2025-08-01,CMCSA,0.75,2.1163,2.1,-8.13,-0.75,-2.1163,35.44,32.56,35.0,0.0,-0.22,False
2025-07-07,2025-08-01,CVX,3.95,2.6798,4.1,2.47,0.09,0.0611,147.4,151.04,147.0,4.04,-0.2,False
2025-07-07,2025-08-01,DIS,2.34,1.9,11.5,-3.09,-2.34,-1.9,123.16,119.35,123.0,0.0,-0.08,False
2025-07-07,2025-08-01,GOOG,9.47,5.3334,11.3,10.24,6.28,3.5368,177.56,195.75,180.0,15.75,1.22,False
2025-07-07,2025-08-01,GOOGL,5.34,3.0205,11.6,10.32,14.7,8.3178,176.79,195.04,175.0,20.04,-0.89,False
2025-07-07,2025-08-01,IBM,9.16,3.1319,15.3,-13.84,-9.16,-3.1337,292.47,251.98,290.0,0.0,-1.24,False
2025-07-07,2025-08-01,INTU,19.5,2.4885,19.8,-0.95,-19.5,-2.4878,783.61,776.15,785.0,0.0,0.7,False
2025-07-07,2025-08-01,JNJ,2.76,1.7775,0.7,10.16,13.27,8.5496,155.27,171.04,155.0,16.04,-0.14,False
2025-07-07,2025-08-01,JPM,6.11,2.0927,12.3,0.78,-1.85,-0.6353,291.97,294.26,290.0,4.26,-0.99,False
2025-07-07,2025-08-01,KO,1.49,2.0983,2.1,-2.89,-1.49,-2.1053,71.01,68.96,71.0,0.0,-0.01,False
2025-07-07,2025-08-01,LLY,29.0,3.7522,2.3,-0.5,-29.0,-3.7516,772.87,769.0,775.0,0.0,1.07,False
2025-07-07,2025-08-01,META,30.23,4.2083,12.3,8.08,26.14,3.6396,718.35,776.37,720.0,56.37,0.83,False
2025-07-07,2025-08-01,MRK,2.85,3.5229,0.6,-1.29,-2.85,-3.5229,80.9,79.86,81.0,0.0,0.05,False
2025-07-07,2025-08-01,MSFT,15.89,3.1926,10.8,7.62,19.75,3.9681,497.72,535.64,500.0,35.64,1.14,False
2025-07-07,2025-08-01,NFLX,60.31,4.6766,16.2,-9.2,-60.31,-4.6766,1289.62,1170.99,1290.0,0.0,0.19,False
2025-07-07,2025-08-01,NKE,2.84,3.711,22.3,-2.23,-2.84,-3.7044,76.53,74.82,77.0,0.0,0.24,False
2025-07-07,2025-08-01,NOW,48.4,4.6763,29.4,-10.82,-48.4,-4.6758,1035.01,923.0,1035.0,0.0,-0.0,False
2025-07-07,2025-08-01,NVDA,4.99,3.1534,28.7,13.75,17.51,11.0655,158.24,180.0,157.5,22.5,-0.37,False
2025-07-07,2025-08-01,ORCL,8.47,3.6468,47.7,8.73,11.56,4.9772,232.26,252.53,232.5,20.03,0.12,False
2025-07-07,2025-08-01,PEP,3.25,2.4173,2.1,3.8,2.31,1.7218,134.45,139.56,134.0,5.56,-0.22,False
2025-07-07,2025-08-01,QCOM,8.54,5.402,3.9,-6.69,-8.54,-5.3988,158.09,147.51,160.0,0.0,0.96,False
2025-07-07,2025-08-01,V,7.85,2.2011,0.2,-4.06,-7.85,-2.2011,356.64,342.15,355.0,0.0,-0.82,False
2025-07-07,2025-08-01,WFC,2.44,2.9633,10.0,-5.78,-2.44,-2.9633,82.34,77.58,82.0,0.0,-0.17,False
2025-07-07,2025-08-01,WMT,1.75,1.7614,2.7,0.24,-1.16,-1.1626,99.35,99.59,99.0,0.59,-0.17,False
2025-07-07,2025-08-01,XOM,2.88,2.592,1.8,-3.37,-2.88,-2.5965,111.11,107.37,111.0,0.0,-0.06,False
2025-08-04,2025-08-29,ABBV,2.54,1.2881,3.7,6.7,12.85,6.5191,197.19,210.4,195.0,15.4,-1.1,False
2025-08-04,2025-08-29,AVGO,14.59,4.9006,8.6,-0.11,-14.59,-4.9006,297.72,297.39,300.0,0.0,1.14,False
2025-08-04,2025-08-29,BX,4.4,2.5806,11.4,0.53,-3.0,-1.7595,170.5,171.4,170.0,1.4,-0.25,False
2025-08-04,2025-08-29,CVX,2.98,1.973,2.5,6.33,7.62,5.045,151.04,160.6,150.0,10.6,-0.52,False
2025-08-04,2025-08-29,GOOG,5.33,2.7229,10.2,9.08,13.2,6.7458,195.75,213.53,195.0,18.53,-0.38,False
2025-08-04,2025-08-29,GOOGL,6.13,3.1429,10.3,9.16,11.78,6.0398,195.04,212.91,195.0,17.91,-0.02,False
2025-08-04,2025-08-29,HD,9.02,2.3686,3.6,6.81,17.75,4.661,380.82,406.77,380.0,26.77,-0.41,False
2025-08-04,2025-08-29,JNJ,2.18,1.2746,10.2,3.58,4.99,2.9174,171.04,177.17,170.0,7.17,-0.52,False
2025-08-04,2025-08-29,JPM,7.42,2.5216,0.8,2.43,-1.0,-0.3398,294.26,301.42,295.0,6.42,0.37,False
2025-08-04,2025-08-29,MA,12.5,2.1937,0.8,4.47,12.79,2.2455,569.81,595.29,570.0,25.29,0.1,False
2025-08-04,2025-08-29,META,19.9,2.5632,8.1,-4.85,-19.9,-2.5626,776.37,738.7,775.0,0.0,-0.68,False
2025-08-04,2025-08-29,MSFT,9.28,1.7325,7.6,-5.4,-9.28,-1.7325,535.64,506.69,535.0,0.0,-0.32,False
2025-08-04,2025-08-29,NVDA,8.6,4.7778,13.8,-3.23,-8.6,-4.7778,180.0,174.18,180.0,0.0,0.0,False
2025-08-04,2025-08-29,ORCL,11.77,4.6608,8.7,-10.45,-11.77,-4.6589,252.53,226.13,255.0,0.0,1.24,False
2025-08-04,2025-08-29,PEP,3.04,2.1783,3.8,6.51,5.61,4.0198,139.56,148.65,140.0,8.65,0.22,False
2025-08-04,2025-08-29,TMO,1.32,0.2829,11.4,5.6,26.4,5.6572,466.57,492.72,465.0,27.72,-0.79,False
2025-08-04,2025-08-29,TSLA,15.37,4.9699,5.2,7.96,8.5,2.7485,309.26,333.87,310.0,23.87,0.37,False
2025-08-04,2025-08-29,WMT,3.23,3.2433,0.2,-2.62,-3.23,-3.2383,99.59,96.98,100.0,0.0,0.21,False
2025-08-29,2025-09-26,AAPL,3.59,1.5465,14.2,9.6,20.84,8.9773,232.14,254.43,230.0,24.43,-1.07,False
2025-08-29,2025-09-26,ABBV,4.05,1.9249,6.7,6.06,9.11,4.3298,210.4,223.16,210.0,13.16,-0.2,False
2025-08-29,2025-09-26,ABT,2.96,2.2313,2.1,0.34,-2.85,-2.1483,132.66,133.11,133.0,0.11,0.17,False
2025-08-29,2025-09-26,ADBE,17.8,4.9902,5.3,0.76,-13.38,-3.751,356.7,359.42,355.0,4.42,-0.85,False
2025-08-29,2025-09-26,AMZN,6.5,2.8384,8.2,-2.98,-6.5,-2.8384,229.0,222.17,230.0,0.0,0.5,False
2025-08-29,2025-09-26,BAC,1.48,2.9168,10.7,3.31,-0.06,-0.1183,50.74,52.42,51.0,1.42,0.13,False
2025-08-29,2025-09-26,BX,6.99,4.0782,0.5,2.77,-3.35,-1.9545,171.4,176.14,172.5,3.64,0.55,False
2025-08-29,2025-09-26,CMCSA,0.92,2.7083,4.3,-7.3,-0.92,-2.6936,33.97,31.49,34.0,0.0,0.02,False
2025-08-29,2025-09-26,CRM,10.99,4.2888,1.6,-4.35,-10.99,-4.2907,256.25,245.1,255.0,0.0,-0.62,False
2025-08-29,2025-09-26,CVX,2.57,1.6002,6.3,-2.8,-2.57,-1.6002,160.6,156.1,160.0,0.0,-0.3,False
2025-08-29,2025-09-26,GOOG,8.55,4.0041,9.1,14.44,20.82,9.748,213.53,244.36,215.0,29.36,0.74,False
2025-08-29,2025-09-26,GOOGL,9.34,4.3868,9.2,14.63,19.71,9.2551,212.91,244.05,215.0,29.05,1.04,False
2025-08-29,2025-09-26,HD,7.11,1.7479,6.8,0.01,-5.31,-1.3042,406.77,406.8,405.0,1.8,-0.88,False
2025-08-29,2025-09-26,JNJ,0.54,0.3048,3.6,2.51,6.08,3.4346,177.17,181.62,175.0,6.62,-1.08,False
2025-08-29,2025-09-26,JPM,5.24,1.7384,2.4,4.73,10.45,3.4669,301.42,315.69,300.0,15.69,-0.71,False
2025-08-29,2025-09-26,KO,1.38,2.0003,0.0,-4.28,-1.38,-1.993,68.99,66.04,69.0,0.0,0.01,False
2025-08-29,2025-09-26,MA,10.06,1.6899,4.5,-4.56,-10.06,-1.6891,595.29,568.14,595.0,0.0,-0.14,False
2025-08-29,2025-09-26,MRK,2.32,2.758,5.3,-6.59,-2.32,-2.758,84.12,78.58,84.0,0.0,-0.06,False
2025-08-29,2025-09-26,NFLX,33.25,2.7519,3.2,-0.15,-33.25,-2.7515,1208.25,1206.41,1210.0,0.0,0.88,False
2025-08-29,2025-09-26,NKE,2.05,2.6496,3.4,-10.11,-2.05,-2.6561,77.37,69.55,77.0,0.0,-0.19,False
2025-08-29,2025-09-26,PEP,4.1,2.7582,6.5,-5.7,-4.1,-2.7548,148.65,140.17,149.0,0.0,0.18,False
2025-08-29,2025-09-26,PG,0.85,0.5413,4.2,-2.24,-0.85,-0.5413,157.04,153.53,155.0,0.0,-1.02,False
2025-08-29,2025-09-26,QCOM,3.84,2.3891,9.0,2.84,1.47,0.9115,160.73,165.3,160.0,5.3,-0.36,False
2025-08-29,2025-09-26,TSLA,16.12,4.8282,8.0,32.75,92.09,27.5841,333.87,443.21,335.0,108.21,0.57,False
2025-08-29,2025-09-26,UNH,11.8,3.808,28.6,11.4,23.38,7.5467,309.87,345.18,310.0,35.18,0.07,False
2025-08-29,2025-09-26,V,4.91,1.3958,2.8,-3.3,-4.91,-1.3958,351.78,340.16,350.0,0.0,-0.89,False
2025-08-29,2025-09-26,WFC,1.94,2.3607,5.9,3.01,0.71,0.864,82.18,84.65,82.0,2.65,-0.09,False
2025-08-29,2025-09-26,XOM,1.88,1.6449,6.4,-0.06,-1.66,-1.4568,114.29,114.22,114.0,0.22,-0.15,False
2025-09-29,2025-10-24,AAPL,6.23,2.4486,9.6,5.65,7.58,2.9812,254.43,268.81,255.0,13.81,0.29,False
2025-09-29,2025-10-24,ABBV,7.25,3.2488,6.1,2.18,-4.22,-1.891,223.16,228.03,225.0,3.03,0.92,False
2025-09-29,2025-10-24,ABT,3.78,2.8398,0.3,-4.45,-3.78,-2.8435,133.11,127.18,133.0,0.0,-0.06,False
2025-09-29,2025-10-24,ADBE,11.29,3.1412,0.8,-0.45,-11.29,-3.1412,359.42,357.8,360.0,0.0,0.29,False
2025-09-29,2025-10-24,AVGO,15.7,4.788,10.3,10.41,16.35,4.9863,327.9,362.05,330.0,32.05,1.05,False
2025-09-29,2025-10-24,BAC,0.99,1.8886,3.3,1.14,0.03,0.0572,52.42,53.02,52.0,1.02,-0.21,False
2025-09-29,2025-10-24,BX,5.03,2.8557,2.8,-12.65,-5.03,-2.8557,176.14,153.85,175.0,0.0,-0.57,False
2025-09-29,2025-10-24,GOOG,8.77,3.589,14.4,10.46,16.16,6.6132,244.36,269.93,245.0,24.93,0.32,False
2025-09-29,2025-10-24,GOOGL,9.06,3.7124,14.6,10.33,15.2,6.2303,244.05,269.27,245.0,24.27,0.47,False
2025-09-29,2025-10-24,HD,6.37,1.5659,0.0,-5.29,-6.37,-1.5659,406.8,385.27,405.0,0.0,-0.9,False
2025-09-29,2025-10-24,IBM,10.83,3.8706,14.9,11.9,22.26,7.9557,279.8,313.09,280.0,33.09,0.1,False
2025-09-29,2025-10-24,JNJ,1.84,1.0131,2.5,4.78,8.46,4.6581,181.62,190.3,180.0,10.3,-0.81,False
2025-09-29,2025-10-24,JPM,9.02,2.8572,4.7,-3.66,-9.02,-2.8588,315.69,304.15,315.0,0.0,-0.35,False
2025-09-29,2025-10-24,META,23.43,3.1517,0.6,1.0,-17.61,-2.3688,743.4,750.82,745.0,5.82,0.8,False
2025-09-29,2025-10-24,MSFT,10.56,2.0521,1.6,3.29,5.96,1.1582,514.6,531.52,515.0,16.52,0.2,False
2025-09-29,2025-10-24,NOW,40.2,4.2727,2.5,0.58,-33.91,-3.6037,940.85,946.29,940.0,6.29,-0.42,False
2025-09-29,2025-10-24,NVDA,4.52,2.4856,4.4,5.3,6.97,3.8301,181.85,191.49,180.0,11.49,-0.93,False
2025-09-29,2025-10-24,ORCL,17.92,6.3375,25.0,-0.48,-17.92,-6.3375,282.76,281.4,285.0,0.0,1.12,False
2025-09-29,2025-10-24,QCOM,4.39,2.6558,2.8,13.54,18.29,11.0647,165.3,187.68,165.0,22.68,-0.15,False
2025-09-29,2025-10-24,TSLA,30.37,6.8523,32.7,2.08,-22.94,-5.177,443.21,452.42,445.0,7.42,0.9,False
2025-09-29,2025-10-24,UNH,12.92,3.743,11.4,6.03,8.06,2.335,345.18,365.98,345.0,20.98,-0.09,False
2025-09-29,2025-10-24,WFC,3.15,3.7212,3.0,2.79,-1.14,-1.3526,84.65,87.01,85.0,2.01,0.17,False
2025-09-29,2025-10-24,WMT,2.19,2.1246,6.3,1.35,-0.72,-0.6985,103.08,104.47,103.0,1.47,-0.04,False
2025-10-27,2025-11-21,AAPL,8.7,3.2365,5.7,2.64,-2.77,-1.0323,268.81,275.92,270.0,5.92,0.6,False
2025-10-27,2025-11-21,ABBV,5.49,2.4076,2.2,0.65,-3.48,-1.5239,228.03,229.51,227.5,2.01,-0.26,False
2025-10-27,2025-11-21,AMZN,9.89,4.3574,2.2,-0.3,-9.89,-4.3596,226.97,226.28,227.5,0.0,0.26,False
2025-10-27,2025-11-21,AVGO,17.63,4.8695,10.4,4.39,-2.17,-0.598,362.05,377.96,362.5,15.46,0.23,False
2025-10-27,2025-11-21,BAC,1.38,2.6028,1.1,-2.06,-1.38,-2.6028,53.02,51.93,53.0,0.0,-0.01,False
2025-10-27,2025-11-21,COST,19.78,2.1272,1.4,-4.7,-19.78,-2.1267,929.85,886.12,930.0,0.0,0.08,False
2025-10-27,2025-11-21,CRM,7.79,3.0493,4.2,-11.21,-7.79,-3.0512,255.47,226.82,255.0,0.0,-0.24,False
2025-10-27,2025-11-21,GOOG,11.42,4.2307,10.5,17.98,37.05,13.7276,269.93,318.47,270.0,48.47,0.04,False
2025-10-27,2025-11-21,GOOGL,12.37,4.5939,10.3,18.31,36.21,13.4493,269.27,318.58,270.0,48.58,0.37,False
2025-10-27,2025-11-21,IBM,14.14,4.5163,11.9,-2.86,-14.14,-4.5147,313.09,304.12,315.0,0.0,0.96,False
2025-10-27,2025-11-21,INTU,27.5,4.0241,2.5,-4.41,-27.5,-4.0248,683.39,653.23,685.0,0.0,0.8,False
2025-10-27,2025-11-21,JNJ,2.65,1.3925,4.8,8.28,13.4,7.0415,190.3,206.05,190.0,16.05,-0.15,False
2025-10-27,2025-11-21,KO,0.9,1.2846,6.1,3.61,1.69,2.4122,70.06,72.59,70.0,2.59,-0.03,False
2025-10-27,2025-11-21,LLY,36.05,4.3622,13.8,29.5,209.12,25.304,826.41,1070.16,825.0,245.16,-0.7,False
2025-10-27,2025-11-21,MA,14.73,2.5736,0.7,-6.03,-14.73,-2.5736,572.36,537.85,572.5,0.0,0.07,False
2025-10-27,2025-11-21,META,29.59,3.941,1.0,-18.35,-29.59,-3.941,750.82,613.05,750.0,0.0,-0.41,False
2025-10-27,2025-11-21,MRK,2.81,3.1932,12.0,14.09,9.59,10.8977,88.0,100.4,88.0,12.4,0.0,False
2025-10-27,2025-11-21,MSFT,17.09,3.2153,3.3,-10.82,-17.09,-3.2153,531.52,474.0,532.5,0.0,0.49,False
2025-10-27,2025-11-21,NOW,46.86,4.952,0.6,-82.81,-46.86,-4.9514,946.29,162.69,945.0,0.0,-0.64,False
2025-10-27,2025-11-21,NVDA,10.8,5.64,5.3,-4.67,-10.8,-5.6426,191.49,182.55,192.5,0.0,0.5,False
2025-10-27,2025-11-21,PEP,2.66,1.7428,8.9,-4.67,-2.66,-1.7461,152.63,145.5,152.5,0.0,-0.07,False
2025-10-27,2025-11-21,QCOM,9.33,4.9712,13.5,-12.05,-9.33,-4.9712,187.68,165.06,187.5,0.0,-0.09,False
2025-10-27,2025-11-21,TMO,14.41,2.556,22.0,4.2,8.07,1.4314,563.78,587.48,565.0,22.48,0.61,False
2025-10-27,2025-11-21,TSLA,24.89,5.5015,2.1,-7.66,-24.89,-5.5015,452.42,417.78,452.5,0.0,0.04,False
2025-10-27,2025-11-21,UNH,13.86,3.7871,6.0,-12.82,-13.86,-3.7871,365.98,319.05,365.0,0.0,-0.49,False
2025-10-27,2025-11-21,V,8.99,2.5847,2.3,-5.32,-8.99,-2.5847,347.82,329.3,347.5,0.0,-0.16,False
2025-10-27,2025-11-21,WFC,2.67,3.0686,2.8,-2.7,-2.67,-3.0744,87.01,84.66,87.0,0.0,-0.01,False
2025-10-27,2025-11-21,WMT,2.67,2.5558,1.3,-0.39,-2.62,-2.5031,104.47,104.06,104.0,0.06,-0.24,False
2025-10-27,2025-11-21,XOM,3.25,2.8032,1.5,0.03,-3.25,-2.8032,115.94,115.97,116.0,0.0,0.03,False
2025-11-24,2025-12-19,AAPL,5.38,1.9498,2.6,-1.79,-5.38,-1.9498,275.92,270.97,275.0,0.0,-0.46,False
2025-11-24,2025-12-19,ABBV,6.1,2.6578,0.6,-0.7,-6.1,-2.6557,229.51,227.91,230.0,0.0,0.25,False
2025-11-24,2025-12-19,ABT,2.36,1.8555,0.0,-1.56,-2.36,-1.8594,127.19,125.2,127.0,0.0,-0.1,False
2025-11-24,2025-12-19,AVGO,25.82,6.8314,4.4,-9.66,-25.82,-6.8314,377.96,341.45,380.0,0.0,1.02,False
2025-11-24,2025-12-19,GOOG,10.96,3.4415,18.0,-2.24,-10.96,-3.443,318.47,311.33,317.5,0.0,-0.49,False
2025-11-24,2025-12-19,GOOGL,10.86,3.4089,18.3,-2.76,-10.86,-3.4089,318.58,309.78,317.5,0.0,-0.54,False
2025-11-24,2025-12-19,JNJ,3.47,1.6841,8.3,0.62,-1.15,-0.5605,206.05,207.32,205.0,2.32,-0.53,False
2025-11-24,2025-12-19,KO,1.17,1.6118,3.6,-3.28,-1.17,-1.6049,72.59,70.21,72.5,0.0,-0.04,False
2025-11-24,2025-12-19,LLY,34.62,3.235,29.5,0.59,-28.14,-2.6295,1070.16,1076.48,1070.0,6.48,-0.08,False
2025-11-24,2025-12-19,MRK,2.48,2.4701,14.1,4.3,2.24,2.2311,100.4,104.72,100.0,4.72,-0.2,False
2025-11-24,2025-12-19,XOM,2.41,2.0781,0.0,1.88,-0.26,-0.2285,115.97,118.15,116.0,2.15,0.01,False
2025-12-22,2026-01-16,ADBE,8.15,2.2795,12.2,-17.18,-8.15,-2.2781,357.53,296.12,357.5,0.0,-0.01,False
2025-12-22,2026-01-16,AMZN,4.71,2.0619,1.0,4.68,6.91,3.0272,228.43,239.12,227.5,11.62,-0.46,False
2025-12-22,2026-01-16,BAC,1.5,2.6843,7.6,-5.21,-1.5,-2.6843,55.88,52.97,56.0,0.0,0.06,False
2025-12-22,2026-01-16,BX,3.58,2.2974,10.2,1.15,-0.97,-0.6193,155.83,157.62,155.0,2.62,-0.42,False
2025-12-22,2026-01-16,CMCSA,1.23,4.2037,10.6,-4.92,-1.23,-4.2037,29.26,27.82,29.5,0.0,0.12,False
2025-12-22,2026-01-16,CRM,7.57,2.8606,16.7,-14.18,-7.57,-2.8625,264.63,227.11,265.0,0.0,0.18,False
2025-12-22,2026-01-16,CVX,2.79,1.8625,0.0,10.99,13.47,8.992,149.8,166.26,150.0,16.26,0.1,False
2025-12-22,2026-01-16,DIS,1.86,1.6551,10.2,-1.05,-1.86,-1.6551,112.38,111.2,112.0,0.0,-0.19,False
2025-12-22,2026-01-16,HD,7.9,2.2807,2.9,9.75,24.77,7.1495,346.39,380.17,347.5,32.67,0.55,False
2025-12-22,2026-01-16,INTU,16.49,2.4422,3.4,-19.24,-16.49,-2.4429,675.21,545.29,675.0,0.0,-0.11,False
2025-12-22,2026-01-16,JNJ,3.77,1.8184,0.6,5.47,7.39,3.5645,207.32,218.66,207.5,11.16,0.09,False
2025-12-22,2026-01-16,JPM,8.26,2.5566,8.4,-3.29,-8.26,-2.555,323.09,312.47,322.5,0.0,-0.29,False
2025-12-22,2026-01-16,LLY,32.54,3.0228,0.6,-3.54,-32.54,-3.0228,1076.48,1038.4,1075.0,0.0,-0.74,False
2025-12-22,2026-01-16,MA,8.14,1.4139,7.0,-6.29,-8.14,-1.4139,575.7,539.49,575.0,0.0,-0.35,False
2025-12-22,2026-01-16,META,17.2,2.6002,7.9,-6.24,-17.2,-2.6002,661.5,620.25,662.5,0.0,0.5,False
2025-12-22,2026-01-16,MRK,2.82,2.6929,4.3,3.92,1.01,0.9645,104.72,108.83,105.0,3.83,0.14,False
2025-12-22,2026-01-16,MSFT,9.29,1.9158,2.3,-5.17,-9.29,-1.9158,484.92,459.86,485.0,0.0,0.04,False
2025-12-22,2026-01-16,NVDA,6.35,3.4569,0.6,1.38,-4.13,-2.2456,183.69,186.23,184.0,2.23,0.15,False
2025-12-22,2026-01-16,PEP,2.55,1.7341,1.1,-0.5,-2.55,-1.7375,147.05,146.32,147.0,0.0,-0.03,False
2025-12-22,2026-01-16,QCOM,5.39,3.0938,5.5,-8.5,-5.39,-3.0938,174.22,159.42,175.0,0.0,0.39,False
2025-12-22,2026-01-16,TMO,13.25,2.3015,2.1,7.47,30.47,5.2927,575.7,618.72,575.0,43.72,-0.35,False
2025-12-22,2026-01-16,TSLA,21.23,4.3439,17.0,-10.48,-21.23,-4.3449,488.73,437.5,487.5,0.0,-0.62,False
2025-12-22,2026-01-16,UNH,10.12,3.1123,1.9,1.8,-4.1,-1.2609,325.16,331.02,325.0,6.02,-0.08,False
2025-12-22,2026-01-16,V,5.41,1.5365,6.9,-6.76,-5.41,-1.5351,352.09,328.3,352.5,0.0,0.21,False
2025-12-22,2026-01-16,WFC,2.27,2.4077,11.4,-6.26,-2.27,-2.4077,94.28,88.38,94.0,0.0,-0.14,False
2025-12-22,2026-01-16,WMT,2.55,2.2647,8.2,6.31,4.15,3.6856,112.6,119.7,113.0,6.7,0.2,False
2025-12-22,2026-01-16,XOM,1.93,1.6335,1.9,9.94,9.96,8.4257,118.15,129.89,118.0,11.89,-0.08,False
2026-01-09,2026-02-13,BX,15.99,10.1447,1.1,-17.61,-15.99,-10.1447,157.62,129.86,165.0,0.0,3.69,False
2026-01-12,2026-02-13,COST,55.21,5.8542,11.0,8.0,-1.73,-0.1834,943.08,1018.48,965.0,53.48,10.96,False
2026-01-16,2026-02-13,AMZN,11.19,4.6797,4.7,-16.87,-11.19,-4.6797,239.12,198.79,240.0,0.0,0.44,False
2026-01-16,2026-02-13,AVGO,14.05,3.9948,3.0,-7.55,-14.05,-3.9933,351.71,325.17,350.0,0.0,-0.85,False
2026-01-16,2026-02-13,CVX,2.62,1.5758,11.0,10.51,16.12,9.6957,166.26,183.74,165.0,18.74,-0.63,False
2026-01-16,2026-02-13,GOOG,12.68,3.8385,6.1,-7.36,-12.68,-3.8385,330.34,306.02,330.0,0.0,-0.17,False
2026-01-16,2026-02-13,GOOGL,12.91,3.9121,6.5,-7.36,-12.91,-3.9121,330.0,305.72,330.0,0.0,0.0,False
2026-01-16,2026-02-13,HD,8.7,2.2884,9.8,2.86,2.34,0.6168,380.17,391.05,380.0,11.05,-0.09,False
2026-01-16,2026-02-13,IBM,13.71,4.4852,1.0,-14.16,-13.71,-4.4869,305.67,262.38,305.0,0.0,-0.34,False
2026-01-16,2026-02-13,JNJ,6.37,2.9132,5.5,11.34,17.08,7.8112,218.66,243.45,220.0,23.45,0.67,False
2026-01-16,2026-02-13,KO,0.89,1.2635,0.3,11.7,7.79,11.0591,70.44,78.68,70.0,8.68,-0.22,False
2026-01-16,2026-02-13,MRK,2.91,2.6739,3.9,11.56,9.5,8.7246,108.83,121.41,109.0,12.41,0.08,False
2026-01-16,2026-02-13,NKE,1.71,2.6561,12.5,-1.94,-1.71,-2.6561,64.38,63.13,64.0,0.0,-0.19,False
2026-01-16,2026-02-13,NVDA,5.99,3.2165,1.4,-1.84,-5.99,-3.2138,186.23,182.81,185.0,0.0,-0.61,False
2026-01-16,2026-02-13,PG,4.58,3.1689,1.3,10.75,10.5,7.2615,144.53,160.07,145.0,15.07,0.24,False
2026-01-16,2026-02-13,TMO,16.64,2.6894,7.5,-18.41,-16.64,-2.6894,618.72,504.82,620.0,0.0,0.64,False
2026-01-16,2026-02-13,UNH,13.48,4.0723,1.8,-11.43,-13.48,-4.0723,331.02,293.19,330.0,0.0,-0.51,False
2026-01-16,2026-02-13,WMT,4.1,3.4252,6.3,11.85,9.79,8.1788,119.7,133.89,120.0,13.89,0.15,False
2026-01-16,2026-02-13,XOM,3.63,2.7947,9.9,14.29,14.82,11.4135,129.89,148.45,130.0,18.45,0.06,False
2026-02-13,2026-03-13,AAPL,6.76,2.6429,0.1,-2.21,-6.76,-2.6429,255.78,250.12,255.0,0.0,-0.39,False
2026-02-13,2026-03-13,ABBV,4.1,1.7711,8.0,-5.11,-4.1,-1.7711,231.5,219.68,230.0,0.0,-0.75,False
2026-02-13,2026-03-13,CMCSA,1.37,4.3396,13.5,-4.47,-1.37,-4.3237,31.57,30.16,32.0,0.0,0.22,False
2026-02-13,2026-03-13,COST,29.94,2.9397,8.0,-0.99,-29.94,-2.9397,1018.48,1008.43,1020.0,0.0,0.76,False
2026-02-13,2026-03-13,CVX,6.77,3.6846,10.5,7.12,5.05,2.7485,183.74,196.82,185.0,11.82,0.63,False
2026-02-13,2026-03-13,HD,11.83,3.0252,2.9,-13.3,-11.83,-3.0239,391.05,339.03,390.0,0.0,-0.52,False
2026-02-13,2026-03-13,JNJ,7.9,3.245,11.3,-0.79,-7.9,-3.243,243.45,241.52,245.0,0.0,0.78,False
2026-02-13,2026-03-13,KO,2.01,2.5547,11.7,-1.7,-2.01,-2.5547,78.68,77.34,79.0,0.0,0.16,False
2026-02-13,2026-03-13,LLY,40.35,3.8798,0.2,-5.28,-40.35,-3.8798,1040.0,985.08,1040.0,0.0,0.0,False
2026-02-13,2026-03-13,META,22.74,3.5544,3.1,-4.07,-22.74,-3.5552,639.77,613.71,640.0,0.0,0.11,False
2026-02-13,2026-03-13,MRK,3.15,2.5945,11.6,-4.78,-3.15,-2.5986,121.41,115.61,121.0,0.0,-0.21,False
2026-02-13,2026-03-13,PEP,6.2,3.7363,13.4,-3.65,-6.2,-3.7363,165.94,159.88,165.0,0.0,-0.47,False
2026-02-13,2026-03-13,PG,3.11,1.9429,10.8,-5.88,-3.11,-1.946,160.07,150.65,160.0,0.0,-0.04,False
2026-02-13,2026-03-13,WMT,5.06,3.7792,11.9,-5.5,-5.06,-3.7755,133.89,126.52,134.0,0.0,0.06,False
2026-02-13,2026-03-13,XOM,3.83,2.58,14.3,5.17,4.29,2.8932,148.45,156.12,148.0,8.12,-0.22,False
